[
  {
    "name": "Process Start",
    "start": 1604920746950,
    "end": 1604920747671,
    "duration": 721,
    "pid": 20492,
    "index": 0
  },
  {
    "name": "Application Start",
    "start": 1604920747672,
    "end": 1604920748548,
    "duration": 876,
    "pid": 20492,
    "index": 1
  },
  {
    "name": "Load Plugin",
    "start": 1604920747677,
    "end": 1604920747691,
    "duration": 14,
    "pid": 20492,
    "index": 2
  },
  {
    "name": "Load Config",
    "start": 1604920747691,
    "end": 1604920747713,
    "duration": 22,
    "pid": 20492,
    "index": 3
  },
  {
    "name": "Require(0) config/config.default.js",
    "start": 1604920747692,
    "end": 1604920747692,
    "duration": 0,
    "pid": 20492,
    "index": 4
  },
  {
    "name": "Require(1) node_modules/egg-session/config/config.default.js",
    "start": 1604920747694,
    "end": 1604920747694,
    "duration": 0,
    "pid": 20492,
    "index": 5
  },
  {
    "name": "Require(2) node_modules/egg-security/config/config.default.js",
    "start": 1604920747694,
    "end": 1604920747695,
    "duration": 1,
    "pid": 20492,
    "index": 6
  },
  {
    "name": "Require(3) node_modules/egg-jsonp/config/config.default.js",
    "start": 1604920747695,
    "end": 1604920747696,
    "duration": 1,
    "pid": 20492,
    "index": 7
  },
  {
    "name": "Require(4) node_modules/egg-onerror/config/config.default.js",
    "start": 1604920747696,
    "end": 1604920747696,
    "duration": 0,
    "pid": 20492,
    "index": 8
  },
  {
    "name": "Require(5) node_modules/egg-i18n/config/config.default.js",
    "start": 1604920747697,
    "end": 1604920747697,
    "duration": 0,
    "pid": 20492,
    "index": 9
  },
  {
    "name": "Require(6) node_modules/egg-watcher/config/config.default.js",
    "start": 1604920747697,
    "end": 1604920747698,
    "duration": 1,
    "pid": 20492,
    "index": 10
  },
  {
    "name": "Require(7) node_modules/egg-schedule/config/config.default.js",
    "start": 1604920747698,
    "end": 1604920747698,
    "duration": 0,
    "pid": 20492,
    "index": 11
  },
  {
    "name": "Require(8) node_modules/egg-multipart/config/config.default.js",
    "start": 1604920747698,
    "end": 1604920747699,
    "duration": 1,
    "pid": 20492,
    "index": 12
  },
  {
    "name": "Require(9) node_modules/egg-development/config/config.default.js",
    "start": 1604920747699,
    "end": 1604920747699,
    "duration": 0,
    "pid": 20492,
    "index": 13
  },
  {
    "name": "Require(10) node_modules/egg-logrotator/config/config.default.js",
    "start": 1604920747700,
    "end": 1604920747700,
    "duration": 0,
    "pid": 20492,
    "index": 14
  },
  {
    "name": "Require(11) node_modules/egg-static/config/config.default.js",
    "start": 1604920747700,
    "end": 1604920747701,
    "duration": 1,
    "pid": 20492,
    "index": 15
  },
  {
    "name": "Require(12) node_modules/egg-view/config/config.default.js",
    "start": 1604920747701,
    "end": 1604920747701,
    "duration": 0,
    "pid": 20492,
    "index": 16
  },
  {
    "name": "Require(13) node_modules/egg-cors/config/config.default.js",
    "start": 1604920747701,
    "end": 1604920747702,
    "duration": 1,
    "pid": 20492,
    "index": 17
  },
  {
    "name": "Require(14) node_modules/egg-sequelize/config/config.default.js",
    "start": 1604920747702,
    "end": 1604920747702,
    "duration": 0,
    "pid": 20492,
    "index": 18
  },
  {
    "name": "Require(15) node_modules/egg-valparams/config/config.default.js",
    "start": 1604920747703,
    "end": 1604920747703,
    "duration": 0,
    "pid": 20492,
    "index": 19
  },
  {
    "name": "Require(16) node_modules/egg-jwt/config/config.default.js",
    "start": 1604920747703,
    "end": 1604920747703,
    "duration": 0,
    "pid": 20492,
    "index": 20
  },
  {
    "name": "Require(17) node_modules/egg-redis/config/config.default.js",
    "start": 1604920747704,
    "end": 1604920747704,
    "duration": 0,
    "pid": 20492,
    "index": 21
  },
  {
    "name": "Require(18) node_modules/egg-socket.io/config/config.default.js",
    "start": 1604920747704,
    "end": 1604920747704,
    "duration": 0,
    "pid": 20492,
    "index": 22
  },
  {
    "name": "Require(19) node_modules/egg-view-nunjucks/config/config.default.js",
    "start": 1604920747705,
    "end": 1604920747705,
    "duration": 0,
    "pid": 20492,
    "index": 23
  },
  {
    "name": "Require(20) node_modules/egg-tenpay/config/config.default.js",
    "start": 1604920747705,
    "end": 1604920747705,
    "duration": 0,
    "pid": 20492,
    "index": 24
  },
  {
    "name": "Require(21) node_modules/egg/config/config.default.js",
    "start": 1604920747706,
    "end": 1604920747706,
    "duration": 0,
    "pid": 20492,
    "index": 25
  },
  {
    "name": "Require(22) config/config.default.js",
    "start": 1604920747707,
    "end": 1604920747707,
    "duration": 0,
    "pid": 20492,
    "index": 26
  },
  {
    "name": "Require(23) node_modules/egg-security/config/config.local.js",
    "start": 1604920747708,
    "end": 1604920747708,
    "duration": 0,
    "pid": 20492,
    "index": 27
  },
  {
    "name": "Require(24) node_modules/egg-watcher/config/config.local.js",
    "start": 1604920747709,
    "end": 1604920747709,
    "duration": 0,
    "pid": 20492,
    "index": 28
  },
  {
    "name": "Require(25) node_modules/egg-view/config/config.local.js",
    "start": 1604920747710,
    "end": 1604920747710,
    "duration": 0,
    "pid": 20492,
    "index": 29
  },
  {
    "name": "Require(26) node_modules/egg-view-nunjucks/config/config.local.js",
    "start": 1604920747712,
    "end": 1604920747712,
    "duration": 0,
    "pid": 20492,
    "index": 30
  },
  {
    "name": "Require(27) node_modules/egg/config/config.local.js",
    "start": 1604920747712,
    "end": 1604920747713,
    "duration": 1,
    "pid": 20492,
    "index": 31
  },
  {
    "name": "Load extend/application.js",
    "start": 1604920747714,
    "end": 1604920747805,
    "duration": 91,
    "pid": 20492,
    "index": 32
  },
  {
    "name": "Require(28) node_modules/egg-session/app/extend/application.js",
    "start": 1604920747714,
    "end": 1604920747714,
    "duration": 0,
    "pid": 20492,
    "index": 33
  },
  {
    "name": "Require(29) node_modules/egg-security/app/extend/application.js",
    "start": 1604920747715,
    "end": 1604920747715,
    "duration": 0,
    "pid": 20492,
    "index": 34
  },
  {
    "name": "Require(30) node_modules/egg-jsonp/app/extend/application.js",
    "start": 1604920747716,
    "end": 1604920747716,
    "duration": 0,
    "pid": 20492,
    "index": 35
  },
  {
    "name": "Require(31) node_modules/egg-logrotator/app/extend/application.js",
    "start": 1604920747717,
    "end": 1604920747718,
    "duration": 1,
    "pid": 20492,
    "index": 36
  },
  {
    "name": "Require(32) node_modules/egg-view/app/extend/application.js",
    "start": 1604920747719,
    "end": 1604920747720,
    "duration": 1,
    "pid": 20492,
    "index": 37
  },
  {
    "name": "Require(33) node_modules/egg-jwt/app/extend/application.js",
    "start": 1604920747720,
    "end": 1604920747744,
    "duration": 24,
    "pid": 20492,
    "index": 38
  },
  {
    "name": "Require(34) node_modules/egg-socket.io/app/extend/application.js",
    "start": 1604920747745,
    "end": 1604920747782,
    "duration": 37,
    "pid": 20492,
    "index": 39
  },
  {
    "name": "Require(35) node_modules/egg-view-nunjucks/app/extend/application.js",
    "start": 1604920747782,
    "end": 1604920747802,
    "duration": 20,
    "pid": 20492,
    "index": 40
  },
  {
    "name": "Require(36) app/extend/application.js",
    "start": 1604920747803,
    "end": 1604920747803,
    "duration": 0,
    "pid": 20492,
    "index": 41
  },
  {
    "name": "Load extend/request.js",
    "start": 1604920747805,
    "end": 1604920747811,
    "duration": 6,
    "pid": 20492,
    "index": 42
  },
  {
    "name": "Require(37) node_modules/egg/app/extend/request.js",
    "start": 1604920747808,
    "end": 1604920747809,
    "duration": 1,
    "pid": 20492,
    "index": 43
  },
  {
    "name": "Load extend/response.js",
    "start": 1604920747811,
    "end": 1604920747818,
    "duration": 7,
    "pid": 20492,
    "index": 44
  },
  {
    "name": "Require(38) node_modules/egg/app/extend/response.js",
    "start": 1604920747814,
    "end": 1604920747815,
    "duration": 1,
    "pid": 20492,
    "index": 45
  },
  {
    "name": "Load extend/context.js",
    "start": 1604920747818,
    "end": 1604920747881,
    "duration": 63,
    "pid": 20492,
    "index": 46
  },
  {
    "name": "Require(39) node_modules/egg-security/app/extend/context.js",
    "start": 1604920747818,
    "end": 1604920747824,
    "duration": 6,
    "pid": 20492,
    "index": 47
  },
  {
    "name": "Require(40) node_modules/egg-jsonp/app/extend/context.js",
    "start": 1604920747825,
    "end": 1604920747826,
    "duration": 1,
    "pid": 20492,
    "index": 48
  },
  {
    "name": "Require(41) node_modules/egg-i18n/app/extend/context.js",
    "start": 1604920747826,
    "end": 1604920747827,
    "duration": 1,
    "pid": 20492,
    "index": 49
  },
  {
    "name": "Require(42) node_modules/egg-multipart/app/extend/context.js",
    "start": 1604920747827,
    "end": 1604920747857,
    "duration": 30,
    "pid": 20492,
    "index": 50
  },
  {
    "name": "Require(43) node_modules/egg-view/app/extend/context.js",
    "start": 1604920747858,
    "end": 1604920747859,
    "duration": 1,
    "pid": 20492,
    "index": 51
  },
  {
    "name": "Require(44) node_modules/egg-valparams/app/extend/context.js",
    "start": 1604920747859,
    "end": 1604920747876,
    "duration": 17,
    "pid": 20492,
    "index": 52
  },
  {
    "name": "Require(45) node_modules/egg/app/extend/context.js",
    "start": 1604920747877,
    "end": 1604920747877,
    "duration": 0,
    "pid": 20492,
    "index": 53
  },
  {
    "name": "Require(46) app/extend/context.js",
    "start": 1604920747878,
    "end": 1604920747878,
    "duration": 0,
    "pid": 20492,
    "index": 54
  },
  {
    "name": "Load extend/helper.js",
    "start": 1604920747881,
    "end": 1604920747899,
    "duration": 18,
    "pid": 20492,
    "index": 55
  },
  {
    "name": "Require(47) node_modules/egg-security/app/extend/helper.js",
    "start": 1604920747881,
    "end": 1604920747893,
    "duration": 12,
    "pid": 20492,
    "index": 56
  },
  {
    "name": "Require(48) node_modules/egg/app/extend/helper.js",
    "start": 1604920747896,
    "end": 1604920747896,
    "duration": 0,
    "pid": 20492,
    "index": 57
  },
  {
    "name": "Require(49) app/extend/helper.js",
    "start": 1604920747896,
    "end": 1604920747896,
    "duration": 0,
    "pid": 20492,
    "index": 58
  },
  {
    "name": "Load app.js",
    "start": 1604920747900,
    "end": 1604920748149,
    "duration": 249,
    "pid": 20492,
    "index": 59
  },
  {
    "name": "Require(50) node_modules/egg-session/app.js",
    "start": 1604920747900,
    "end": 1604920747900,
    "duration": 0,
    "pid": 20492,
    "index": 60
  },
  {
    "name": "Require(51) node_modules/egg-security/app.js",
    "start": 1604920747900,
    "end": 1604920747901,
    "duration": 1,
    "pid": 20492,
    "index": 61
  },
  {
    "name": "Require(52) node_modules/egg-onerror/app.js",
    "start": 1604920747902,
    "end": 1604920747906,
    "duration": 4,
    "pid": 20492,
    "index": 62
  },
  {
    "name": "Require(53) node_modules/egg-i18n/app.js",
    "start": 1604920747906,
    "end": 1604920747918,
    "duration": 12,
    "pid": 20492,
    "index": 63
  },
  {
    "name": "Require(54) node_modules/egg-watcher/app.js",
    "start": 1604920747918,
    "end": 1604920747920,
    "duration": 2,
    "pid": 20492,
    "index": 64
  },
  {
    "name": "Require(55) node_modules/egg-schedule/app.js",
    "start": 1604920747921,
    "end": 1604920747921,
    "duration": 0,
    "pid": 20492,
    "index": 65
  },
  {
    "name": "Require(56) node_modules/egg-multipart/app.js",
    "start": 1604920747922,
    "end": 1604920747922,
    "duration": 0,
    "pid": 20492,
    "index": 66
  },
  {
    "name": "Require(57) node_modules/egg-development/app.js",
    "start": 1604920747922,
    "end": 1604920747922,
    "duration": 0,
    "pid": 20492,
    "index": 67
  },
  {
    "name": "Require(58) node_modules/egg-logrotator/app.js",
    "start": 1604920747923,
    "end": 1604920747923,
    "duration": 0,
    "pid": 20492,
    "index": 68
  },
  {
    "name": "Require(59) node_modules/egg-static/app.js",
    "start": 1604920747923,
    "end": 1604920747923,
    "duration": 0,
    "pid": 20492,
    "index": 69
  },
  {
    "name": "Require(60) node_modules/egg-cors/app.js",
    "start": 1604920747924,
    "end": 1604920747924,
    "duration": 0,
    "pid": 20492,
    "index": 70
  },
  {
    "name": "Require(61) node_modules/egg-sequelize/app.js",
    "start": 1604920747924,
    "end": 1604920747925,
    "duration": 1,
    "pid": 20492,
    "index": 71
  },
  {
    "name": "Require(62) node_modules/egg-valparams/app.js",
    "start": 1604920747925,
    "end": 1604920748076,
    "duration": 151,
    "pid": 20492,
    "index": 72
  },
  {
    "name": "Require(63) node_modules/egg-jwt/app.js",
    "start": 1604920748077,
    "end": 1604920748077,
    "duration": 0,
    "pid": 20492,
    "index": 73
  },
  {
    "name": "Require(64) node_modules/egg-redis/app.js",
    "start": 1604920748078,
    "end": 1604920748079,
    "duration": 1,
    "pid": 20492,
    "index": 74
  },
  {
    "name": "Require(65) node_modules/egg-socket.io/app.js",
    "start": 1604920748079,
    "end": 1604920748121,
    "duration": 42,
    "pid": 20492,
    "index": 75
  },
  {
    "name": "Require(66) node_modules/egg-view-nunjucks/app.js",
    "start": 1604920748121,
    "end": 1604920748121,
    "duration": 0,
    "pid": 20492,
    "index": 76
  },
  {
    "name": "Require(67) node_modules/egg-tenpay/app.js",
    "start": 1604920748122,
    "end": 1604920748148,
    "duration": 26,
    "pid": 20492,
    "index": 77
  },
  {
    "name": "Before Start in node_modules/egg-watcher/lib/init.js:15:14",
    "start": 1604920748157,
    "end": 1604920748535,
    "duration": 378,
    "pid": 20492,
    "index": 78
  },
  {
    "name": "Load \"Symbol(model)\" to Application",
    "start": 1604920748268,
    "end": 1604920748286,
    "duration": 18,
    "pid": 20492,
    "index": 79
  },
  {
    "name": "Before Start in node_modules/egg-sequelize/lib/loader.js:39:7",
    "start": 1604920748291,
    "end": 1604920748547,
    "duration": 256,
    "pid": 20492,
    "index": 80
  },
  {
    "name": "Before Start in node_modules/egg-redis/lib/redis.js:53:7",
    "start": 1604920748321,
    "end": 1604920748518,
    "duration": 197,
    "pid": 20492,
    "index": 81
  },
  {
    "name": "Load Controller",
    "start": 1604920748330,
    "end": 1604920748483,
    "duration": 153,
    "pid": 20492,
    "index": 82
  },
  {
    "name": "Load \"controller\" to Application",
    "start": 1604920748330,
    "end": 1604920748483,
    "duration": 153,
    "pid": 20492,
    "index": 83
  },
  {
    "name": "Before Start in node_modules/egg-socket.io/lib/io.js:26:7",
    "start": 1604920748337,
    "end": 1604920748511,
    "duration": 174,
    "pid": 20492,
    "index": 84
  },
  {
    "name": "Did Load in node_modules/egg-tenpay/app.js:didLoad",
    "start": 1604920748339,
    "end": 1604920748511,
    "duration": 172,
    "pid": 20492,
    "index": 85
  },
  {
    "name": "Load Service",
    "start": 1604920748339,
    "end": 1604920748417,
    "duration": 78,
    "pid": 20492,
    "index": 86
  },
  {
    "name": "Load \"service\" to Context",
    "start": 1604920748339,
    "end": 1604920748417,
    "duration": 78,
    "pid": 20492,
    "index": 87
  },
  {
    "name": "Load Middleware",
    "start": 1604920748417,
    "end": 1604920748483,
    "duration": 66,
    "pid": 20492,
    "index": 88
  },
  {
    "name": "Load \"middlewares\" to Application",
    "start": 1604920748417,
    "end": 1604920748472,
    "duration": 55,
    "pid": 20492,
    "index": 89
  },
  {
    "name": "Load Controller",
    "start": 1604920748483,
    "end": 1604920748496,
    "duration": 13,
    "pid": 20492,
    "index": 90
  },
  {
    "name": "Load \"controller\" to Application",
    "start": 1604920748483,
    "end": 1604920748496,
    "duration": 13,
    "pid": 20492,
    "index": 91
  },
  {
    "name": "Load Router",
    "start": 1604920748496,
    "end": 1604920748498,
    "duration": 2,
    "pid": 20492,
    "index": 92
  },
  {
    "name": "Require(68) app/router.js",
    "start": 1604920748496,
    "end": 1604920748496,
    "duration": 0,
    "pid": 20492,
    "index": 93
  },
  {
    "name": "Before Start in node_modules/egg-core/lib/egg.js:303:10",
    "start": 1604920748497,
    "end": 1604920748510,
    "duration": 13,
    "pid": 20492,
    "index": 94
  }
]