[
  {
    "name": "Process Start",
    "start": 1604910256757,
    "end": 1604910257464,
    "duration": 707,
    "pid": 20540,
    "index": 0
  },
  {
    "name": "Application Start",
    "start": 1604910257464,
    "end": 1604910258284,
    "duration": 820,
    "pid": 20540,
    "index": 1
  },
  {
    "name": "Load Plugin",
    "start": 1604910257468,
    "end": 1604910257481,
    "duration": 13,
    "pid": 20540,
    "index": 2
  },
  {
    "name": "Load Config",
    "start": 1604910257481,
    "end": 1604910257501,
    "duration": 20,
    "pid": 20540,
    "index": 3
  },
  {
    "name": "Require(0) config/config.default.js",
    "start": 1604910257482,
    "end": 1604910257482,
    "duration": 0,
    "pid": 20540,
    "index": 4
  },
  {
    "name": "Require(1) node_modules/egg-session/config/config.default.js",
    "start": 1604910257483,
    "end": 1604910257484,
    "duration": 1,
    "pid": 20540,
    "index": 5
  },
  {
    "name": "Require(2) node_modules/egg-security/config/config.default.js",
    "start": 1604910257484,
    "end": 1604910257484,
    "duration": 0,
    "pid": 20540,
    "index": 6
  },
  {
    "name": "Require(3) node_modules/egg-jsonp/config/config.default.js",
    "start": 1604910257485,
    "end": 1604910257485,
    "duration": 0,
    "pid": 20540,
    "index": 7
  },
  {
    "name": "Require(4) node_modules/egg-onerror/config/config.default.js",
    "start": 1604910257486,
    "end": 1604910257486,
    "duration": 0,
    "pid": 20540,
    "index": 8
  },
  {
    "name": "Require(5) node_modules/egg-i18n/config/config.default.js",
    "start": 1604910257486,
    "end": 1604910257486,
    "duration": 0,
    "pid": 20540,
    "index": 9
  },
  {
    "name": "Require(6) node_modules/egg-watcher/config/config.default.js",
    "start": 1604910257487,
    "end": 1604910257487,
    "duration": 0,
    "pid": 20540,
    "index": 10
  },
  {
    "name": "Require(7) node_modules/egg-schedule/config/config.default.js",
    "start": 1604910257487,
    "end": 1604910257488,
    "duration": 1,
    "pid": 20540,
    "index": 11
  },
  {
    "name": "Require(8) node_modules/egg-multipart/config/config.default.js",
    "start": 1604910257488,
    "end": 1604910257488,
    "duration": 0,
    "pid": 20540,
    "index": 12
  },
  {
    "name": "Require(9) node_modules/egg-development/config/config.default.js",
    "start": 1604910257489,
    "end": 1604910257489,
    "duration": 0,
    "pid": 20540,
    "index": 13
  },
  {
    "name": "Require(10) node_modules/egg-logrotator/config/config.default.js",
    "start": 1604910257489,
    "end": 1604910257489,
    "duration": 0,
    "pid": 20540,
    "index": 14
  },
  {
    "name": "Require(11) node_modules/egg-static/config/config.default.js",
    "start": 1604910257490,
    "end": 1604910257490,
    "duration": 0,
    "pid": 20540,
    "index": 15
  },
  {
    "name": "Require(12) node_modules/egg-view/config/config.default.js",
    "start": 1604910257490,
    "end": 1604910257491,
    "duration": 1,
    "pid": 20540,
    "index": 16
  },
  {
    "name": "Require(13) node_modules/egg-cors/config/config.default.js",
    "start": 1604910257491,
    "end": 1604910257491,
    "duration": 0,
    "pid": 20540,
    "index": 17
  },
  {
    "name": "Require(14) node_modules/egg-sequelize/config/config.default.js",
    "start": 1604910257492,
    "end": 1604910257492,
    "duration": 0,
    "pid": 20540,
    "index": 18
  },
  {
    "name": "Require(15) node_modules/egg-valparams/config/config.default.js",
    "start": 1604910257492,
    "end": 1604910257492,
    "duration": 0,
    "pid": 20540,
    "index": 19
  },
  {
    "name": "Require(16) node_modules/egg-jwt/config/config.default.js",
    "start": 1604910257493,
    "end": 1604910257493,
    "duration": 0,
    "pid": 20540,
    "index": 20
  },
  {
    "name": "Require(17) node_modules/egg-redis/config/config.default.js",
    "start": 1604910257493,
    "end": 1604910257493,
    "duration": 0,
    "pid": 20540,
    "index": 21
  },
  {
    "name": "Require(18) node_modules/egg-socket.io/config/config.default.js",
    "start": 1604910257494,
    "end": 1604910257494,
    "duration": 0,
    "pid": 20540,
    "index": 22
  },
  {
    "name": "Require(19) node_modules/egg-view-nunjucks/config/config.default.js",
    "start": 1604910257494,
    "end": 1604910257495,
    "duration": 1,
    "pid": 20540,
    "index": 23
  },
  {
    "name": "Require(20) node_modules/egg-tenpay/config/config.default.js",
    "start": 1604910257495,
    "end": 1604910257495,
    "duration": 0,
    "pid": 20540,
    "index": 24
  },
  {
    "name": "Require(21) node_modules/egg/config/config.default.js",
    "start": 1604910257496,
    "end": 1604910257496,
    "duration": 0,
    "pid": 20540,
    "index": 25
  },
  {
    "name": "Require(22) config/config.default.js",
    "start": 1604910257497,
    "end": 1604910257497,
    "duration": 0,
    "pid": 20540,
    "index": 26
  },
  {
    "name": "Require(23) node_modules/egg-security/config/config.local.js",
    "start": 1604910257498,
    "end": 1604910257498,
    "duration": 0,
    "pid": 20540,
    "index": 27
  },
  {
    "name": "Require(24) node_modules/egg-watcher/config/config.local.js",
    "start": 1604910257498,
    "end": 1604910257499,
    "duration": 1,
    "pid": 20540,
    "index": 28
  },
  {
    "name": "Require(25) node_modules/egg-view/config/config.local.js",
    "start": 1604910257499,
    "end": 1604910257500,
    "duration": 1,
    "pid": 20540,
    "index": 29
  },
  {
    "name": "Require(26) node_modules/egg-view-nunjucks/config/config.local.js",
    "start": 1604910257501,
    "end": 1604910257501,
    "duration": 0,
    "pid": 20540,
    "index": 30
  },
  {
    "name": "Require(27) node_modules/egg/config/config.local.js",
    "start": 1604910257501,
    "end": 1604910257501,
    "duration": 0,
    "pid": 20540,
    "index": 31
  },
  {
    "name": "Load extend/application.js",
    "start": 1604910257502,
    "end": 1604910257593,
    "duration": 91,
    "pid": 20540,
    "index": 32
  },
  {
    "name": "Require(28) node_modules/egg-session/app/extend/application.js",
    "start": 1604910257503,
    "end": 1604910257503,
    "duration": 0,
    "pid": 20540,
    "index": 33
  },
  {
    "name": "Require(29) node_modules/egg-security/app/extend/application.js",
    "start": 1604910257503,
    "end": 1604910257504,
    "duration": 1,
    "pid": 20540,
    "index": 34
  },
  {
    "name": "Require(30) node_modules/egg-jsonp/app/extend/application.js",
    "start": 1604910257504,
    "end": 1604910257505,
    "duration": 1,
    "pid": 20540,
    "index": 35
  },
  {
    "name": "Require(31) node_modules/egg-logrotator/app/extend/application.js",
    "start": 1604910257506,
    "end": 1604910257507,
    "duration": 1,
    "pid": 20540,
    "index": 36
  },
  {
    "name": "Require(32) node_modules/egg-view/app/extend/application.js",
    "start": 1604910257507,
    "end": 1604910257508,
    "duration": 1,
    "pid": 20540,
    "index": 37
  },
  {
    "name": "Require(33) node_modules/egg-jwt/app/extend/application.js",
    "start": 1604910257508,
    "end": 1604910257533,
    "duration": 25,
    "pid": 20540,
    "index": 38
  },
  {
    "name": "Require(34) node_modules/egg-socket.io/app/extend/application.js",
    "start": 1604910257533,
    "end": 1604910257570,
    "duration": 37,
    "pid": 20540,
    "index": 39
  },
  {
    "name": "Require(35) node_modules/egg-view-nunjucks/app/extend/application.js",
    "start": 1604910257570,
    "end": 1604910257589,
    "duration": 19,
    "pid": 20540,
    "index": 40
  },
  {
    "name": "Require(36) app/extend/application.js",
    "start": 1604910257590,
    "end": 1604910257590,
    "duration": 0,
    "pid": 20540,
    "index": 41
  },
  {
    "name": "Load extend/request.js",
    "start": 1604910257593,
    "end": 1604910257599,
    "duration": 6,
    "pid": 20540,
    "index": 42
  },
  {
    "name": "Require(37) node_modules/egg/app/extend/request.js",
    "start": 1604910257596,
    "end": 1604910257596,
    "duration": 0,
    "pid": 20540,
    "index": 43
  },
  {
    "name": "Load extend/response.js",
    "start": 1604910257599,
    "end": 1604910257605,
    "duration": 6,
    "pid": 20540,
    "index": 44
  },
  {
    "name": "Require(38) node_modules/egg/app/extend/response.js",
    "start": 1604910257602,
    "end": 1604910257603,
    "duration": 1,
    "pid": 20540,
    "index": 45
  },
  {
    "name": "Load extend/context.js",
    "start": 1604910257606,
    "end": 1604910257664,
    "duration": 58,
    "pid": 20540,
    "index": 46
  },
  {
    "name": "Require(39) node_modules/egg-security/app/extend/context.js",
    "start": 1604910257606,
    "end": 1604910257612,
    "duration": 6,
    "pid": 20540,
    "index": 47
  },
  {
    "name": "Require(40) node_modules/egg-jsonp/app/extend/context.js",
    "start": 1604910257612,
    "end": 1604910257613,
    "duration": 1,
    "pid": 20540,
    "index": 48
  },
  {
    "name": "Require(41) node_modules/egg-i18n/app/extend/context.js",
    "start": 1604910257614,
    "end": 1604910257614,
    "duration": 0,
    "pid": 20540,
    "index": 49
  },
  {
    "name": "Require(42) node_modules/egg-multipart/app/extend/context.js",
    "start": 1604910257614,
    "end": 1604910257641,
    "duration": 27,
    "pid": 20540,
    "index": 50
  },
  {
    "name": "Require(43) node_modules/egg-view/app/extend/context.js",
    "start": 1604910257642,
    "end": 1604910257643,
    "duration": 1,
    "pid": 20540,
    "index": 51
  },
  {
    "name": "Require(44) node_modules/egg-valparams/app/extend/context.js",
    "start": 1604910257643,
    "end": 1604910257659,
    "duration": 16,
    "pid": 20540,
    "index": 52
  },
  {
    "name": "Require(45) node_modules/egg/app/extend/context.js",
    "start": 1604910257659,
    "end": 1604910257660,
    "duration": 1,
    "pid": 20540,
    "index": 53
  },
  {
    "name": "Require(46) app/extend/context.js",
    "start": 1604910257661,
    "end": 1604910257661,
    "duration": 0,
    "pid": 20540,
    "index": 54
  },
  {
    "name": "Load extend/helper.js",
    "start": 1604910257664,
    "end": 1604910257680,
    "duration": 16,
    "pid": 20540,
    "index": 55
  },
  {
    "name": "Require(47) node_modules/egg-security/app/extend/helper.js",
    "start": 1604910257664,
    "end": 1604910257674,
    "duration": 10,
    "pid": 20540,
    "index": 56
  },
  {
    "name": "Require(48) node_modules/egg/app/extend/helper.js",
    "start": 1604910257677,
    "end": 1604910257677,
    "duration": 0,
    "pid": 20540,
    "index": 57
  },
  {
    "name": "Require(49) app/extend/helper.js",
    "start": 1604910257677,
    "end": 1604910257677,
    "duration": 0,
    "pid": 20540,
    "index": 58
  },
  {
    "name": "Load app.js",
    "start": 1604910257680,
    "end": 1604910257908,
    "duration": 228,
    "pid": 20540,
    "index": 59
  },
  {
    "name": "Require(50) node_modules/egg-session/app.js",
    "start": 1604910257680,
    "end": 1604910257681,
    "duration": 1,
    "pid": 20540,
    "index": 60
  },
  {
    "name": "Require(51) node_modules/egg-security/app.js",
    "start": 1604910257681,
    "end": 1604910257682,
    "duration": 1,
    "pid": 20540,
    "index": 61
  },
  {
    "name": "Require(52) node_modules/egg-onerror/app.js",
    "start": 1604910257682,
    "end": 1604910257686,
    "duration": 4,
    "pid": 20540,
    "index": 62
  },
  {
    "name": "Require(53) node_modules/egg-i18n/app.js",
    "start": 1604910257687,
    "end": 1604910257697,
    "duration": 10,
    "pid": 20540,
    "index": 63
  },
  {
    "name": "Require(54) node_modules/egg-watcher/app.js",
    "start": 1604910257697,
    "end": 1604910257701,
    "duration": 4,
    "pid": 20540,
    "index": 64
  },
  {
    "name": "Require(55) node_modules/egg-schedule/app.js",
    "start": 1604910257701,
    "end": 1604910257702,
    "duration": 1,
    "pid": 20540,
    "index": 65
  },
  {
    "name": "Require(56) node_modules/egg-multipart/app.js",
    "start": 1604910257702,
    "end": 1604910257703,
    "duration": 1,
    "pid": 20540,
    "index": 66
  },
  {
    "name": "Require(57) node_modules/egg-development/app.js",
    "start": 1604910257703,
    "end": 1604910257703,
    "duration": 0,
    "pid": 20540,
    "index": 67
  },
  {
    "name": "Require(58) node_modules/egg-logrotator/app.js",
    "start": 1604910257703,
    "end": 1604910257704,
    "duration": 1,
    "pid": 20540,
    "index": 68
  },
  {
    "name": "Require(59) node_modules/egg-static/app.js",
    "start": 1604910257704,
    "end": 1604910257704,
    "duration": 0,
    "pid": 20540,
    "index": 69
  },
  {
    "name": "Require(60) node_modules/egg-cors/app.js",
    "start": 1604910257704,
    "end": 1604910257705,
    "duration": 1,
    "pid": 20540,
    "index": 70
  },
  {
    "name": "Require(61) node_modules/egg-sequelize/app.js",
    "start": 1604910257705,
    "end": 1604910257705,
    "duration": 0,
    "pid": 20540,
    "index": 71
  },
  {
    "name": "Require(62) node_modules/egg-valparams/app.js",
    "start": 1604910257705,
    "end": 1604910257849,
    "duration": 144,
    "pid": 20540,
    "index": 72
  },
  {
    "name": "Require(63) node_modules/egg-jwt/app.js",
    "start": 1604910257849,
    "end": 1604910257849,
    "duration": 0,
    "pid": 20540,
    "index": 73
  },
  {
    "name": "Require(64) node_modules/egg-redis/app.js",
    "start": 1604910257849,
    "end": 1604910257850,
    "duration": 1,
    "pid": 20540,
    "index": 74
  },
  {
    "name": "Require(65) node_modules/egg-socket.io/app.js",
    "start": 1604910257850,
    "end": 1604910257884,
    "duration": 34,
    "pid": 20540,
    "index": 75
  },
  {
    "name": "Require(66) node_modules/egg-view-nunjucks/app.js",
    "start": 1604910257884,
    "end": 1604910257884,
    "duration": 0,
    "pid": 20540,
    "index": 76
  },
  {
    "name": "Require(67) node_modules/egg-tenpay/app.js",
    "start": 1604910257884,
    "end": 1604910257907,
    "duration": 23,
    "pid": 20540,
    "index": 77
  },
  {
    "name": "Before Start in node_modules/egg-watcher/lib/init.js:15:14",
    "start": 1604910257916,
    "end": 1604910258274,
    "duration": 358,
    "pid": 20540,
    "index": 78
  },
  {
    "name": "Load \"Symbol(model)\" to Application",
    "start": 1604910258019,
    "end": 1604910258036,
    "duration": 17,
    "pid": 20540,
    "index": 79
  },
  {
    "name": "Before Start in node_modules/egg-sequelize/lib/loader.js:39:7",
    "start": 1604910258041,
    "end": 1604910258284,
    "duration": 243,
    "pid": 20540,
    "index": 80
  },
  {
    "name": "Before Start in node_modules/egg-redis/lib/redis.js:53:7",
    "start": 1604910258072,
    "end": 1604910258258,
    "duration": 186,
    "pid": 20540,
    "index": 81
  },
  {
    "name": "Load Controller",
    "start": 1604910258081,
    "end": 1604910258222,
    "duration": 141,
    "pid": 20540,
    "index": 82
  },
  {
    "name": "Load \"controller\" to Application",
    "start": 1604910258081,
    "end": 1604910258222,
    "duration": 141,
    "pid": 20540,
    "index": 83
  },
  {
    "name": "Before Start in node_modules/egg-socket.io/lib/io.js:26:7",
    "start": 1604910258087,
    "end": 1604910258251,
    "duration": 164,
    "pid": 20540,
    "index": 84
  },
  {
    "name": "Did Load in node_modules/egg-tenpay/app.js:didLoad",
    "start": 1604910258090,
    "end": 1604910258251,
    "duration": 161,
    "pid": 20540,
    "index": 85
  },
  {
    "name": "Load Service",
    "start": 1604910258090,
    "end": 1604910258159,
    "duration": 69,
    "pid": 20540,
    "index": 86
  },
  {
    "name": "Load \"service\" to Context",
    "start": 1604910258090,
    "end": 1604910258159,
    "duration": 69,
    "pid": 20540,
    "index": 87
  },
  {
    "name": "Load Middleware",
    "start": 1604910258159,
    "end": 1604910258222,
    "duration": 63,
    "pid": 20540,
    "index": 88
  },
  {
    "name": "Load \"middlewares\" to Application",
    "start": 1604910258159,
    "end": 1604910258212,
    "duration": 53,
    "pid": 20540,
    "index": 89
  },
  {
    "name": "Load Controller",
    "start": 1604910258222,
    "end": 1604910258234,
    "duration": 12,
    "pid": 20540,
    "index": 90
  },
  {
    "name": "Load \"controller\" to Application",
    "start": 1604910258222,
    "end": 1604910258234,
    "duration": 12,
    "pid": 20540,
    "index": 91
  },
  {
    "name": "Load Router",
    "start": 1604910258234,
    "end": 1604910258237,
    "duration": 3,
    "pid": 20540,
    "index": 92
  },
  {
    "name": "Require(68) app/router.js",
    "start": 1604910258235,
    "end": 1604910258235,
    "duration": 0,
    "pid": 20540,
    "index": 93
  },
  {
    "name": "Before Start in node_modules/egg-core/lib/egg.js:303:10",
    "start": 1604910258235,
    "end": 1604910258251,
    "duration": 16,
    "pid": 20540,
    "index": 94
  }
]