[
  {
    "name": "Process Start",
    "start": 1604910255121,
    "end": 1604910255843,
    "duration": 722,
    "pid": 22072,
    "index": 0
  },
  {
    "name": "Application Start",
    "start": 1604910255843,
    "end": 1604910256706,
    "duration": 863,
    "pid": 22072,
    "index": 1
  },
  {
    "name": "Load Plugin",
    "start": 1604910255847,
    "end": 1604910255860,
    "duration": 13,
    "pid": 22072,
    "index": 2
  },
  {
    "name": "Load Config",
    "start": 1604910255860,
    "end": 1604910255881,
    "duration": 21,
    "pid": 22072,
    "index": 3
  },
  {
    "name": "Require(0) config/config.default.js",
    "start": 1604910255860,
    "end": 1604910255861,
    "duration": 1,
    "pid": 22072,
    "index": 4
  },
  {
    "name": "Require(1) node_modules/egg-session/config/config.default.js",
    "start": 1604910255862,
    "end": 1604910255863,
    "duration": 1,
    "pid": 22072,
    "index": 5
  },
  {
    "name": "Require(2) node_modules/egg-security/config/config.default.js",
    "start": 1604910255863,
    "end": 1604910255863,
    "duration": 0,
    "pid": 22072,
    "index": 6
  },
  {
    "name": "Require(3) node_modules/egg-jsonp/config/config.default.js",
    "start": 1604910255864,
    "end": 1604910255864,
    "duration": 0,
    "pid": 22072,
    "index": 7
  },
  {
    "name": "Require(4) node_modules/egg-onerror/config/config.default.js",
    "start": 1604910255864,
    "end": 1604910255865,
    "duration": 1,
    "pid": 22072,
    "index": 8
  },
  {
    "name": "Require(5) node_modules/egg-i18n/config/config.default.js",
    "start": 1604910255865,
    "end": 1604910255865,
    "duration": 0,
    "pid": 22072,
    "index": 9
  },
  {
    "name": "Require(6) node_modules/egg-watcher/config/config.default.js",
    "start": 1604910255866,
    "end": 1604910255866,
    "duration": 0,
    "pid": 22072,
    "index": 10
  },
  {
    "name": "Require(7) node_modules/egg-schedule/config/config.default.js",
    "start": 1604910255866,
    "end": 1604910255866,
    "duration": 0,
    "pid": 22072,
    "index": 11
  },
  {
    "name": "Require(8) node_modules/egg-multipart/config/config.default.js",
    "start": 1604910255867,
    "end": 1604910255867,
    "duration": 0,
    "pid": 22072,
    "index": 12
  },
  {
    "name": "Require(9) node_modules/egg-development/config/config.default.js",
    "start": 1604910255868,
    "end": 1604910255868,
    "duration": 0,
    "pid": 22072,
    "index": 13
  },
  {
    "name": "Require(10) node_modules/egg-logrotator/config/config.default.js",
    "start": 1604910255868,
    "end": 1604910255868,
    "duration": 0,
    "pid": 22072,
    "index": 14
  },
  {
    "name": "Require(11) node_modules/egg-static/config/config.default.js",
    "start": 1604910255869,
    "end": 1604910255869,
    "duration": 0,
    "pid": 22072,
    "index": 15
  },
  {
    "name": "Require(12) node_modules/egg-view/config/config.default.js",
    "start": 1604910255869,
    "end": 1604910255870,
    "duration": 1,
    "pid": 22072,
    "index": 16
  },
  {
    "name": "Require(13) node_modules/egg-cors/config/config.default.js",
    "start": 1604910255870,
    "end": 1604910255870,
    "duration": 0,
    "pid": 22072,
    "index": 17
  },
  {
    "name": "Require(14) node_modules/egg-sequelize/config/config.default.js",
    "start": 1604910255870,
    "end": 1604910255871,
    "duration": 1,
    "pid": 22072,
    "index": 18
  },
  {
    "name": "Require(15) node_modules/egg-valparams/config/config.default.js",
    "start": 1604910255871,
    "end": 1604910255871,
    "duration": 0,
    "pid": 22072,
    "index": 19
  },
  {
    "name": "Require(16) node_modules/egg-jwt/config/config.default.js",
    "start": 1604910255872,
    "end": 1604910255872,
    "duration": 0,
    "pid": 22072,
    "index": 20
  },
  {
    "name": "Require(17) node_modules/egg-redis/config/config.default.js",
    "start": 1604910255872,
    "end": 1604910255872,
    "duration": 0,
    "pid": 22072,
    "index": 21
  },
  {
    "name": "Require(18) node_modules/egg-socket.io/config/config.default.js",
    "start": 1604910255873,
    "end": 1604910255873,
    "duration": 0,
    "pid": 22072,
    "index": 22
  },
  {
    "name": "Require(19) node_modules/egg-view-nunjucks/config/config.default.js",
    "start": 1604910255873,
    "end": 1604910255874,
    "duration": 1,
    "pid": 22072,
    "index": 23
  },
  {
    "name": "Require(20) node_modules/egg-tenpay/config/config.default.js",
    "start": 1604910255874,
    "end": 1604910255874,
    "duration": 0,
    "pid": 22072,
    "index": 24
  },
  {
    "name": "Require(21) node_modules/egg/config/config.default.js",
    "start": 1604910255875,
    "end": 1604910255875,
    "duration": 0,
    "pid": 22072,
    "index": 25
  },
  {
    "name": "Require(22) config/config.default.js",
    "start": 1604910255876,
    "end": 1604910255876,
    "duration": 0,
    "pid": 22072,
    "index": 26
  },
  {
    "name": "Require(23) node_modules/egg-security/config/config.local.js",
    "start": 1604910255877,
    "end": 1604910255877,
    "duration": 0,
    "pid": 22072,
    "index": 27
  },
  {
    "name": "Require(24) node_modules/egg-watcher/config/config.local.js",
    "start": 1604910255878,
    "end": 1604910255878,
    "duration": 0,
    "pid": 22072,
    "index": 28
  },
  {
    "name": "Require(25) node_modules/egg-view/config/config.local.js",
    "start": 1604910255879,
    "end": 1604910255879,
    "duration": 0,
    "pid": 22072,
    "index": 29
  },
  {
    "name": "Require(26) node_modules/egg-view-nunjucks/config/config.local.js",
    "start": 1604910255880,
    "end": 1604910255880,
    "duration": 0,
    "pid": 22072,
    "index": 30
  },
  {
    "name": "Require(27) node_modules/egg/config/config.local.js",
    "start": 1604910255880,
    "end": 1604910255880,
    "duration": 0,
    "pid": 22072,
    "index": 31
  },
  {
    "name": "Load extend/application.js",
    "start": 1604910255881,
    "end": 1604910255966,
    "duration": 85,
    "pid": 22072,
    "index": 32
  },
  {
    "name": "Require(28) node_modules/egg-session/app/extend/application.js",
    "start": 1604910255882,
    "end": 1604910255882,
    "duration": 0,
    "pid": 22072,
    "index": 33
  },
  {
    "name": "Require(29) node_modules/egg-security/app/extend/application.js",
    "start": 1604910255882,
    "end": 1604910255883,
    "duration": 1,
    "pid": 22072,
    "index": 34
  },
  {
    "name": "Require(30) node_modules/egg-jsonp/app/extend/application.js",
    "start": 1604910255883,
    "end": 1604910255884,
    "duration": 1,
    "pid": 22072,
    "index": 35
  },
  {
    "name": "Require(31) node_modules/egg-logrotator/app/extend/application.js",
    "start": 1604910255885,
    "end": 1604910255886,
    "duration": 1,
    "pid": 22072,
    "index": 36
  },
  {
    "name": "Require(32) node_modules/egg-view/app/extend/application.js",
    "start": 1604910255886,
    "end": 1604910255887,
    "duration": 1,
    "pid": 22072,
    "index": 37
  },
  {
    "name": "Require(33) node_modules/egg-jwt/app/extend/application.js",
    "start": 1604910255888,
    "end": 1604910255911,
    "duration": 23,
    "pid": 22072,
    "index": 38
  },
  {
    "name": "Require(34) node_modules/egg-socket.io/app/extend/application.js",
    "start": 1604910255911,
    "end": 1604910255944,
    "duration": 33,
    "pid": 22072,
    "index": 39
  },
  {
    "name": "Require(35) node_modules/egg-view-nunjucks/app/extend/application.js",
    "start": 1604910255945,
    "end": 1604910255963,
    "duration": 18,
    "pid": 22072,
    "index": 40
  },
  {
    "name": "Require(36) app/extend/application.js",
    "start": 1604910255963,
    "end": 1604910255964,
    "duration": 1,
    "pid": 22072,
    "index": 41
  },
  {
    "name": "Load extend/request.js",
    "start": 1604910255966,
    "end": 1604910255972,
    "duration": 6,
    "pid": 22072,
    "index": 42
  },
  {
    "name": "Require(37) node_modules/egg/app/extend/request.js",
    "start": 1604910255969,
    "end": 1604910255970,
    "duration": 1,
    "pid": 22072,
    "index": 43
  },
  {
    "name": "Load extend/response.js",
    "start": 1604910255972,
    "end": 1604910255978,
    "duration": 6,
    "pid": 22072,
    "index": 44
  },
  {
    "name": "Require(38) node_modules/egg/app/extend/response.js",
    "start": 1604910255975,
    "end": 1604910255976,
    "duration": 1,
    "pid": 22072,
    "index": 45
  },
  {
    "name": "Load extend/context.js",
    "start": 1604910255978,
    "end": 1604910256038,
    "duration": 60,
    "pid": 22072,
    "index": 46
  },
  {
    "name": "Require(39) node_modules/egg-security/app/extend/context.js",
    "start": 1604910255979,
    "end": 1604910255985,
    "duration": 6,
    "pid": 22072,
    "index": 47
  },
  {
    "name": "Require(40) node_modules/egg-jsonp/app/extend/context.js",
    "start": 1604910255985,
    "end": 1604910255986,
    "duration": 1,
    "pid": 22072,
    "index": 48
  },
  {
    "name": "Require(41) node_modules/egg-i18n/app/extend/context.js",
    "start": 1604910255986,
    "end": 1604910255986,
    "duration": 0,
    "pid": 22072,
    "index": 49
  },
  {
    "name": "Require(42) node_modules/egg-multipart/app/extend/context.js",
    "start": 1604910255987,
    "end": 1604910256014,
    "duration": 27,
    "pid": 22072,
    "index": 50
  },
  {
    "name": "Require(43) node_modules/egg-view/app/extend/context.js",
    "start": 1604910256015,
    "end": 1604910256016,
    "duration": 1,
    "pid": 22072,
    "index": 51
  },
  {
    "name": "Require(44) node_modules/egg-valparams/app/extend/context.js",
    "start": 1604910256016,
    "end": 1604910256032,
    "duration": 16,
    "pid": 22072,
    "index": 52
  },
  {
    "name": "Require(45) node_modules/egg/app/extend/context.js",
    "start": 1604910256033,
    "end": 1604910256034,
    "duration": 1,
    "pid": 22072,
    "index": 53
  },
  {
    "name": "Require(46) app/extend/context.js",
    "start": 1604910256035,
    "end": 1604910256035,
    "duration": 0,
    "pid": 22072,
    "index": 54
  },
  {
    "name": "Load extend/helper.js",
    "start": 1604910256038,
    "end": 1604910256055,
    "duration": 17,
    "pid": 22072,
    "index": 55
  },
  {
    "name": "Require(47) node_modules/egg-security/app/extend/helper.js",
    "start": 1604910256038,
    "end": 1604910256049,
    "duration": 11,
    "pid": 22072,
    "index": 56
  },
  {
    "name": "Require(48) node_modules/egg/app/extend/helper.js",
    "start": 1604910256051,
    "end": 1604910256052,
    "duration": 1,
    "pid": 22072,
    "index": 57
  },
  {
    "name": "Require(49) app/extend/helper.js",
    "start": 1604910256052,
    "end": 1604910256052,
    "duration": 0,
    "pid": 22072,
    "index": 58
  },
  {
    "name": "Load app.js",
    "start": 1604910256055,
    "end": 1604910256301,
    "duration": 246,
    "pid": 22072,
    "index": 59
  },
  {
    "name": "Require(50) node_modules/egg-session/app.js",
    "start": 1604910256055,
    "end": 1604910256056,
    "duration": 1,
    "pid": 22072,
    "index": 60
  },
  {
    "name": "Require(51) node_modules/egg-security/app.js",
    "start": 1604910256056,
    "end": 1604910256057,
    "duration": 1,
    "pid": 22072,
    "index": 61
  },
  {
    "name": "Require(52) node_modules/egg-onerror/app.js",
    "start": 1604910256057,
    "end": 1604910256062,
    "duration": 5,
    "pid": 22072,
    "index": 62
  },
  {
    "name": "Require(53) node_modules/egg-i18n/app.js",
    "start": 1604910256062,
    "end": 1604910256074,
    "duration": 12,
    "pid": 22072,
    "index": 63
  },
  {
    "name": "Require(54) node_modules/egg-watcher/app.js",
    "start": 1604910256074,
    "end": 1604910256076,
    "duration": 2,
    "pid": 22072,
    "index": 64
  },
  {
    "name": "Require(55) node_modules/egg-schedule/app.js",
    "start": 1604910256076,
    "end": 1604910256077,
    "duration": 1,
    "pid": 22072,
    "index": 65
  },
  {
    "name": "Require(56) node_modules/egg-multipart/app.js",
    "start": 1604910256078,
    "end": 1604910256078,
    "duration": 0,
    "pid": 22072,
    "index": 66
  },
  {
    "name": "Require(57) node_modules/egg-development/app.js",
    "start": 1604910256078,
    "end": 1604910256079,
    "duration": 1,
    "pid": 22072,
    "index": 67
  },
  {
    "name": "Require(58) node_modules/egg-logrotator/app.js",
    "start": 1604910256079,
    "end": 1604910256079,
    "duration": 0,
    "pid": 22072,
    "index": 68
  },
  {
    "name": "Require(59) node_modules/egg-static/app.js",
    "start": 1604910256079,
    "end": 1604910256079,
    "duration": 0,
    "pid": 22072,
    "index": 69
  },
  {
    "name": "Require(60) node_modules/egg-cors/app.js",
    "start": 1604910256080,
    "end": 1604910256080,
    "duration": 0,
    "pid": 22072,
    "index": 70
  },
  {
    "name": "Require(61) node_modules/egg-sequelize/app.js",
    "start": 1604910256080,
    "end": 1604910256080,
    "duration": 0,
    "pid": 22072,
    "index": 71
  },
  {
    "name": "Require(62) node_modules/egg-valparams/app.js",
    "start": 1604910256081,
    "end": 1604910256239,
    "duration": 158,
    "pid": 22072,
    "index": 72
  },
  {
    "name": "Require(63) node_modules/egg-jwt/app.js",
    "start": 1604910256239,
    "end": 1604910256240,
    "duration": 1,
    "pid": 22072,
    "index": 73
  },
  {
    "name": "Require(64) node_modules/egg-redis/app.js",
    "start": 1604910256240,
    "end": 1604910256240,
    "duration": 0,
    "pid": 22072,
    "index": 74
  },
  {
    "name": "Require(65) node_modules/egg-socket.io/app.js",
    "start": 1604910256241,
    "end": 1604910256275,
    "duration": 34,
    "pid": 22072,
    "index": 75
  },
  {
    "name": "Require(66) node_modules/egg-view-nunjucks/app.js",
    "start": 1604910256276,
    "end": 1604910256276,
    "duration": 0,
    "pid": 22072,
    "index": 76
  },
  {
    "name": "Require(67) node_modules/egg-tenpay/app.js",
    "start": 1604910256276,
    "end": 1604910256301,
    "duration": 25,
    "pid": 22072,
    "index": 77
  },
  {
    "name": "Before Start in node_modules/egg-watcher/lib/init.js:15:14",
    "start": 1604910256309,
    "end": 1604910256697,
    "duration": 388,
    "pid": 22072,
    "index": 78
  },
  {
    "name": "Load \"Symbol(model)\" to Application",
    "start": 1604910256425,
    "end": 1604910256444,
    "duration": 19,
    "pid": 22072,
    "index": 79
  },
  {
    "name": "Before Start in node_modules/egg-sequelize/lib/loader.js:39:7",
    "start": 1604910256449,
    "end": 1604910256706,
    "duration": 257,
    "pid": 22072,
    "index": 80
  },
  {
    "name": "Before Start in node_modules/egg-redis/lib/redis.js:53:7",
    "start": 1604910256479,
    "end": 1604910256681,
    "duration": 202,
    "pid": 22072,
    "index": 81
  },
  {
    "name": "Load Controller",
    "start": 1604910256490,
    "end": 1604910256649,
    "duration": 159,
    "pid": 22072,
    "index": 82
  },
  {
    "name": "Load \"controller\" to Application",
    "start": 1604910256490,
    "end": 1604910256649,
    "duration": 159,
    "pid": 22072,
    "index": 83
  },
  {
    "name": "Before Start in node_modules/egg-socket.io/lib/io.js:26:7",
    "start": 1604910256499,
    "end": 1604910256674,
    "duration": 175,
    "pid": 22072,
    "index": 84
  },
  {
    "name": "Did Load in node_modules/egg-tenpay/app.js:didLoad",
    "start": 1604910256504,
    "end": 1604910256674,
    "duration": 170,
    "pid": 22072,
    "index": 85
  },
  {
    "name": "Load Service",
    "start": 1604910256504,
    "end": 1604910256585,
    "duration": 81,
    "pid": 22072,
    "index": 86
  },
  {
    "name": "Load \"service\" to Context",
    "start": 1604910256505,
    "end": 1604910256585,
    "duration": 80,
    "pid": 22072,
    "index": 87
  },
  {
    "name": "Load Middleware",
    "start": 1604910256585,
    "end": 1604910256649,
    "duration": 64,
    "pid": 22072,
    "index": 88
  },
  {
    "name": "Load \"middlewares\" to Application",
    "start": 1604910256585,
    "end": 1604910256640,
    "duration": 55,
    "pid": 22072,
    "index": 89
  },
  {
    "name": "Load Controller",
    "start": 1604910256649,
    "end": 1604910256661,
    "duration": 12,
    "pid": 22072,
    "index": 90
  },
  {
    "name": "Load \"controller\" to Application",
    "start": 1604910256649,
    "end": 1604910256661,
    "duration": 12,
    "pid": 22072,
    "index": 91
  },
  {
    "name": "Load Router",
    "start": 1604910256661,
    "end": 1604910256663,
    "duration": 2,
    "pid": 22072,
    "index": 92
  },
  {
    "name": "Require(68) app/router.js",
    "start": 1604910256661,
    "end": 1604910256661,
    "duration": 0,
    "pid": 22072,
    "index": 93
  },
  {
    "name": "Before Start in node_modules/egg-core/lib/egg.js:303:10",
    "start": 1604910256662,
    "end": 1604910256674,
    "duration": 12,
    "pid": 22072,
    "index": 94
  }
]