[
  {
    "name": "Process Start",
    "start": 1604910166090,
    "end": 1604910166798,
    "duration": 708,
    "pid": 12600,
    "index": 0
  },
  {
    "name": "Application Start",
    "start": 1604910166799,
    "end": 1604910167657,
    "duration": 858,
    "pid": 12600,
    "index": 1
  },
  {
    "name": "Load Plugin",
    "start": 1604910166802,
    "end": 1604910166816,
    "duration": 14,
    "pid": 12600,
    "index": 2
  },
  {
    "name": "Load Config",
    "start": 1604910166816,
    "end": 1604910166837,
    "duration": 21,
    "pid": 12600,
    "index": 3
  },
  {
    "name": "Require(0) config/config.default.js",
    "start": 1604910166817,
    "end": 1604910166817,
    "duration": 0,
    "pid": 12600,
    "index": 4
  },
  {
    "name": "Require(1) node_modules/egg-session/config/config.default.js",
    "start": 1604910166818,
    "end": 1604910166819,
    "duration": 1,
    "pid": 12600,
    "index": 5
  },
  {
    "name": "Require(2) node_modules/egg-security/config/config.default.js",
    "start": 1604910166819,
    "end": 1604910166819,
    "duration": 0,
    "pid": 12600,
    "index": 6
  },
  {
    "name": "Require(3) node_modules/egg-jsonp/config/config.default.js",
    "start": 1604910166820,
    "end": 1604910166821,
    "duration": 1,
    "pid": 12600,
    "index": 7
  },
  {
    "name": "Require(4) node_modules/egg-onerror/config/config.default.js",
    "start": 1604910166821,
    "end": 1604910166821,
    "duration": 0,
    "pid": 12600,
    "index": 8
  },
  {
    "name": "Require(5) node_modules/egg-i18n/config/config.default.js",
    "start": 1604910166821,
    "end": 1604910166822,
    "duration": 1,
    "pid": 12600,
    "index": 9
  },
  {
    "name": "Require(6) node_modules/egg-watcher/config/config.default.js",
    "start": 1604910166822,
    "end": 1604910166822,
    "duration": 0,
    "pid": 12600,
    "index": 10
  },
  {
    "name": "Require(7) node_modules/egg-schedule/config/config.default.js",
    "start": 1604910166823,
    "end": 1604910166823,
    "duration": 0,
    "pid": 12600,
    "index": 11
  },
  {
    "name": "Require(8) node_modules/egg-multipart/config/config.default.js",
    "start": 1604910166823,
    "end": 1604910166824,
    "duration": 1,
    "pid": 12600,
    "index": 12
  },
  {
    "name": "Require(9) node_modules/egg-development/config/config.default.js",
    "start": 1604910166824,
    "end": 1604910166824,
    "duration": 0,
    "pid": 12600,
    "index": 13
  },
  {
    "name": "Require(10) node_modules/egg-logrotator/config/config.default.js",
    "start": 1604910166825,
    "end": 1604910166825,
    "duration": 0,
    "pid": 12600,
    "index": 14
  },
  {
    "name": "Require(11) node_modules/egg-static/config/config.default.js",
    "start": 1604910166825,
    "end": 1604910166826,
    "duration": 1,
    "pid": 12600,
    "index": 15
  },
  {
    "name": "Require(12) node_modules/egg-view/config/config.default.js",
    "start": 1604910166826,
    "end": 1604910166826,
    "duration": 0,
    "pid": 12600,
    "index": 16
  },
  {
    "name": "Require(13) node_modules/egg-cors/config/config.default.js",
    "start": 1604910166827,
    "end": 1604910166827,
    "duration": 0,
    "pid": 12600,
    "index": 17
  },
  {
    "name": "Require(14) node_modules/egg-sequelize/config/config.default.js",
    "start": 1604910166827,
    "end": 1604910166828,
    "duration": 1,
    "pid": 12600,
    "index": 18
  },
  {
    "name": "Require(15) node_modules/egg-valparams/config/config.default.js",
    "start": 1604910166828,
    "end": 1604910166828,
    "duration": 0,
    "pid": 12600,
    "index": 19
  },
  {
    "name": "Require(16) node_modules/egg-jwt/config/config.default.js",
    "start": 1604910166828,
    "end": 1604910166829,
    "duration": 1,
    "pid": 12600,
    "index": 20
  },
  {
    "name": "Require(17) node_modules/egg-redis/config/config.default.js",
    "start": 1604910166829,
    "end": 1604910166829,
    "duration": 0,
    "pid": 12600,
    "index": 21
  },
  {
    "name": "Require(18) node_modules/egg-socket.io/config/config.default.js",
    "start": 1604910166830,
    "end": 1604910166830,
    "duration": 0,
    "pid": 12600,
    "index": 22
  },
  {
    "name": "Require(19) node_modules/egg-view-nunjucks/config/config.default.js",
    "start": 1604910166830,
    "end": 1604910166830,
    "duration": 0,
    "pid": 12600,
    "index": 23
  },
  {
    "name": "Require(20) node_modules/egg-tenpay/config/config.default.js",
    "start": 1604910166831,
    "end": 1604910166831,
    "duration": 0,
    "pid": 12600,
    "index": 24
  },
  {
    "name": "Require(21) node_modules/egg/config/config.default.js",
    "start": 1604910166831,
    "end": 1604910166831,
    "duration": 0,
    "pid": 12600,
    "index": 25
  },
  {
    "name": "Require(22) config/config.default.js",
    "start": 1604910166832,
    "end": 1604910166832,
    "duration": 0,
    "pid": 12600,
    "index": 26
  },
  {
    "name": "Require(23) node_modules/egg-security/config/config.local.js",
    "start": 1604910166833,
    "end": 1604910166833,
    "duration": 0,
    "pid": 12600,
    "index": 27
  },
  {
    "name": "Require(24) node_modules/egg-watcher/config/config.local.js",
    "start": 1604910166834,
    "end": 1604910166834,
    "duration": 0,
    "pid": 12600,
    "index": 28
  },
  {
    "name": "Require(25) node_modules/egg-view/config/config.local.js",
    "start": 1604910166835,
    "end": 1604910166835,
    "duration": 0,
    "pid": 12600,
    "index": 29
  },
  {
    "name": "Require(26) node_modules/egg-view-nunjucks/config/config.local.js",
    "start": 1604910166836,
    "end": 1604910166836,
    "duration": 0,
    "pid": 12600,
    "index": 30
  },
  {
    "name": "Require(27) node_modules/egg/config/config.local.js",
    "start": 1604910166836,
    "end": 1604910166837,
    "duration": 1,
    "pid": 12600,
    "index": 31
  },
  {
    "name": "Load extend/application.js",
    "start": 1604910166838,
    "end": 1604910166930,
    "duration": 92,
    "pid": 12600,
    "index": 32
  },
  {
    "name": "Require(28) node_modules/egg-session/app/extend/application.js",
    "start": 1604910166838,
    "end": 1604910166838,
    "duration": 0,
    "pid": 12600,
    "index": 33
  },
  {
    "name": "Require(29) node_modules/egg-security/app/extend/application.js",
    "start": 1604910166839,
    "end": 1604910166839,
    "duration": 0,
    "pid": 12600,
    "index": 34
  },
  {
    "name": "Require(30) node_modules/egg-jsonp/app/extend/application.js",
    "start": 1604910166840,
    "end": 1604910166840,
    "duration": 0,
    "pid": 12600,
    "index": 35
  },
  {
    "name": "Require(31) node_modules/egg-logrotator/app/extend/application.js",
    "start": 1604910166841,
    "end": 1604910166842,
    "duration": 1,
    "pid": 12600,
    "index": 36
  },
  {
    "name": "Require(32) node_modules/egg-view/app/extend/application.js",
    "start": 1604910166843,
    "end": 1604910166844,
    "duration": 1,
    "pid": 12600,
    "index": 37
  },
  {
    "name": "Require(33) node_modules/egg-jwt/app/extend/application.js",
    "start": 1604910166845,
    "end": 1604910166868,
    "duration": 23,
    "pid": 12600,
    "index": 38
  },
  {
    "name": "Require(34) node_modules/egg-socket.io/app/extend/application.js",
    "start": 1604910166869,
    "end": 1604910166905,
    "duration": 36,
    "pid": 12600,
    "index": 39
  },
  {
    "name": "Require(35) node_modules/egg-view-nunjucks/app/extend/application.js",
    "start": 1604910166905,
    "end": 1604910166926,
    "duration": 21,
    "pid": 12600,
    "index": 40
  },
  {
    "name": "Require(36) app/extend/application.js",
    "start": 1604910166927,
    "end": 1604910166927,
    "duration": 0,
    "pid": 12600,
    "index": 41
  },
  {
    "name": "Load extend/request.js",
    "start": 1604910166930,
    "end": 1604910166936,
    "duration": 6,
    "pid": 12600,
    "index": 42
  },
  {
    "name": "Require(37) node_modules/egg/app/extend/request.js",
    "start": 1604910166932,
    "end": 1604910166933,
    "duration": 1,
    "pid": 12600,
    "index": 43
  },
  {
    "name": "Load extend/response.js",
    "start": 1604910166936,
    "end": 1604910166943,
    "duration": 7,
    "pid": 12600,
    "index": 44
  },
  {
    "name": "Require(38) node_modules/egg/app/extend/response.js",
    "start": 1604910166939,
    "end": 1604910166940,
    "duration": 1,
    "pid": 12600,
    "index": 45
  },
  {
    "name": "Load extend/context.js",
    "start": 1604910166943,
    "end": 1604910167005,
    "duration": 62,
    "pid": 12600,
    "index": 46
  },
  {
    "name": "Require(39) node_modules/egg-security/app/extend/context.js",
    "start": 1604910166943,
    "end": 1604910166949,
    "duration": 6,
    "pid": 12600,
    "index": 47
  },
  {
    "name": "Require(40) node_modules/egg-jsonp/app/extend/context.js",
    "start": 1604910166949,
    "end": 1604910166950,
    "duration": 1,
    "pid": 12600,
    "index": 48
  },
  {
    "name": "Require(41) node_modules/egg-i18n/app/extend/context.js",
    "start": 1604910166950,
    "end": 1604910166950,
    "duration": 0,
    "pid": 12600,
    "index": 49
  },
  {
    "name": "Require(42) node_modules/egg-multipart/app/extend/context.js",
    "start": 1604910166951,
    "end": 1604910166981,
    "duration": 30,
    "pid": 12600,
    "index": 50
  },
  {
    "name": "Require(43) node_modules/egg-view/app/extend/context.js",
    "start": 1604910166982,
    "end": 1604910166983,
    "duration": 1,
    "pid": 12600,
    "index": 51
  },
  {
    "name": "Require(44) node_modules/egg-valparams/app/extend/context.js",
    "start": 1604910166983,
    "end": 1604910166999,
    "duration": 16,
    "pid": 12600,
    "index": 52
  },
  {
    "name": "Require(45) node_modules/egg/app/extend/context.js",
    "start": 1604910167000,
    "end": 1604910167001,
    "duration": 1,
    "pid": 12600,
    "index": 53
  },
  {
    "name": "Require(46) app/extend/context.js",
    "start": 1604910167001,
    "end": 1604910167002,
    "duration": 1,
    "pid": 12600,
    "index": 54
  },
  {
    "name": "Load extend/helper.js",
    "start": 1604910167005,
    "end": 1604910167021,
    "duration": 16,
    "pid": 12600,
    "index": 55
  },
  {
    "name": "Require(47) node_modules/egg-security/app/extend/helper.js",
    "start": 1604910167005,
    "end": 1604910167015,
    "duration": 10,
    "pid": 12600,
    "index": 56
  },
  {
    "name": "Require(48) node_modules/egg/app/extend/helper.js",
    "start": 1604910167018,
    "end": 1604910167018,
    "duration": 0,
    "pid": 12600,
    "index": 57
  },
  {
    "name": "Require(49) app/extend/helper.js",
    "start": 1604910167018,
    "end": 1604910167018,
    "duration": 0,
    "pid": 12600,
    "index": 58
  },
  {
    "name": "Load app.js",
    "start": 1604910167021,
    "end": 1604910167255,
    "duration": 234,
    "pid": 12600,
    "index": 59
  },
  {
    "name": "Require(50) node_modules/egg-session/app.js",
    "start": 1604910167021,
    "end": 1604910167021,
    "duration": 0,
    "pid": 12600,
    "index": 60
  },
  {
    "name": "Require(51) node_modules/egg-security/app.js",
    "start": 1604910167022,
    "end": 1604910167022,
    "duration": 0,
    "pid": 12600,
    "index": 61
  },
  {
    "name": "Require(52) node_modules/egg-onerror/app.js",
    "start": 1604910167023,
    "end": 1604910167027,
    "duration": 4,
    "pid": 12600,
    "index": 62
  },
  {
    "name": "Require(53) node_modules/egg-i18n/app.js",
    "start": 1604910167027,
    "end": 1604910167038,
    "duration": 11,
    "pid": 12600,
    "index": 63
  },
  {
    "name": "Require(54) node_modules/egg-watcher/app.js",
    "start": 1604910167038,
    "end": 1604910167040,
    "duration": 2,
    "pid": 12600,
    "index": 64
  },
  {
    "name": "Require(55) node_modules/egg-schedule/app.js",
    "start": 1604910167041,
    "end": 1604910167042,
    "duration": 1,
    "pid": 12600,
    "index": 65
  },
  {
    "name": "Require(56) node_modules/egg-multipart/app.js",
    "start": 1604910167043,
    "end": 1604910167043,
    "duration": 0,
    "pid": 12600,
    "index": 66
  },
  {
    "name": "Require(57) node_modules/egg-development/app.js",
    "start": 1604910167044,
    "end": 1604910167044,
    "duration": 0,
    "pid": 12600,
    "index": 67
  },
  {
    "name": "Require(58) node_modules/egg-logrotator/app.js",
    "start": 1604910167044,
    "end": 1604910167045,
    "duration": 1,
    "pid": 12600,
    "index": 68
  },
  {
    "name": "Require(59) node_modules/egg-static/app.js",
    "start": 1604910167045,
    "end": 1604910167045,
    "duration": 0,
    "pid": 12600,
    "index": 69
  },
  {
    "name": "Require(60) node_modules/egg-cors/app.js",
    "start": 1604910167046,
    "end": 1604910167046,
    "duration": 0,
    "pid": 12600,
    "index": 70
  },
  {
    "name": "Require(61) node_modules/egg-sequelize/app.js",
    "start": 1604910167046,
    "end": 1604910167046,
    "duration": 0,
    "pid": 12600,
    "index": 71
  },
  {
    "name": "Require(62) node_modules/egg-valparams/app.js",
    "start": 1604910167046,
    "end": 1604910167195,
    "duration": 149,
    "pid": 12600,
    "index": 72
  },
  {
    "name": "Require(63) node_modules/egg-jwt/app.js",
    "start": 1604910167196,
    "end": 1604910167196,
    "duration": 0,
    "pid": 12600,
    "index": 73
  },
  {
    "name": "Require(64) node_modules/egg-redis/app.js",
    "start": 1604910167196,
    "end": 1604910167197,
    "duration": 1,
    "pid": 12600,
    "index": 74
  },
  {
    "name": "Require(65) node_modules/egg-socket.io/app.js",
    "start": 1604910167197,
    "end": 1604910167231,
    "duration": 34,
    "pid": 12600,
    "index": 75
  },
  {
    "name": "Require(66) node_modules/egg-view-nunjucks/app.js",
    "start": 1604910167231,
    "end": 1604910167231,
    "duration": 0,
    "pid": 12600,
    "index": 76
  },
  {
    "name": "Require(67) node_modules/egg-tenpay/app.js",
    "start": 1604910167231,
    "end": 1604910167254,
    "duration": 23,
    "pid": 12600,
    "index": 77
  },
  {
    "name": "Before Start in node_modules/egg-watcher/lib/init.js:15:14",
    "start": 1604910167264,
    "end": 1604910167644,
    "duration": 380,
    "pid": 12600,
    "index": 78
  },
  {
    "name": "Load \"Symbol(model)\" to Application",
    "start": 1604910167374,
    "end": 1604910167393,
    "duration": 19,
    "pid": 12600,
    "index": 79
  },
  {
    "name": "Before Start in node_modules/egg-sequelize/lib/loader.js:39:7",
    "start": 1604910167398,
    "end": 1604910167656,
    "duration": 258,
    "pid": 12600,
    "index": 80
  },
  {
    "name": "Before Start in node_modules/egg-redis/lib/redis.js:53:7",
    "start": 1604910167430,
    "end": 1604910167628,
    "duration": 198,
    "pid": 12600,
    "index": 81
  },
  {
    "name": "Load Controller",
    "start": 1604910167441,
    "end": 1604910167594,
    "duration": 153,
    "pid": 12600,
    "index": 82
  },
  {
    "name": "Load \"controller\" to Application",
    "start": 1604910167441,
    "end": 1604910167594,
    "duration": 153,
    "pid": 12600,
    "index": 83
  },
  {
    "name": "Before Start in node_modules/egg-socket.io/lib/io.js:26:7",
    "start": 1604910167447,
    "end": 1604910167621,
    "duration": 174,
    "pid": 12600,
    "index": 84
  },
  {
    "name": "Did Load in node_modules/egg-tenpay/app.js:didLoad",
    "start": 1604910167450,
    "end": 1604910167621,
    "duration": 171,
    "pid": 12600,
    "index": 85
  },
  {
    "name": "Load Service",
    "start": 1604910167450,
    "end": 1604910167531,
    "duration": 81,
    "pid": 12600,
    "index": 86
  },
  {
    "name": "Load \"service\" to Context",
    "start": 1604910167450,
    "end": 1604910167531,
    "duration": 81,
    "pid": 12600,
    "index": 87
  },
  {
    "name": "Load Middleware",
    "start": 1604910167531,
    "end": 1604910167594,
    "duration": 63,
    "pid": 12600,
    "index": 88
  },
  {
    "name": "Load \"middlewares\" to Application",
    "start": 1604910167531,
    "end": 1604910167584,
    "duration": 53,
    "pid": 12600,
    "index": 89
  },
  {
    "name": "Load Controller",
    "start": 1604910167594,
    "end": 1604910167607,
    "duration": 13,
    "pid": 12600,
    "index": 90
  },
  {
    "name": "Load \"controller\" to Application",
    "start": 1604910167594,
    "end": 1604910167607,
    "duration": 13,
    "pid": 12600,
    "index": 91
  },
  {
    "name": "Load Router",
    "start": 1604910167607,
    "end": 1604910167609,
    "duration": 2,
    "pid": 12600,
    "index": 92
  },
  {
    "name": "Require(68) app/router.js",
    "start": 1604910167608,
    "end": 1604910167608,
    "duration": 0,
    "pid": 12600,
    "index": 93
  },
  {
    "name": "Before Start in node_modules/egg-core/lib/egg.js:303:10",
    "start": 1604910167608,
    "end": 1604910167621,
    "duration": 13,
    "pid": 12600,
    "index": 94
  }
]