[
  {
    "name": "Process Start",
    "start": 1604909855378,
    "end": 1604909856116,
    "duration": 738,
    "pid": 23464,
    "index": 0
  },
  {
    "name": "Application Start",
    "start": 1604909856117,
    "end": 1604909858755,
    "duration": 2638,
    "pid": 23464,
    "index": 1
  },
  {
    "name": "Load Plugin",
    "start": 1604909856120,
    "end": 1604909856136,
    "duration": 16,
    "pid": 23464,
    "index": 2
  },
  {
    "name": "Load Config",
    "start": 1604909856136,
    "end": 1604909856165,
    "duration": 29,
    "pid": 23464,
    "index": 3
  },
  {
    "name": "Require(0) config/config.default.js",
    "start": 1604909856136,
    "end": 1604909856137,
    "duration": 1,
    "pid": 23464,
    "index": 4
  },
  {
    "name": "Require(1) node_modules/egg-session/config/config.default.js",
    "start": 1604909856139,
    "end": 1604909856139,
    "duration": 0,
    "pid": 23464,
    "index": 5
  },
  {
    "name": "Require(2) node_modules/egg-security/config/config.default.js",
    "start": 1604909856140,
    "end": 1604909856140,
    "duration": 0,
    "pid": 23464,
    "index": 6
  },
  {
    "name": "Require(3) node_modules/egg-jsonp/config/config.default.js",
    "start": 1604909856141,
    "end": 1604909856142,
    "duration": 1,
    "pid": 23464,
    "index": 7
  },
  {
    "name": "Require(4) node_modules/egg-onerror/config/config.default.js",
    "start": 1604909856142,
    "end": 1604909856142,
    "duration": 0,
    "pid": 23464,
    "index": 8
  },
  {
    "name": "Require(5) node_modules/egg-i18n/config/config.default.js",
    "start": 1604909856143,
    "end": 1604909856143,
    "duration": 0,
    "pid": 23464,
    "index": 9
  },
  {
    "name": "Require(6) node_modules/egg-watcher/config/config.default.js",
    "start": 1604909856143,
    "end": 1604909856144,
    "duration": 1,
    "pid": 23464,
    "index": 10
  },
  {
    "name": "Require(7) node_modules/egg-schedule/config/config.default.js",
    "start": 1604909856144,
    "end": 1604909856144,
    "duration": 0,
    "pid": 23464,
    "index": 11
  },
  {
    "name": "Require(8) node_modules/egg-multipart/config/config.default.js",
    "start": 1604909856145,
    "end": 1604909856145,
    "duration": 0,
    "pid": 23464,
    "index": 12
  },
  {
    "name": "Require(9) node_modules/egg-development/config/config.default.js",
    "start": 1604909856146,
    "end": 1604909856146,
    "duration": 0,
    "pid": 23464,
    "index": 13
  },
  {
    "name": "Require(10) node_modules/egg-logrotator/config/config.default.js",
    "start": 1604909856147,
    "end": 1604909856147,
    "duration": 0,
    "pid": 23464,
    "index": 14
  },
  {
    "name": "Require(11) node_modules/egg-static/config/config.default.js",
    "start": 1604909856148,
    "end": 1604909856148,
    "duration": 0,
    "pid": 23464,
    "index": 15
  },
  {
    "name": "Require(12) node_modules/egg-view/config/config.default.js",
    "start": 1604909856148,
    "end": 1604909856149,
    "duration": 1,
    "pid": 23464,
    "index": 16
  },
  {
    "name": "Require(13) node_modules/egg-cors/config/config.default.js",
    "start": 1604909856149,
    "end": 1604909856150,
    "duration": 1,
    "pid": 23464,
    "index": 17
  },
  {
    "name": "Require(14) node_modules/egg-sequelize/config/config.default.js",
    "start": 1604909856150,
    "end": 1604909856150,
    "duration": 0,
    "pid": 23464,
    "index": 18
  },
  {
    "name": "Require(15) node_modules/egg-valparams/config/config.default.js",
    "start": 1604909856150,
    "end": 1604909856151,
    "duration": 1,
    "pid": 23464,
    "index": 19
  },
  {
    "name": "Require(16) node_modules/egg-jwt/config/config.default.js",
    "start": 1604909856151,
    "end": 1604909856151,
    "duration": 0,
    "pid": 23464,
    "index": 20
  },
  {
    "name": "Require(17) node_modules/egg-redis/config/config.default.js",
    "start": 1604909856152,
    "end": 1604909856152,
    "duration": 0,
    "pid": 23464,
    "index": 21
  },
  {
    "name": "Require(18) node_modules/egg-socket.io/config/config.default.js",
    "start": 1604909856153,
    "end": 1604909856153,
    "duration": 0,
    "pid": 23464,
    "index": 22
  },
  {
    "name": "Require(19) node_modules/egg-view-nunjucks/config/config.default.js",
    "start": 1604909856153,
    "end": 1604909856154,
    "duration": 1,
    "pid": 23464,
    "index": 23
  },
  {
    "name": "Require(20) node_modules/egg-tenpay/config/config.default.js",
    "start": 1604909856154,
    "end": 1604909856154,
    "duration": 0,
    "pid": 23464,
    "index": 24
  },
  {
    "name": "Require(21) node_modules/egg/config/config.default.js",
    "start": 1604909856154,
    "end": 1604909856155,
    "duration": 1,
    "pid": 23464,
    "index": 25
  },
  {
    "name": "Require(22) config/config.default.js",
    "start": 1604909856157,
    "end": 1604909856157,
    "duration": 0,
    "pid": 23464,
    "index": 26
  },
  {
    "name": "Require(23) node_modules/egg-security/config/config.local.js",
    "start": 1604909856158,
    "end": 1604909856158,
    "duration": 0,
    "pid": 23464,
    "index": 27
  },
  {
    "name": "Require(24) node_modules/egg-watcher/config/config.local.js",
    "start": 1604909856160,
    "end": 1604909856160,
    "duration": 0,
    "pid": 23464,
    "index": 28
  },
  {
    "name": "Require(25) node_modules/egg-view/config/config.local.js",
    "start": 1604909856161,
    "end": 1604909856161,
    "duration": 0,
    "pid": 23464,
    "index": 29
  },
  {
    "name": "Require(26) node_modules/egg-view-nunjucks/config/config.local.js",
    "start": 1604909856163,
    "end": 1604909856163,
    "duration": 0,
    "pid": 23464,
    "index": 30
  },
  {
    "name": "Require(27) node_modules/egg/config/config.local.js",
    "start": 1604909856164,
    "end": 1604909856164,
    "duration": 0,
    "pid": 23464,
    "index": 31
  },
  {
    "name": "Load extend/application.js",
    "start": 1604909856166,
    "end": 1604909856717,
    "duration": 551,
    "pid": 23464,
    "index": 32
  },
  {
    "name": "Require(28) node_modules/egg-session/app/extend/application.js",
    "start": 1604909856166,
    "end": 1604909856168,
    "duration": 2,
    "pid": 23464,
    "index": 33
  },
  {
    "name": "Require(29) node_modules/egg-security/app/extend/application.js",
    "start": 1604909856168,
    "end": 1604909856193,
    "duration": 25,
    "pid": 23464,
    "index": 34
  },
  {
    "name": "Require(30) node_modules/egg-jsonp/app/extend/application.js",
    "start": 1604909856193,
    "end": 1604909856218,
    "duration": 25,
    "pid": 23464,
    "index": 35
  },
  {
    "name": "Require(31) node_modules/egg-logrotator/app/extend/application.js",
    "start": 1604909856219,
    "end": 1604909856220,
    "duration": 1,
    "pid": 23464,
    "index": 36
  },
  {
    "name": "Require(32) node_modules/egg-view/app/extend/application.js",
    "start": 1604909856221,
    "end": 1604909856223,
    "duration": 2,
    "pid": 23464,
    "index": 37
  },
  {
    "name": "Require(33) node_modules/egg-jwt/app/extend/application.js",
    "start": 1604909856224,
    "end": 1604909856277,
    "duration": 53,
    "pid": 23464,
    "index": 38
  },
  {
    "name": "Require(34) node_modules/egg-socket.io/app/extend/application.js",
    "start": 1604909856277,
    "end": 1604909856483,
    "duration": 206,
    "pid": 23464,
    "index": 39
  },
  {
    "name": "Require(35) node_modules/egg-view-nunjucks/app/extend/application.js",
    "start": 1604909856483,
    "end": 1604909856704,
    "duration": 221,
    "pid": 23464,
    "index": 40
  },
  {
    "name": "Require(36) app/extend/application.js",
    "start": 1604909856704,
    "end": 1604909856714,
    "duration": 10,
    "pid": 23464,
    "index": 41
  },
  {
    "name": "Load extend/request.js",
    "start": 1604909856717,
    "end": 1604909856744,
    "duration": 27,
    "pid": 23464,
    "index": 42
  },
  {
    "name": "Require(37) node_modules/egg/app/extend/request.js",
    "start": 1604909856720,
    "end": 1604909856741,
    "duration": 21,
    "pid": 23464,
    "index": 43
  },
  {
    "name": "Load extend/response.js",
    "start": 1604909856744,
    "end": 1604909856763,
    "duration": 19,
    "pid": 23464,
    "index": 44
  },
  {
    "name": "Require(38) node_modules/egg/app/extend/response.js",
    "start": 1604909856746,
    "end": 1604909856760,
    "duration": 14,
    "pid": 23464,
    "index": 45
  },
  {
    "name": "Load extend/context.js",
    "start": 1604909856763,
    "end": 1604909856822,
    "duration": 59,
    "pid": 23464,
    "index": 46
  },
  {
    "name": "Require(39) node_modules/egg-security/app/extend/context.js",
    "start": 1604909856764,
    "end": 1604909856770,
    "duration": 6,
    "pid": 23464,
    "index": 47
  },
  {
    "name": "Require(40) node_modules/egg-jsonp/app/extend/context.js",
    "start": 1604909856770,
    "end": 1604909856771,
    "duration": 1,
    "pid": 23464,
    "index": 48
  },
  {
    "name": "Require(41) node_modules/egg-i18n/app/extend/context.js",
    "start": 1604909856771,
    "end": 1604909856771,
    "duration": 0,
    "pid": 23464,
    "index": 49
  },
  {
    "name": "Require(42) node_modules/egg-multipart/app/extend/context.js",
    "start": 1604909856772,
    "end": 1604909856800,
    "duration": 28,
    "pid": 23464,
    "index": 50
  },
  {
    "name": "Require(43) node_modules/egg-view/app/extend/context.js",
    "start": 1604909856801,
    "end": 1604909856801,
    "duration": 0,
    "pid": 23464,
    "index": 51
  },
  {
    "name": "Require(44) node_modules/egg-valparams/app/extend/context.js",
    "start": 1604909856802,
    "end": 1604909856818,
    "duration": 16,
    "pid": 23464,
    "index": 52
  },
  {
    "name": "Require(45) node_modules/egg/app/extend/context.js",
    "start": 1604909856818,
    "end": 1604909856819,
    "duration": 1,
    "pid": 23464,
    "index": 53
  },
  {
    "name": "Require(46) app/extend/context.js",
    "start": 1604909856819,
    "end": 1604909856819,
    "duration": 0,
    "pid": 23464,
    "index": 54
  },
  {
    "name": "Load extend/helper.js",
    "start": 1604909856822,
    "end": 1604909856934,
    "duration": 112,
    "pid": 23464,
    "index": 55
  },
  {
    "name": "Require(47) node_modules/egg-security/app/extend/helper.js",
    "start": 1604909856822,
    "end": 1604909856921,
    "duration": 99,
    "pid": 23464,
    "index": 56
  },
  {
    "name": "Require(48) node_modules/egg/app/extend/helper.js",
    "start": 1604909856923,
    "end": 1604909856928,
    "duration": 5,
    "pid": 23464,
    "index": 57
  },
  {
    "name": "Require(49) app/extend/helper.js",
    "start": 1604909856929,
    "end": 1604909856929,
    "duration": 0,
    "pid": 23464,
    "index": 58
  },
  {
    "name": "Load app.js",
    "start": 1604909856935,
    "end": 1604909857655,
    "duration": 720,
    "pid": 23464,
    "index": 59
  },
  {
    "name": "Require(50) node_modules/egg-session/app.js",
    "start": 1604909856935,
    "end": 1604909856936,
    "duration": 1,
    "pid": 23464,
    "index": 60
  },
  {
    "name": "Require(51) node_modules/egg-security/app.js",
    "start": 1604909856937,
    "end": 1604909856938,
    "duration": 1,
    "pid": 23464,
    "index": 61
  },
  {
    "name": "Require(52) node_modules/egg-onerror/app.js",
    "start": 1604909856939,
    "end": 1604909856972,
    "duration": 33,
    "pid": 23464,
    "index": 62
  },
  {
    "name": "Require(53) node_modules/egg-i18n/app.js",
    "start": 1604909856972,
    "end": 1604909857074,
    "duration": 102,
    "pid": 23464,
    "index": 63
  },
  {
    "name": "Require(54) node_modules/egg-watcher/app.js",
    "start": 1604909857074,
    "end": 1604909857076,
    "duration": 2,
    "pid": 23464,
    "index": 64
  },
  {
    "name": "Require(55) node_modules/egg-schedule/app.js",
    "start": 1604909857076,
    "end": 1604909857077,
    "duration": 1,
    "pid": 23464,
    "index": 65
  },
  {
    "name": "Require(56) node_modules/egg-multipart/app.js",
    "start": 1604909857078,
    "end": 1604909857078,
    "duration": 0,
    "pid": 23464,
    "index": 66
  },
  {
    "name": "Require(57) node_modules/egg-development/app.js",
    "start": 1604909857079,
    "end": 1604909857079,
    "duration": 0,
    "pid": 23464,
    "index": 67
  },
  {
    "name": "Require(58) node_modules/egg-logrotator/app.js",
    "start": 1604909857079,
    "end": 1604909857079,
    "duration": 0,
    "pid": 23464,
    "index": 68
  },
  {
    "name": "Require(59) node_modules/egg-static/app.js",
    "start": 1604909857079,
    "end": 1604909857079,
    "duration": 0,
    "pid": 23464,
    "index": 69
  },
  {
    "name": "Require(60) node_modules/egg-cors/app.js",
    "start": 1604909857080,
    "end": 1604909857080,
    "duration": 0,
    "pid": 23464,
    "index": 70
  },
  {
    "name": "Require(61) node_modules/egg-sequelize/app.js",
    "start": 1604909857081,
    "end": 1604909857081,
    "duration": 0,
    "pid": 23464,
    "index": 71
  },
  {
    "name": "Require(62) node_modules/egg-valparams/app.js",
    "start": 1604909857081,
    "end": 1604909857443,
    "duration": 362,
    "pid": 23464,
    "index": 72
  },
  {
    "name": "Require(63) node_modules/egg-jwt/app.js",
    "start": 1604909857443,
    "end": 1604909857443,
    "duration": 0,
    "pid": 23464,
    "index": 73
  },
  {
    "name": "Require(64) node_modules/egg-redis/app.js",
    "start": 1604909857444,
    "end": 1604909857444,
    "duration": 0,
    "pid": 23464,
    "index": 74
  },
  {
    "name": "Require(65) node_modules/egg-socket.io/app.js",
    "start": 1604909857445,
    "end": 1604909857556,
    "duration": 111,
    "pid": 23464,
    "index": 75
  },
  {
    "name": "Require(66) node_modules/egg-view-nunjucks/app.js",
    "start": 1604909857556,
    "end": 1604909857556,
    "duration": 0,
    "pid": 23464,
    "index": 76
  },
  {
    "name": "Require(67) node_modules/egg-tenpay/app.js",
    "start": 1604909857557,
    "end": 1604909857654,
    "duration": 97,
    "pid": 23464,
    "index": 77
  },
  {
    "name": "Before Start in node_modules/egg-watcher/lib/init.js:15:14",
    "start": 1604909857670,
    "end": 1604909858744,
    "duration": 1074,
    "pid": 23464,
    "index": 78
  },
  {
    "name": "Load \"Symbol(model)\" to Application",
    "start": 1604909857770,
    "end": 1604909857786,
    "duration": 16,
    "pid": 23464,
    "index": 79
  },
  {
    "name": "Before Start in node_modules/egg-sequelize/lib/loader.js:39:7",
    "start": 1604909857791,
    "end": 1604909858754,
    "duration": 963,
    "pid": 23464,
    "index": 80
  },
  {
    "name": "Before Start in node_modules/egg-redis/lib/redis.js:53:7",
    "start": 1604909857871,
    "end": 1604909858727,
    "duration": 856,
    "pid": 23464,
    "index": 81
  },
  {
    "name": "Load Controller",
    "start": 1604909857887,
    "end": 1604909858612,
    "duration": 725,
    "pid": 23464,
    "index": 82
  },
  {
    "name": "Load \"controller\" to Application",
    "start": 1604909857887,
    "end": 1604909858612,
    "duration": 725,
    "pid": 23464,
    "index": 83
  },
  {
    "name": "Before Start in node_modules/egg-socket.io/lib/io.js:26:7",
    "start": 1604909857908,
    "end": 1604909858720,
    "duration": 812,
    "pid": 23464,
    "index": 84
  },
  {
    "name": "Did Load in node_modules/egg-tenpay/app.js:didLoad",
    "start": 1604909857910,
    "end": 1604909858720,
    "duration": 810,
    "pid": 23464,
    "index": 85
  },
  {
    "name": "Load Service",
    "start": 1604909857911,
    "end": 1604909858190,
    "duration": 279,
    "pid": 23464,
    "index": 86
  },
  {
    "name": "Load \"service\" to Context",
    "start": 1604909857911,
    "end": 1604909858190,
    "duration": 279,
    "pid": 23464,
    "index": 87
  },
  {
    "name": "Load Middleware",
    "start": 1604909858190,
    "end": 1604909858612,
    "duration": 422,
    "pid": 23464,
    "index": 88
  },
  {
    "name": "Load \"middlewares\" to Application",
    "start": 1604909858190,
    "end": 1604909858585,
    "duration": 395,
    "pid": 23464,
    "index": 89
  },
  {
    "name": "Load Controller",
    "start": 1604909858612,
    "end": 1604909858692,
    "duration": 80,
    "pid": 23464,
    "index": 90
  },
  {
    "name": "Load \"controller\" to Application",
    "start": 1604909858612,
    "end": 1604909858692,
    "duration": 80,
    "pid": 23464,
    "index": 91
  },
  {
    "name": "Load Router",
    "start": 1604909858692,
    "end": 1604909858706,
    "duration": 14,
    "pid": 23464,
    "index": 92
  },
  {
    "name": "Require(68) app/router.js",
    "start": 1604909858692,
    "end": 1604909858704,
    "duration": 12,
    "pid": 23464,
    "index": 93
  },
  {
    "name": "Before Start in node_modules/egg-core/lib/egg.js:303:10",
    "start": 1604909858705,
    "end": 1604909858720,
    "duration": 15,
    "pid": 23464,
    "index": 94
  }
]