[
  {
    "name": "Process Start",
    "start": 1604910241028,
    "end": 1604910241786,
    "duration": 758,
    "pid": 12004,
    "index": 0
  },
  {
    "name": "Application Start",
    "start": 1604910241786,
    "end": 1604910242575,
    "duration": 789,
    "pid": 12004,
    "index": 1
  },
  {
    "name": "Load Plugin",
    "start": 1604910241790,
    "end": 1604910241803,
    "duration": 13,
    "pid": 12004,
    "index": 2
  },
  {
    "name": "Load Config",
    "start": 1604910241803,
    "end": 1604910241824,
    "duration": 21,
    "pid": 12004,
    "index": 3
  },
  {
    "name": "Require(0) config/config.default.js",
    "start": 1604910241804,
    "end": 1604910241804,
    "duration": 0,
    "pid": 12004,
    "index": 4
  },
  {
    "name": "Require(1) node_modules/egg-session/config/config.default.js",
    "start": 1604910241806,
    "end": 1604910241806,
    "duration": 0,
    "pid": 12004,
    "index": 5
  },
  {
    "name": "Require(2) node_modules/egg-security/config/config.default.js",
    "start": 1604910241806,
    "end": 1604910241807,
    "duration": 1,
    "pid": 12004,
    "index": 6
  },
  {
    "name": "Require(3) node_modules/egg-jsonp/config/config.default.js",
    "start": 1604910241808,
    "end": 1604910241808,
    "duration": 0,
    "pid": 12004,
    "index": 7
  },
  {
    "name": "Require(4) node_modules/egg-onerror/config/config.default.js",
    "start": 1604910241808,
    "end": 1604910241809,
    "duration": 1,
    "pid": 12004,
    "index": 8
  },
  {
    "name": "Require(5) node_modules/egg-i18n/config/config.default.js",
    "start": 1604910241809,
    "end": 1604910241809,
    "duration": 0,
    "pid": 12004,
    "index": 9
  },
  {
    "name": "Require(6) node_modules/egg-watcher/config/config.default.js",
    "start": 1604910241810,
    "end": 1604910241810,
    "duration": 0,
    "pid": 12004,
    "index": 10
  },
  {
    "name": "Require(7) node_modules/egg-schedule/config/config.default.js",
    "start": 1604910241810,
    "end": 1604910241811,
    "duration": 1,
    "pid": 12004,
    "index": 11
  },
  {
    "name": "Require(8) node_modules/egg-multipart/config/config.default.js",
    "start": 1604910241811,
    "end": 1604910241811,
    "duration": 0,
    "pid": 12004,
    "index": 12
  },
  {
    "name": "Require(9) node_modules/egg-development/config/config.default.js",
    "start": 1604910241812,
    "end": 1604910241812,
    "duration": 0,
    "pid": 12004,
    "index": 13
  },
  {
    "name": "Require(10) node_modules/egg-logrotator/config/config.default.js",
    "start": 1604910241812,
    "end": 1604910241812,
    "duration": 0,
    "pid": 12004,
    "index": 14
  },
  {
    "name": "Require(11) node_modules/egg-static/config/config.default.js",
    "start": 1604910241813,
    "end": 1604910241813,
    "duration": 0,
    "pid": 12004,
    "index": 15
  },
  {
    "name": "Require(12) node_modules/egg-view/config/config.default.js",
    "start": 1604910241813,
    "end": 1604910241814,
    "duration": 1,
    "pid": 12004,
    "index": 16
  },
  {
    "name": "Require(13) node_modules/egg-cors/config/config.default.js",
    "start": 1604910241814,
    "end": 1604910241814,
    "duration": 0,
    "pid": 12004,
    "index": 17
  },
  {
    "name": "Require(14) node_modules/egg-sequelize/config/config.default.js",
    "start": 1604910241815,
    "end": 1604910241815,
    "duration": 0,
    "pid": 12004,
    "index": 18
  },
  {
    "name": "Require(15) node_modules/egg-valparams/config/config.default.js",
    "start": 1604910241815,
    "end": 1604910241815,
    "duration": 0,
    "pid": 12004,
    "index": 19
  },
  {
    "name": "Require(16) node_modules/egg-jwt/config/config.default.js",
    "start": 1604910241816,
    "end": 1604910241816,
    "duration": 0,
    "pid": 12004,
    "index": 20
  },
  {
    "name": "Require(17) node_modules/egg-redis/config/config.default.js",
    "start": 1604910241816,
    "end": 1604910241816,
    "duration": 0,
    "pid": 12004,
    "index": 21
  },
  {
    "name": "Require(18) node_modules/egg-socket.io/config/config.default.js",
    "start": 1604910241817,
    "end": 1604910241817,
    "duration": 0,
    "pid": 12004,
    "index": 22
  },
  {
    "name": "Require(19) node_modules/egg-view-nunjucks/config/config.default.js",
    "start": 1604910241817,
    "end": 1604910241818,
    "duration": 1,
    "pid": 12004,
    "index": 23
  },
  {
    "name": "Require(20) node_modules/egg-tenpay/config/config.default.js",
    "start": 1604910241818,
    "end": 1604910241818,
    "duration": 0,
    "pid": 12004,
    "index": 24
  },
  {
    "name": "Require(21) node_modules/egg/config/config.default.js",
    "start": 1604910241818,
    "end": 1604910241819,
    "duration": 1,
    "pid": 12004,
    "index": 25
  },
  {
    "name": "Require(22) config/config.default.js",
    "start": 1604910241820,
    "end": 1604910241820,
    "duration": 0,
    "pid": 12004,
    "index": 26
  },
  {
    "name": "Require(23) node_modules/egg-security/config/config.local.js",
    "start": 1604910241820,
    "end": 1604910241820,
    "duration": 0,
    "pid": 12004,
    "index": 27
  },
  {
    "name": "Require(24) node_modules/egg-watcher/config/config.local.js",
    "start": 1604910241821,
    "end": 1604910241821,
    "duration": 0,
    "pid": 12004,
    "index": 28
  },
  {
    "name": "Require(25) node_modules/egg-view/config/config.local.js",
    "start": 1604910241822,
    "end": 1604910241822,
    "duration": 0,
    "pid": 12004,
    "index": 29
  },
  {
    "name": "Require(26) node_modules/egg-view-nunjucks/config/config.local.js",
    "start": 1604910241823,
    "end": 1604910241824,
    "duration": 1,
    "pid": 12004,
    "index": 30
  },
  {
    "name": "Require(27) node_modules/egg/config/config.local.js",
    "start": 1604910241824,
    "end": 1604910241824,
    "duration": 0,
    "pid": 12004,
    "index": 31
  },
  {
    "name": "Load extend/application.js",
    "start": 1604910241825,
    "end": 1604910241914,
    "duration": 89,
    "pid": 12004,
    "index": 32
  },
  {
    "name": "Require(28) node_modules/egg-session/app/extend/application.js",
    "start": 1604910241825,
    "end": 1604910241826,
    "duration": 1,
    "pid": 12004,
    "index": 33
  },
  {
    "name": "Require(29) node_modules/egg-security/app/extend/application.js",
    "start": 1604910241826,
    "end": 1604910241827,
    "duration": 1,
    "pid": 12004,
    "index": 34
  },
  {
    "name": "Require(30) node_modules/egg-jsonp/app/extend/application.js",
    "start": 1604910241827,
    "end": 1604910241828,
    "duration": 1,
    "pid": 12004,
    "index": 35
  },
  {
    "name": "Require(31) node_modules/egg-logrotator/app/extend/application.js",
    "start": 1604910241829,
    "end": 1604910241830,
    "duration": 1,
    "pid": 12004,
    "index": 36
  },
  {
    "name": "Require(32) node_modules/egg-view/app/extend/application.js",
    "start": 1604910241830,
    "end": 1604910241831,
    "duration": 1,
    "pid": 12004,
    "index": 37
  },
  {
    "name": "Require(33) node_modules/egg-jwt/app/extend/application.js",
    "start": 1604910241832,
    "end": 1604910241856,
    "duration": 24,
    "pid": 12004,
    "index": 38
  },
  {
    "name": "Require(34) node_modules/egg-socket.io/app/extend/application.js",
    "start": 1604910241857,
    "end": 1604910241891,
    "duration": 34,
    "pid": 12004,
    "index": 39
  },
  {
    "name": "Require(35) node_modules/egg-view-nunjucks/app/extend/application.js",
    "start": 1604910241892,
    "end": 1604910241910,
    "duration": 18,
    "pid": 12004,
    "index": 40
  },
  {
    "name": "Require(36) app/extend/application.js",
    "start": 1604910241911,
    "end": 1604910241911,
    "duration": 0,
    "pid": 12004,
    "index": 41
  },
  {
    "name": "Load extend/request.js",
    "start": 1604910241914,
    "end": 1604910241920,
    "duration": 6,
    "pid": 12004,
    "index": 42
  },
  {
    "name": "Require(37) node_modules/egg/app/extend/request.js",
    "start": 1604910241916,
    "end": 1604910241917,
    "duration": 1,
    "pid": 12004,
    "index": 43
  },
  {
    "name": "Load extend/response.js",
    "start": 1604910241920,
    "end": 1604910241926,
    "duration": 6,
    "pid": 12004,
    "index": 44
  },
  {
    "name": "Require(38) node_modules/egg/app/extend/response.js",
    "start": 1604910241922,
    "end": 1604910241923,
    "duration": 1,
    "pid": 12004,
    "index": 45
  },
  {
    "name": "Load extend/context.js",
    "start": 1604910241926,
    "end": 1604910241983,
    "duration": 57,
    "pid": 12004,
    "index": 46
  },
  {
    "name": "Require(39) node_modules/egg-security/app/extend/context.js",
    "start": 1604910241926,
    "end": 1604910241932,
    "duration": 6,
    "pid": 12004,
    "index": 47
  },
  {
    "name": "Require(40) node_modules/egg-jsonp/app/extend/context.js",
    "start": 1604910241932,
    "end": 1604910241933,
    "duration": 1,
    "pid": 12004,
    "index": 48
  },
  {
    "name": "Require(41) node_modules/egg-i18n/app/extend/context.js",
    "start": 1604910241933,
    "end": 1604910241934,
    "duration": 1,
    "pid": 12004,
    "index": 49
  },
  {
    "name": "Require(42) node_modules/egg-multipart/app/extend/context.js",
    "start": 1604910241934,
    "end": 1604910241960,
    "duration": 26,
    "pid": 12004,
    "index": 50
  },
  {
    "name": "Require(43) node_modules/egg-view/app/extend/context.js",
    "start": 1604910241961,
    "end": 1604910241961,
    "duration": 0,
    "pid": 12004,
    "index": 51
  },
  {
    "name": "Require(44) node_modules/egg-valparams/app/extend/context.js",
    "start": 1604910241962,
    "end": 1604910241977,
    "duration": 15,
    "pid": 12004,
    "index": 52
  },
  {
    "name": "Require(45) node_modules/egg/app/extend/context.js",
    "start": 1604910241978,
    "end": 1604910241978,
    "duration": 0,
    "pid": 12004,
    "index": 53
  },
  {
    "name": "Require(46) app/extend/context.js",
    "start": 1604910241979,
    "end": 1604910241980,
    "duration": 1,
    "pid": 12004,
    "index": 54
  },
  {
    "name": "Load extend/helper.js",
    "start": 1604910241983,
    "end": 1604910241999,
    "duration": 16,
    "pid": 12004,
    "index": 55
  },
  {
    "name": "Require(47) node_modules/egg-security/app/extend/helper.js",
    "start": 1604910241983,
    "end": 1604910241993,
    "duration": 10,
    "pid": 12004,
    "index": 56
  },
  {
    "name": "Require(48) node_modules/egg/app/extend/helper.js",
    "start": 1604910241995,
    "end": 1604910241996,
    "duration": 1,
    "pid": 12004,
    "index": 57
  },
  {
    "name": "Require(49) app/extend/helper.js",
    "start": 1604910241996,
    "end": 1604910241996,
    "duration": 0,
    "pid": 12004,
    "index": 58
  },
  {
    "name": "Load app.js",
    "start": 1604910241999,
    "end": 1604910242213,
    "duration": 214,
    "pid": 12004,
    "index": 59
  },
  {
    "name": "Require(50) node_modules/egg-session/app.js",
    "start": 1604910241999,
    "end": 1604910241999,
    "duration": 0,
    "pid": 12004,
    "index": 60
  },
  {
    "name": "Require(51) node_modules/egg-security/app.js",
    "start": 1604910241999,
    "end": 1604910242000,
    "duration": 1,
    "pid": 12004,
    "index": 61
  },
  {
    "name": "Require(52) node_modules/egg-onerror/app.js",
    "start": 1604910242001,
    "end": 1604910242004,
    "duration": 3,
    "pid": 12004,
    "index": 62
  },
  {
    "name": "Require(53) node_modules/egg-i18n/app.js",
    "start": 1604910242005,
    "end": 1604910242015,
    "duration": 10,
    "pid": 12004,
    "index": 63
  },
  {
    "name": "Require(54) node_modules/egg-watcher/app.js",
    "start": 1604910242015,
    "end": 1604910242017,
    "duration": 2,
    "pid": 12004,
    "index": 64
  },
  {
    "name": "Require(55) node_modules/egg-schedule/app.js",
    "start": 1604910242018,
    "end": 1604910242018,
    "duration": 0,
    "pid": 12004,
    "index": 65
  },
  {
    "name": "Require(56) node_modules/egg-multipart/app.js",
    "start": 1604910242019,
    "end": 1604910242019,
    "duration": 0,
    "pid": 12004,
    "index": 66
  },
  {
    "name": "Require(57) node_modules/egg-development/app.js",
    "start": 1604910242019,
    "end": 1604910242019,
    "duration": 0,
    "pid": 12004,
    "index": 67
  },
  {
    "name": "Require(58) node_modules/egg-logrotator/app.js",
    "start": 1604910242020,
    "end": 1604910242020,
    "duration": 0,
    "pid": 12004,
    "index": 68
  },
  {
    "name": "Require(59) node_modules/egg-static/app.js",
    "start": 1604910242020,
    "end": 1604910242020,
    "duration": 0,
    "pid": 12004,
    "index": 69
  },
  {
    "name": "Require(60) node_modules/egg-cors/app.js",
    "start": 1604910242020,
    "end": 1604910242021,
    "duration": 1,
    "pid": 12004,
    "index": 70
  },
  {
    "name": "Require(61) node_modules/egg-sequelize/app.js",
    "start": 1604910242021,
    "end": 1604910242021,
    "duration": 0,
    "pid": 12004,
    "index": 71
  },
  {
    "name": "Require(62) node_modules/egg-valparams/app.js",
    "start": 1604910242021,
    "end": 1604910242157,
    "duration": 136,
    "pid": 12004,
    "index": 72
  },
  {
    "name": "Require(63) node_modules/egg-jwt/app.js",
    "start": 1604910242157,
    "end": 1604910242157,
    "duration": 0,
    "pid": 12004,
    "index": 73
  },
  {
    "name": "Require(64) node_modules/egg-redis/app.js",
    "start": 1604910242157,
    "end": 1604910242158,
    "duration": 1,
    "pid": 12004,
    "index": 74
  },
  {
    "name": "Require(65) node_modules/egg-socket.io/app.js",
    "start": 1604910242158,
    "end": 1604910242190,
    "duration": 32,
    "pid": 12004,
    "index": 75
  },
  {
    "name": "Require(66) node_modules/egg-view-nunjucks/app.js",
    "start": 1604910242190,
    "end": 1604910242190,
    "duration": 0,
    "pid": 12004,
    "index": 76
  },
  {
    "name": "Require(67) node_modules/egg-tenpay/app.js",
    "start": 1604910242191,
    "end": 1604910242212,
    "duration": 21,
    "pid": 12004,
    "index": 77
  },
  {
    "name": "Before Start in node_modules/egg-watcher/lib/init.js:15:14",
    "start": 1604910242221,
    "end": 1604910242565,
    "duration": 344,
    "pid": 12004,
    "index": 78
  },
  {
    "name": "Load \"Symbol(model)\" to Application",
    "start": 1604910242323,
    "end": 1604910242338,
    "duration": 15,
    "pid": 12004,
    "index": 79
  },
  {
    "name": "Before Start in node_modules/egg-sequelize/lib/loader.js:39:7",
    "start": 1604910242343,
    "end": 1604910242575,
    "duration": 232,
    "pid": 12004,
    "index": 80
  },
  {
    "name": "Before Start in node_modules/egg-redis/lib/redis.js:53:7",
    "start": 1604910242372,
    "end": 1604910242550,
    "duration": 178,
    "pid": 12004,
    "index": 81
  },
  {
    "name": "Load Controller",
    "start": 1604910242380,
    "end": 1604910242516,
    "duration": 136,
    "pid": 12004,
    "index": 82
  },
  {
    "name": "Load \"controller\" to Application",
    "start": 1604910242380,
    "end": 1604910242516,
    "duration": 136,
    "pid": 12004,
    "index": 83
  },
  {
    "name": "Before Start in node_modules/egg-socket.io/lib/io.js:26:7",
    "start": 1604910242386,
    "end": 1604910242543,
    "duration": 157,
    "pid": 12004,
    "index": 84
  },
  {
    "name": "Did Load in node_modules/egg-tenpay/app.js:didLoad",
    "start": 1604910242389,
    "end": 1604910242543,
    "duration": 154,
    "pid": 12004,
    "index": 85
  },
  {
    "name": "Load Service",
    "start": 1604910242389,
    "end": 1604910242456,
    "duration": 67,
    "pid": 12004,
    "index": 86
  },
  {
    "name": "Load \"service\" to Context",
    "start": 1604910242389,
    "end": 1604910242456,
    "duration": 67,
    "pid": 12004,
    "index": 87
  },
  {
    "name": "Load Middleware",
    "start": 1604910242457,
    "end": 1604910242516,
    "duration": 59,
    "pid": 12004,
    "index": 88
  },
  {
    "name": "Load \"middlewares\" to Application",
    "start": 1604910242457,
    "end": 1604910242507,
    "duration": 50,
    "pid": 12004,
    "index": 89
  },
  {
    "name": "Load Controller",
    "start": 1604910242516,
    "end": 1604910242528,
    "duration": 12,
    "pid": 12004,
    "index": 90
  },
  {
    "name": "Load \"controller\" to Application",
    "start": 1604910242516,
    "end": 1604910242528,
    "duration": 12,
    "pid": 12004,
    "index": 91
  },
  {
    "name": "Load Router",
    "start": 1604910242528,
    "end": 1604910242531,
    "duration": 3,
    "pid": 12004,
    "index": 92
  },
  {
    "name": "Require(68) app/router.js",
    "start": 1604910242529,
    "end": 1604910242529,
    "duration": 0,
    "pid": 12004,
    "index": 93
  },
  {
    "name": "Before Start in node_modules/egg-core/lib/egg.js:303:10",
    "start": 1604910242529,
    "end": 1604910242543,
    "duration": 14,
    "pid": 12004,
    "index": 94
  }
]