[
  {
    "name": "Process Start",
    "start": 1604910235471,
    "end": 1604910236160,
    "duration": 689,
    "pid": 24064,
    "index": 0
  },
  {
    "name": "Application Start",
    "start": 1604910236161,
    "end": 1604910237059,
    "duration": 898,
    "pid": 24064,
    "index": 1
  },
  {
    "name": "Load Plugin",
    "start": 1604910236165,
    "end": 1604910236179,
    "duration": 14,
    "pid": 24064,
    "index": 2
  },
  {
    "name": "Load Config",
    "start": 1604910236179,
    "end": 1604910236204,
    "duration": 25,
    "pid": 24064,
    "index": 3
  },
  {
    "name": "Require(0) config/config.default.js",
    "start": 1604910236180,
    "end": 1604910236180,
    "duration": 0,
    "pid": 24064,
    "index": 4
  },
  {
    "name": "Require(1) node_modules/egg-session/config/config.default.js",
    "start": 1604910236182,
    "end": 1604910236182,
    "duration": 0,
    "pid": 24064,
    "index": 5
  },
  {
    "name": "Require(2) node_modules/egg-security/config/config.default.js",
    "start": 1604910236183,
    "end": 1604910236183,
    "duration": 0,
    "pid": 24064,
    "index": 6
  },
  {
    "name": "Require(3) node_modules/egg-jsonp/config/config.default.js",
    "start": 1604910236184,
    "end": 1604910236184,
    "duration": 0,
    "pid": 24064,
    "index": 7
  },
  {
    "name": "Require(4) node_modules/egg-onerror/config/config.default.js",
    "start": 1604910236185,
    "end": 1604910236185,
    "duration": 0,
    "pid": 24064,
    "index": 8
  },
  {
    "name": "Require(5) node_modules/egg-i18n/config/config.default.js",
    "start": 1604910236186,
    "end": 1604910236186,
    "duration": 0,
    "pid": 24064,
    "index": 9
  },
  {
    "name": "Require(6) node_modules/egg-watcher/config/config.default.js",
    "start": 1604910236187,
    "end": 1604910236187,
    "duration": 0,
    "pid": 24064,
    "index": 10
  },
  {
    "name": "Require(7) node_modules/egg-schedule/config/config.default.js",
    "start": 1604910236188,
    "end": 1604910236188,
    "duration": 0,
    "pid": 24064,
    "index": 11
  },
  {
    "name": "Require(8) node_modules/egg-multipart/config/config.default.js",
    "start": 1604910236188,
    "end": 1604910236189,
    "duration": 1,
    "pid": 24064,
    "index": 12
  },
  {
    "name": "Require(9) node_modules/egg-development/config/config.default.js",
    "start": 1604910236189,
    "end": 1604910236190,
    "duration": 1,
    "pid": 24064,
    "index": 13
  },
  {
    "name": "Require(10) node_modules/egg-logrotator/config/config.default.js",
    "start": 1604910236190,
    "end": 1604910236191,
    "duration": 1,
    "pid": 24064,
    "index": 14
  },
  {
    "name": "Require(11) node_modules/egg-static/config/config.default.js",
    "start": 1604910236192,
    "end": 1604910236192,
    "duration": 0,
    "pid": 24064,
    "index": 15
  },
  {
    "name": "Require(12) node_modules/egg-view/config/config.default.js",
    "start": 1604910236193,
    "end": 1604910236193,
    "duration": 0,
    "pid": 24064,
    "index": 16
  },
  {
    "name": "Require(13) node_modules/egg-cors/config/config.default.js",
    "start": 1604910236193,
    "end": 1604910236193,
    "duration": 0,
    "pid": 24064,
    "index": 17
  },
  {
    "name": "Require(14) node_modules/egg-sequelize/config/config.default.js",
    "start": 1604910236194,
    "end": 1604910236194,
    "duration": 0,
    "pid": 24064,
    "index": 18
  },
  {
    "name": "Require(15) node_modules/egg-valparams/config/config.default.js",
    "start": 1604910236194,
    "end": 1604910236195,
    "duration": 1,
    "pid": 24064,
    "index": 19
  },
  {
    "name": "Require(16) node_modules/egg-jwt/config/config.default.js",
    "start": 1604910236195,
    "end": 1604910236195,
    "duration": 0,
    "pid": 24064,
    "index": 20
  },
  {
    "name": "Require(17) node_modules/egg-redis/config/config.default.js",
    "start": 1604910236195,
    "end": 1604910236196,
    "duration": 1,
    "pid": 24064,
    "index": 21
  },
  {
    "name": "Require(18) node_modules/egg-socket.io/config/config.default.js",
    "start": 1604910236196,
    "end": 1604910236196,
    "duration": 0,
    "pid": 24064,
    "index": 22
  },
  {
    "name": "Require(19) node_modules/egg-view-nunjucks/config/config.default.js",
    "start": 1604910236197,
    "end": 1604910236197,
    "duration": 0,
    "pid": 24064,
    "index": 23
  },
  {
    "name": "Require(20) node_modules/egg-tenpay/config/config.default.js",
    "start": 1604910236197,
    "end": 1604910236197,
    "duration": 0,
    "pid": 24064,
    "index": 24
  },
  {
    "name": "Require(21) node_modules/egg/config/config.default.js",
    "start": 1604910236198,
    "end": 1604910236198,
    "duration": 0,
    "pid": 24064,
    "index": 25
  },
  {
    "name": "Require(22) config/config.default.js",
    "start": 1604910236199,
    "end": 1604910236199,
    "duration": 0,
    "pid": 24064,
    "index": 26
  },
  {
    "name": "Require(23) node_modules/egg-security/config/config.local.js",
    "start": 1604910236200,
    "end": 1604910236200,
    "duration": 0,
    "pid": 24064,
    "index": 27
  },
  {
    "name": "Require(24) node_modules/egg-watcher/config/config.local.js",
    "start": 1604910236201,
    "end": 1604910236201,
    "duration": 0,
    "pid": 24064,
    "index": 28
  },
  {
    "name": "Require(25) node_modules/egg-view/config/config.local.js",
    "start": 1604910236202,
    "end": 1604910236202,
    "duration": 0,
    "pid": 24064,
    "index": 29
  },
  {
    "name": "Require(26) node_modules/egg-view-nunjucks/config/config.local.js",
    "start": 1604910236203,
    "end": 1604910236203,
    "duration": 0,
    "pid": 24064,
    "index": 30
  },
  {
    "name": "Require(27) node_modules/egg/config/config.local.js",
    "start": 1604910236204,
    "end": 1604910236204,
    "duration": 0,
    "pid": 24064,
    "index": 31
  },
  {
    "name": "Load extend/application.js",
    "start": 1604910236205,
    "end": 1604910236300,
    "duration": 95,
    "pid": 24064,
    "index": 32
  },
  {
    "name": "Require(28) node_modules/egg-session/app/extend/application.js",
    "start": 1604910236205,
    "end": 1604910236206,
    "duration": 1,
    "pid": 24064,
    "index": 33
  },
  {
    "name": "Require(29) node_modules/egg-security/app/extend/application.js",
    "start": 1604910236206,
    "end": 1604910236207,
    "duration": 1,
    "pid": 24064,
    "index": 34
  },
  {
    "name": "Require(30) node_modules/egg-jsonp/app/extend/application.js",
    "start": 1604910236207,
    "end": 1604910236208,
    "duration": 1,
    "pid": 24064,
    "index": 35
  },
  {
    "name": "Require(31) node_modules/egg-logrotator/app/extend/application.js",
    "start": 1604910236209,
    "end": 1604910236209,
    "duration": 0,
    "pid": 24064,
    "index": 36
  },
  {
    "name": "Require(32) node_modules/egg-view/app/extend/application.js",
    "start": 1604910236210,
    "end": 1604910236211,
    "duration": 1,
    "pid": 24064,
    "index": 37
  },
  {
    "name": "Require(33) node_modules/egg-jwt/app/extend/application.js",
    "start": 1604910236211,
    "end": 1604910236236,
    "duration": 25,
    "pid": 24064,
    "index": 38
  },
  {
    "name": "Require(34) node_modules/egg-socket.io/app/extend/application.js",
    "start": 1604910236237,
    "end": 1604910236272,
    "duration": 35,
    "pid": 24064,
    "index": 39
  },
  {
    "name": "Require(35) node_modules/egg-view-nunjucks/app/extend/application.js",
    "start": 1604910236272,
    "end": 1604910236297,
    "duration": 25,
    "pid": 24064,
    "index": 40
  },
  {
    "name": "Require(36) app/extend/application.js",
    "start": 1604910236297,
    "end": 1604910236298,
    "duration": 1,
    "pid": 24064,
    "index": 41
  },
  {
    "name": "Load extend/request.js",
    "start": 1604910236300,
    "end": 1604910236306,
    "duration": 6,
    "pid": 24064,
    "index": 42
  },
  {
    "name": "Require(37) node_modules/egg/app/extend/request.js",
    "start": 1604910236303,
    "end": 1604910236303,
    "duration": 0,
    "pid": 24064,
    "index": 43
  },
  {
    "name": "Load extend/response.js",
    "start": 1604910236306,
    "end": 1604910236312,
    "duration": 6,
    "pid": 24064,
    "index": 44
  },
  {
    "name": "Require(38) node_modules/egg/app/extend/response.js",
    "start": 1604910236309,
    "end": 1604910236310,
    "duration": 1,
    "pid": 24064,
    "index": 45
  },
  {
    "name": "Load extend/context.js",
    "start": 1604910236312,
    "end": 1604910236370,
    "duration": 58,
    "pid": 24064,
    "index": 46
  },
  {
    "name": "Require(39) node_modules/egg-security/app/extend/context.js",
    "start": 1604910236313,
    "end": 1604910236318,
    "duration": 5,
    "pid": 24064,
    "index": 47
  },
  {
    "name": "Require(40) node_modules/egg-jsonp/app/extend/context.js",
    "start": 1604910236319,
    "end": 1604910236319,
    "duration": 0,
    "pid": 24064,
    "index": 48
  },
  {
    "name": "Require(41) node_modules/egg-i18n/app/extend/context.js",
    "start": 1604910236320,
    "end": 1604910236320,
    "duration": 0,
    "pid": 24064,
    "index": 49
  },
  {
    "name": "Require(42) node_modules/egg-multipart/app/extend/context.js",
    "start": 1604910236320,
    "end": 1604910236347,
    "duration": 27,
    "pid": 24064,
    "index": 50
  },
  {
    "name": "Require(43) node_modules/egg-view/app/extend/context.js",
    "start": 1604910236348,
    "end": 1604910236348,
    "duration": 0,
    "pid": 24064,
    "index": 51
  },
  {
    "name": "Require(44) node_modules/egg-valparams/app/extend/context.js",
    "start": 1604910236349,
    "end": 1604910236364,
    "duration": 15,
    "pid": 24064,
    "index": 52
  },
  {
    "name": "Require(45) node_modules/egg/app/extend/context.js",
    "start": 1604910236365,
    "end": 1604910236366,
    "duration": 1,
    "pid": 24064,
    "index": 53
  },
  {
    "name": "Require(46) app/extend/context.js",
    "start": 1604910236366,
    "end": 1604910236367,
    "duration": 1,
    "pid": 24064,
    "index": 54
  },
  {
    "name": "Load extend/helper.js",
    "start": 1604910236370,
    "end": 1604910236388,
    "duration": 18,
    "pid": 24064,
    "index": 55
  },
  {
    "name": "Require(47) node_modules/egg-security/app/extend/helper.js",
    "start": 1604910236370,
    "end": 1604910236382,
    "duration": 12,
    "pid": 24064,
    "index": 56
  },
  {
    "name": "Require(48) node_modules/egg/app/extend/helper.js",
    "start": 1604910236384,
    "end": 1604910236385,
    "duration": 1,
    "pid": 24064,
    "index": 57
  },
  {
    "name": "Require(49) app/extend/helper.js",
    "start": 1604910236385,
    "end": 1604910236385,
    "duration": 0,
    "pid": 24064,
    "index": 58
  },
  {
    "name": "Load app.js",
    "start": 1604910236388,
    "end": 1604910236651,
    "duration": 263,
    "pid": 24064,
    "index": 59
  },
  {
    "name": "Require(50) node_modules/egg-session/app.js",
    "start": 1604910236388,
    "end": 1604910236389,
    "duration": 1,
    "pid": 24064,
    "index": 60
  },
  {
    "name": "Require(51) node_modules/egg-security/app.js",
    "start": 1604910236389,
    "end": 1604910236390,
    "duration": 1,
    "pid": 24064,
    "index": 61
  },
  {
    "name": "Require(52) node_modules/egg-onerror/app.js",
    "start": 1604910236390,
    "end": 1604910236396,
    "duration": 6,
    "pid": 24064,
    "index": 62
  },
  {
    "name": "Require(53) node_modules/egg-i18n/app.js",
    "start": 1604910236396,
    "end": 1604910236408,
    "duration": 12,
    "pid": 24064,
    "index": 63
  },
  {
    "name": "Require(54) node_modules/egg-watcher/app.js",
    "start": 1604910236408,
    "end": 1604910236411,
    "duration": 3,
    "pid": 24064,
    "index": 64
  },
  {
    "name": "Require(55) node_modules/egg-schedule/app.js",
    "start": 1604910236411,
    "end": 1604910236412,
    "duration": 1,
    "pid": 24064,
    "index": 65
  },
  {
    "name": "Require(56) node_modules/egg-multipart/app.js",
    "start": 1604910236412,
    "end": 1604910236413,
    "duration": 1,
    "pid": 24064,
    "index": 66
  },
  {
    "name": "Require(57) node_modules/egg-development/app.js",
    "start": 1604910236413,
    "end": 1604910236413,
    "duration": 0,
    "pid": 24064,
    "index": 67
  },
  {
    "name": "Require(58) node_modules/egg-logrotator/app.js",
    "start": 1604910236414,
    "end": 1604910236414,
    "duration": 0,
    "pid": 24064,
    "index": 68
  },
  {
    "name": "Require(59) node_modules/egg-static/app.js",
    "start": 1604910236414,
    "end": 1604910236414,
    "duration": 0,
    "pid": 24064,
    "index": 69
  },
  {
    "name": "Require(60) node_modules/egg-cors/app.js",
    "start": 1604910236415,
    "end": 1604910236415,
    "duration": 0,
    "pid": 24064,
    "index": 70
  },
  {
    "name": "Require(61) node_modules/egg-sequelize/app.js",
    "start": 1604910236415,
    "end": 1604910236415,
    "duration": 0,
    "pid": 24064,
    "index": 71
  },
  {
    "name": "Require(62) node_modules/egg-valparams/app.js",
    "start": 1604910236415,
    "end": 1604910236577,
    "duration": 162,
    "pid": 24064,
    "index": 72
  },
  {
    "name": "Require(63) node_modules/egg-jwt/app.js",
    "start": 1604910236577,
    "end": 1604910236578,
    "duration": 1,
    "pid": 24064,
    "index": 73
  },
  {
    "name": "Require(64) node_modules/egg-redis/app.js",
    "start": 1604910236578,
    "end": 1604910236579,
    "duration": 1,
    "pid": 24064,
    "index": 74
  },
  {
    "name": "Require(65) node_modules/egg-socket.io/app.js",
    "start": 1604910236579,
    "end": 1604910236622,
    "duration": 43,
    "pid": 24064,
    "index": 75
  },
  {
    "name": "Require(66) node_modules/egg-view-nunjucks/app.js",
    "start": 1604910236622,
    "end": 1604910236622,
    "duration": 0,
    "pid": 24064,
    "index": 76
  },
  {
    "name": "Require(67) node_modules/egg-tenpay/app.js",
    "start": 1604910236622,
    "end": 1604910236651,
    "duration": 29,
    "pid": 24064,
    "index": 77
  },
  {
    "name": "Before Start in node_modules/egg-watcher/lib/init.js:15:14",
    "start": 1604910236660,
    "end": 1604910237048,
    "duration": 388,
    "pid": 24064,
    "index": 78
  },
  {
    "name": "Load \"Symbol(model)\" to Application",
    "start": 1604910236779,
    "end": 1604910236798,
    "duration": 19,
    "pid": 24064,
    "index": 79
  },
  {
    "name": "Before Start in node_modules/egg-sequelize/lib/loader.js:39:7",
    "start": 1604910236804,
    "end": 1604910237059,
    "duration": 255,
    "pid": 24064,
    "index": 80
  },
  {
    "name": "Before Start in node_modules/egg-redis/lib/redis.js:53:7",
    "start": 1604910236833,
    "end": 1604910237032,
    "duration": 199,
    "pid": 24064,
    "index": 81
  },
  {
    "name": "Load Controller",
    "start": 1604910236843,
    "end": 1604910236999,
    "duration": 156,
    "pid": 24064,
    "index": 82
  },
  {
    "name": "Load \"controller\" to Application",
    "start": 1604910236843,
    "end": 1604910236999,
    "duration": 156,
    "pid": 24064,
    "index": 83
  },
  {
    "name": "Before Start in node_modules/egg-socket.io/lib/io.js:26:7",
    "start": 1604910236849,
    "end": 1604910237024,
    "duration": 175,
    "pid": 24064,
    "index": 84
  },
  {
    "name": "Did Load in node_modules/egg-tenpay/app.js:didLoad",
    "start": 1604910236852,
    "end": 1604910237024,
    "duration": 172,
    "pid": 24064,
    "index": 85
  },
  {
    "name": "Load Service",
    "start": 1604910236852,
    "end": 1604910236928,
    "duration": 76,
    "pid": 24064,
    "index": 86
  },
  {
    "name": "Load \"service\" to Context",
    "start": 1604910236852,
    "end": 1604910236928,
    "duration": 76,
    "pid": 24064,
    "index": 87
  },
  {
    "name": "Load Middleware",
    "start": 1604910236929,
    "end": 1604910236999,
    "duration": 70,
    "pid": 24064,
    "index": 88
  },
  {
    "name": "Load \"middlewares\" to Application",
    "start": 1604910236929,
    "end": 1604910236988,
    "duration": 59,
    "pid": 24064,
    "index": 89
  },
  {
    "name": "Load Controller",
    "start": 1604910236999,
    "end": 1604910237010,
    "duration": 11,
    "pid": 24064,
    "index": 90
  },
  {
    "name": "Load \"controller\" to Application",
    "start": 1604910236999,
    "end": 1604910237010,
    "duration": 11,
    "pid": 24064,
    "index": 91
  },
  {
    "name": "Load Router",
    "start": 1604910237010,
    "end": 1604910237012,
    "duration": 2,
    "pid": 24064,
    "index": 92
  },
  {
    "name": "Require(68) app/router.js",
    "start": 1604910237010,
    "end": 1604910237011,
    "duration": 1,
    "pid": 24064,
    "index": 93
  },
  {
    "name": "Before Start in node_modules/egg-core/lib/egg.js:303:10",
    "start": 1604910237011,
    "end": 1604910237024,
    "duration": 13,
    "pid": 24064,
    "index": 94
  }
]