[
  {
    "name": "Process Start",
    "start": 1604910126009,
    "end": 1604910126752,
    "duration": 743,
    "pid": 5484,
    "index": 0
  },
  {
    "name": "Application Start",
    "start": 1604910126753,
    "end": 1604910127595,
    "duration": 842,
    "pid": 5484,
    "index": 1
  },
  {
    "name": "Load Plugin",
    "start": 1604910126756,
    "end": 1604910126769,
    "duration": 13,
    "pid": 5484,
    "index": 2
  },
  {
    "name": "Load Config",
    "start": 1604910126769,
    "end": 1604910126789,
    "duration": 20,
    "pid": 5484,
    "index": 3
  },
  {
    "name": "Require(0) config/config.default.js",
    "start": 1604910126770,
    "end": 1604910126770,
    "duration": 0,
    "pid": 5484,
    "index": 4
  },
  {
    "name": "Require(1) node_modules/egg-session/config/config.default.js",
    "start": 1604910126771,
    "end": 1604910126772,
    "duration": 1,
    "pid": 5484,
    "index": 5
  },
  {
    "name": "Require(2) node_modules/egg-security/config/config.default.js",
    "start": 1604910126772,
    "end": 1604910126772,
    "duration": 0,
    "pid": 5484,
    "index": 6
  },
  {
    "name": "Require(3) node_modules/egg-jsonp/config/config.default.js",
    "start": 1604910126773,
    "end": 1604910126773,
    "duration": 0,
    "pid": 5484,
    "index": 7
  },
  {
    "name": "Require(4) node_modules/egg-onerror/config/config.default.js",
    "start": 1604910126774,
    "end": 1604910126774,
    "duration": 0,
    "pid": 5484,
    "index": 8
  },
  {
    "name": "Require(5) node_modules/egg-i18n/config/config.default.js",
    "start": 1604910126774,
    "end": 1604910126775,
    "duration": 1,
    "pid": 5484,
    "index": 9
  },
  {
    "name": "Require(6) node_modules/egg-watcher/config/config.default.js",
    "start": 1604910126775,
    "end": 1604910126775,
    "duration": 0,
    "pid": 5484,
    "index": 10
  },
  {
    "name": "Require(7) node_modules/egg-schedule/config/config.default.js",
    "start": 1604910126776,
    "end": 1604910126776,
    "duration": 0,
    "pid": 5484,
    "index": 11
  },
  {
    "name": "Require(8) node_modules/egg-multipart/config/config.default.js",
    "start": 1604910126776,
    "end": 1604910126777,
    "duration": 1,
    "pid": 5484,
    "index": 12
  },
  {
    "name": "Require(9) node_modules/egg-development/config/config.default.js",
    "start": 1604910126777,
    "end": 1604910126777,
    "duration": 0,
    "pid": 5484,
    "index": 13
  },
  {
    "name": "Require(10) node_modules/egg-logrotator/config/config.default.js",
    "start": 1604910126777,
    "end": 1604910126778,
    "duration": 1,
    "pid": 5484,
    "index": 14
  },
  {
    "name": "Require(11) node_modules/egg-static/config/config.default.js",
    "start": 1604910126778,
    "end": 1604910126778,
    "duration": 0,
    "pid": 5484,
    "index": 15
  },
  {
    "name": "Require(12) node_modules/egg-view/config/config.default.js",
    "start": 1604910126779,
    "end": 1604910126779,
    "duration": 0,
    "pid": 5484,
    "index": 16
  },
  {
    "name": "Require(13) node_modules/egg-cors/config/config.default.js",
    "start": 1604910126779,
    "end": 1604910126780,
    "duration": 1,
    "pid": 5484,
    "index": 17
  },
  {
    "name": "Require(14) node_modules/egg-sequelize/config/config.default.js",
    "start": 1604910126780,
    "end": 1604910126780,
    "duration": 0,
    "pid": 5484,
    "index": 18
  },
  {
    "name": "Require(15) node_modules/egg-valparams/config/config.default.js",
    "start": 1604910126780,
    "end": 1604910126781,
    "duration": 1,
    "pid": 5484,
    "index": 19
  },
  {
    "name": "Require(16) node_modules/egg-jwt/config/config.default.js",
    "start": 1604910126781,
    "end": 1604910126781,
    "duration": 0,
    "pid": 5484,
    "index": 20
  },
  {
    "name": "Require(17) node_modules/egg-redis/config/config.default.js",
    "start": 1604910126781,
    "end": 1604910126782,
    "duration": 1,
    "pid": 5484,
    "index": 21
  },
  {
    "name": "Require(18) node_modules/egg-socket.io/config/config.default.js",
    "start": 1604910126782,
    "end": 1604910126782,
    "duration": 0,
    "pid": 5484,
    "index": 22
  },
  {
    "name": "Require(19) node_modules/egg-view-nunjucks/config/config.default.js",
    "start": 1604910126783,
    "end": 1604910126783,
    "duration": 0,
    "pid": 5484,
    "index": 23
  },
  {
    "name": "Require(20) node_modules/egg-tenpay/config/config.default.js",
    "start": 1604910126783,
    "end": 1604910126783,
    "duration": 0,
    "pid": 5484,
    "index": 24
  },
  {
    "name": "Require(21) node_modules/egg/config/config.default.js",
    "start": 1604910126784,
    "end": 1604910126784,
    "duration": 0,
    "pid": 5484,
    "index": 25
  },
  {
    "name": "Require(22) config/config.default.js",
    "start": 1604910126785,
    "end": 1604910126785,
    "duration": 0,
    "pid": 5484,
    "index": 26
  },
  {
    "name": "Require(23) node_modules/egg-security/config/config.local.js",
    "start": 1604910126785,
    "end": 1604910126786,
    "duration": 1,
    "pid": 5484,
    "index": 27
  },
  {
    "name": "Require(24) node_modules/egg-watcher/config/config.local.js",
    "start": 1604910126786,
    "end": 1604910126787,
    "duration": 1,
    "pid": 5484,
    "index": 28
  },
  {
    "name": "Require(25) node_modules/egg-view/config/config.local.js",
    "start": 1604910126787,
    "end": 1604910126788,
    "duration": 1,
    "pid": 5484,
    "index": 29
  },
  {
    "name": "Require(26) node_modules/egg-view-nunjucks/config/config.local.js",
    "start": 1604910126789,
    "end": 1604910126789,
    "duration": 0,
    "pid": 5484,
    "index": 30
  },
  {
    "name": "Require(27) node_modules/egg/config/config.local.js",
    "start": 1604910126789,
    "end": 1604910126789,
    "duration": 0,
    "pid": 5484,
    "index": 31
  },
  {
    "name": "Load extend/application.js",
    "start": 1604910126790,
    "end": 1604910126889,
    "duration": 99,
    "pid": 5484,
    "index": 32
  },
  {
    "name": "Require(28) node_modules/egg-session/app/extend/application.js",
    "start": 1604910126791,
    "end": 1604910126791,
    "duration": 0,
    "pid": 5484,
    "index": 33
  },
  {
    "name": "Require(29) node_modules/egg-security/app/extend/application.js",
    "start": 1604910126791,
    "end": 1604910126792,
    "duration": 1,
    "pid": 5484,
    "index": 34
  },
  {
    "name": "Require(30) node_modules/egg-jsonp/app/extend/application.js",
    "start": 1604910126792,
    "end": 1604910126793,
    "duration": 1,
    "pid": 5484,
    "index": 35
  },
  {
    "name": "Require(31) node_modules/egg-logrotator/app/extend/application.js",
    "start": 1604910126794,
    "end": 1604910126795,
    "duration": 1,
    "pid": 5484,
    "index": 36
  },
  {
    "name": "Require(32) node_modules/egg-view/app/extend/application.js",
    "start": 1604910126795,
    "end": 1604910126796,
    "duration": 1,
    "pid": 5484,
    "index": 37
  },
  {
    "name": "Require(33) node_modules/egg-jwt/app/extend/application.js",
    "start": 1604910126797,
    "end": 1604910126821,
    "duration": 24,
    "pid": 5484,
    "index": 38
  },
  {
    "name": "Require(34) node_modules/egg-socket.io/app/extend/application.js",
    "start": 1604910126821,
    "end": 1604910126860,
    "duration": 39,
    "pid": 5484,
    "index": 39
  },
  {
    "name": "Require(35) node_modules/egg-view-nunjucks/app/extend/application.js",
    "start": 1604910126861,
    "end": 1604910126884,
    "duration": 23,
    "pid": 5484,
    "index": 40
  },
  {
    "name": "Require(36) app/extend/application.js",
    "start": 1604910126885,
    "end": 1604910126885,
    "duration": 0,
    "pid": 5484,
    "index": 41
  },
  {
    "name": "Load extend/request.js",
    "start": 1604910126889,
    "end": 1604910126898,
    "duration": 9,
    "pid": 5484,
    "index": 42
  },
  {
    "name": "Require(37) node_modules/egg/app/extend/request.js",
    "start": 1604910126893,
    "end": 1604910126894,
    "duration": 1,
    "pid": 5484,
    "index": 43
  },
  {
    "name": "Load extend/response.js",
    "start": 1604910126899,
    "end": 1604910126907,
    "duration": 8,
    "pid": 5484,
    "index": 44
  },
  {
    "name": "Require(38) node_modules/egg/app/extend/response.js",
    "start": 1604910126903,
    "end": 1604910126904,
    "duration": 1,
    "pid": 5484,
    "index": 45
  },
  {
    "name": "Load extend/context.js",
    "start": 1604910126907,
    "end": 1604910126969,
    "duration": 62,
    "pid": 5484,
    "index": 46
  },
  {
    "name": "Require(39) node_modules/egg-security/app/extend/context.js",
    "start": 1604910126908,
    "end": 1604910126914,
    "duration": 6,
    "pid": 5484,
    "index": 47
  },
  {
    "name": "Require(40) node_modules/egg-jsonp/app/extend/context.js",
    "start": 1604910126914,
    "end": 1604910126915,
    "duration": 1,
    "pid": 5484,
    "index": 48
  },
  {
    "name": "Require(41) node_modules/egg-i18n/app/extend/context.js",
    "start": 1604910126915,
    "end": 1604910126916,
    "duration": 1,
    "pid": 5484,
    "index": 49
  },
  {
    "name": "Require(42) node_modules/egg-multipart/app/extend/context.js",
    "start": 1604910126916,
    "end": 1604910126945,
    "duration": 29,
    "pid": 5484,
    "index": 50
  },
  {
    "name": "Require(43) node_modules/egg-view/app/extend/context.js",
    "start": 1604910126945,
    "end": 1604910126946,
    "duration": 1,
    "pid": 5484,
    "index": 51
  },
  {
    "name": "Require(44) node_modules/egg-valparams/app/extend/context.js",
    "start": 1604910126946,
    "end": 1604910126963,
    "duration": 17,
    "pid": 5484,
    "index": 52
  },
  {
    "name": "Require(45) node_modules/egg/app/extend/context.js",
    "start": 1604910126964,
    "end": 1604910126964,
    "duration": 0,
    "pid": 5484,
    "index": 53
  },
  {
    "name": "Require(46) app/extend/context.js",
    "start": 1604910126965,
    "end": 1604910126966,
    "duration": 1,
    "pid": 5484,
    "index": 54
  },
  {
    "name": "Load extend/helper.js",
    "start": 1604910126969,
    "end": 1604910126985,
    "duration": 16,
    "pid": 5484,
    "index": 55
  },
  {
    "name": "Require(47) node_modules/egg-security/app/extend/helper.js",
    "start": 1604910126970,
    "end": 1604910126980,
    "duration": 10,
    "pid": 5484,
    "index": 56
  },
  {
    "name": "Require(48) node_modules/egg/app/extend/helper.js",
    "start": 1604910126982,
    "end": 1604910126982,
    "duration": 0,
    "pid": 5484,
    "index": 57
  },
  {
    "name": "Require(49) app/extend/helper.js",
    "start": 1604910126983,
    "end": 1604910126983,
    "duration": 0,
    "pid": 5484,
    "index": 58
  },
  {
    "name": "Load app.js",
    "start": 1604910126986,
    "end": 1604910127215,
    "duration": 229,
    "pid": 5484,
    "index": 59
  },
  {
    "name": "Require(50) node_modules/egg-session/app.js",
    "start": 1604910126986,
    "end": 1604910126986,
    "duration": 0,
    "pid": 5484,
    "index": 60
  },
  {
    "name": "Require(51) node_modules/egg-security/app.js",
    "start": 1604910126986,
    "end": 1604910126987,
    "duration": 1,
    "pid": 5484,
    "index": 61
  },
  {
    "name": "Require(52) node_modules/egg-onerror/app.js",
    "start": 1604910126987,
    "end": 1604910126992,
    "duration": 5,
    "pid": 5484,
    "index": 62
  },
  {
    "name": "Require(53) node_modules/egg-i18n/app.js",
    "start": 1604910126992,
    "end": 1604910127003,
    "duration": 11,
    "pid": 5484,
    "index": 63
  },
  {
    "name": "Require(54) node_modules/egg-watcher/app.js",
    "start": 1604910127003,
    "end": 1604910127005,
    "duration": 2,
    "pid": 5484,
    "index": 64
  },
  {
    "name": "Require(55) node_modules/egg-schedule/app.js",
    "start": 1604910127005,
    "end": 1604910127006,
    "duration": 1,
    "pid": 5484,
    "index": 65
  },
  {
    "name": "Require(56) node_modules/egg-multipart/app.js",
    "start": 1604910127006,
    "end": 1604910127007,
    "duration": 1,
    "pid": 5484,
    "index": 66
  },
  {
    "name": "Require(57) node_modules/egg-development/app.js",
    "start": 1604910127007,
    "end": 1604910127007,
    "duration": 0,
    "pid": 5484,
    "index": 67
  },
  {
    "name": "Require(58) node_modules/egg-logrotator/app.js",
    "start": 1604910127007,
    "end": 1604910127007,
    "duration": 0,
    "pid": 5484,
    "index": 68
  },
  {
    "name": "Require(59) node_modules/egg-static/app.js",
    "start": 1604910127008,
    "end": 1604910127008,
    "duration": 0,
    "pid": 5484,
    "index": 69
  },
  {
    "name": "Require(60) node_modules/egg-cors/app.js",
    "start": 1604910127008,
    "end": 1604910127008,
    "duration": 0,
    "pid": 5484,
    "index": 70
  },
  {
    "name": "Require(61) node_modules/egg-sequelize/app.js",
    "start": 1604910127009,
    "end": 1604910127009,
    "duration": 0,
    "pid": 5484,
    "index": 71
  },
  {
    "name": "Require(62) node_modules/egg-valparams/app.js",
    "start": 1604910127009,
    "end": 1604910127149,
    "duration": 140,
    "pid": 5484,
    "index": 72
  },
  {
    "name": "Require(63) node_modules/egg-jwt/app.js",
    "start": 1604910127149,
    "end": 1604910127150,
    "duration": 1,
    "pid": 5484,
    "index": 73
  },
  {
    "name": "Require(64) node_modules/egg-redis/app.js",
    "start": 1604910127150,
    "end": 1604910127151,
    "duration": 1,
    "pid": 5484,
    "index": 74
  },
  {
    "name": "Require(65) node_modules/egg-socket.io/app.js",
    "start": 1604910127151,
    "end": 1604910127191,
    "duration": 40,
    "pid": 5484,
    "index": 75
  },
  {
    "name": "Require(66) node_modules/egg-view-nunjucks/app.js",
    "start": 1604910127191,
    "end": 1604910127191,
    "duration": 0,
    "pid": 5484,
    "index": 76
  },
  {
    "name": "Require(67) node_modules/egg-tenpay/app.js",
    "start": 1604910127191,
    "end": 1604910127214,
    "duration": 23,
    "pid": 5484,
    "index": 77
  },
  {
    "name": "Before Start in node_modules/egg-watcher/lib/init.js:15:14",
    "start": 1604910127224,
    "end": 1604910127585,
    "duration": 361,
    "pid": 5484,
    "index": 78
  },
  {
    "name": "Load \"Symbol(model)\" to Application",
    "start": 1604910127328,
    "end": 1604910127346,
    "duration": 18,
    "pid": 5484,
    "index": 79
  },
  {
    "name": "Before Start in node_modules/egg-sequelize/lib/loader.js:39:7",
    "start": 1604910127351,
    "end": 1604910127595,
    "duration": 244,
    "pid": 5484,
    "index": 80
  },
  {
    "name": "Before Start in node_modules/egg-redis/lib/redis.js:53:7",
    "start": 1604910127380,
    "end": 1604910127568,
    "duration": 188,
    "pid": 5484,
    "index": 81
  },
  {
    "name": "Load Controller",
    "start": 1604910127389,
    "end": 1604910127533,
    "duration": 144,
    "pid": 5484,
    "index": 82
  },
  {
    "name": "Load \"controller\" to Application",
    "start": 1604910127389,
    "end": 1604910127533,
    "duration": 144,
    "pid": 5484,
    "index": 83
  },
  {
    "name": "Before Start in node_modules/egg-socket.io/lib/io.js:26:7",
    "start": 1604910127396,
    "end": 1604910127560,
    "duration": 164,
    "pid": 5484,
    "index": 84
  },
  {
    "name": "Did Load in node_modules/egg-tenpay/app.js:didLoad",
    "start": 1604910127398,
    "end": 1604910127560,
    "duration": 162,
    "pid": 5484,
    "index": 85
  },
  {
    "name": "Load Service",
    "start": 1604910127398,
    "end": 1604910127470,
    "duration": 72,
    "pid": 5484,
    "index": 86
  },
  {
    "name": "Load \"service\" to Context",
    "start": 1604910127398,
    "end": 1604910127470,
    "duration": 72,
    "pid": 5484,
    "index": 87
  },
  {
    "name": "Load Middleware",
    "start": 1604910127470,
    "end": 1604910127533,
    "duration": 63,
    "pid": 5484,
    "index": 88
  },
  {
    "name": "Load \"middlewares\" to Application",
    "start": 1604910127470,
    "end": 1604910127523,
    "duration": 53,
    "pid": 5484,
    "index": 89
  },
  {
    "name": "Load Controller",
    "start": 1604910127533,
    "end": 1604910127545,
    "duration": 12,
    "pid": 5484,
    "index": 90
  },
  {
    "name": "Load \"controller\" to Application",
    "start": 1604910127533,
    "end": 1604910127545,
    "duration": 12,
    "pid": 5484,
    "index": 91
  },
  {
    "name": "Load Router",
    "start": 1604910127545,
    "end": 1604910127548,
    "duration": 3,
    "pid": 5484,
    "index": 92
  },
  {
    "name": "Require(68) app/router.js",
    "start": 1604910127546,
    "end": 1604910127546,
    "duration": 0,
    "pid": 5484,
    "index": 93
  },
  {
    "name": "Before Start in node_modules/egg-core/lib/egg.js:303:10",
    "start": 1604910127546,
    "end": 1604910127560,
    "duration": 14,
    "pid": 5484,
    "index": 94
  }
]