[
  {
    "name": "Process Start",
    "start": 1604973036872,
    "end": 1604973039282,
    "duration": 2410,
    "pid": 4556,
    "index": 0
  },
  {
    "name": "Application Start",
    "start": 1604973039283,
    "end": 1604973042280,
    "duration": 2997,
    "pid": 4556,
    "index": 1
  },
  {
    "name": "Load Plugin",
    "start": 1604973039287,
    "end": 1604973039300,
    "duration": 13,
    "pid": 4556,
    "index": 2
  },
  {
    "name": "Load Config",
    "start": 1604973039300,
    "end": 1604973039360,
    "duration": 60,
    "pid": 4556,
    "index": 3
  },
  {
    "name": "Require(0) config/config.default.js",
    "start": 1604973039301,
    "end": 1604973039306,
    "duration": 5,
    "pid": 4556,
    "index": 4
  },
  {
    "name": "Require(1) node_modules/egg-session/config/config.default.js",
    "start": 1604973039308,
    "end": 1604973039308,
    "duration": 0,
    "pid": 4556,
    "index": 5
  },
  {
    "name": "Require(2) node_modules/egg-security/config/config.default.js",
    "start": 1604973039308,
    "end": 1604973039309,
    "duration": 1,
    "pid": 4556,
    "index": 6
  },
  {
    "name": "Require(3) node_modules/egg-jsonp/config/config.default.js",
    "start": 1604973039310,
    "end": 1604973039310,
    "duration": 0,
    "pid": 4556,
    "index": 7
  },
  {
    "name": "Require(4) node_modules/egg-onerror/config/config.default.js",
    "start": 1604973039311,
    "end": 1604973039311,
    "duration": 0,
    "pid": 4556,
    "index": 8
  },
  {
    "name": "Require(5) node_modules/egg-i18n/config/config.default.js",
    "start": 1604973039311,
    "end": 1604973039312,
    "duration": 1,
    "pid": 4556,
    "index": 9
  },
  {
    "name": "Require(6) node_modules/egg-watcher/config/config.default.js",
    "start": 1604973039312,
    "end": 1604973039313,
    "duration": 1,
    "pid": 4556,
    "index": 10
  },
  {
    "name": "Require(7) node_modules/egg-schedule/config/config.default.js",
    "start": 1604973039313,
    "end": 1604973039313,
    "duration": 0,
    "pid": 4556,
    "index": 11
  },
  {
    "name": "Require(8) node_modules/egg-multipart/config/config.default.js",
    "start": 1604973039314,
    "end": 1604973039314,
    "duration": 0,
    "pid": 4556,
    "index": 12
  },
  {
    "name": "Require(9) node_modules/egg-development/config/config.default.js",
    "start": 1604973039315,
    "end": 1604973039316,
    "duration": 1,
    "pid": 4556,
    "index": 13
  },
  {
    "name": "Require(10) node_modules/egg-logrotator/config/config.default.js",
    "start": 1604973039316,
    "end": 1604973039317,
    "duration": 1,
    "pid": 4556,
    "index": 14
  },
  {
    "name": "Require(11) node_modules/egg-static/config/config.default.js",
    "start": 1604973039317,
    "end": 1604973039318,
    "duration": 1,
    "pid": 4556,
    "index": 15
  },
  {
    "name": "Require(12) node_modules/egg-view/config/config.default.js",
    "start": 1604973039318,
    "end": 1604973039320,
    "duration": 2,
    "pid": 4556,
    "index": 16
  },
  {
    "name": "Require(13) node_modules/egg-cors/config/config.default.js",
    "start": 1604973039320,
    "end": 1604973039321,
    "duration": 1,
    "pid": 4556,
    "index": 17
  },
  {
    "name": "Require(14) node_modules/egg-sequelize/config/config.default.js",
    "start": 1604973039321,
    "end": 1604973039321,
    "duration": 0,
    "pid": 4556,
    "index": 18
  },
  {
    "name": "Require(15) node_modules/egg-valparams/config/config.default.js",
    "start": 1604973039322,
    "end": 1604973039322,
    "duration": 0,
    "pid": 4556,
    "index": 19
  },
  {
    "name": "Require(16) node_modules/egg-jwt/config/config.default.js",
    "start": 1604973039322,
    "end": 1604973039323,
    "duration": 1,
    "pid": 4556,
    "index": 20
  },
  {
    "name": "Require(17) node_modules/egg-redis/config/config.default.js",
    "start": 1604973039323,
    "end": 1604973039331,
    "duration": 8,
    "pid": 4556,
    "index": 21
  },
  {
    "name": "Require(18) node_modules/egg-socket.io/config/config.default.js",
    "start": 1604973039331,
    "end": 1604973039331,
    "duration": 0,
    "pid": 4556,
    "index": 22
  },
  {
    "name": "Require(19) node_modules/egg-view-nunjucks/config/config.default.js",
    "start": 1604973039332,
    "end": 1604973039345,
    "duration": 13,
    "pid": 4556,
    "index": 23
  },
  {
    "name": "Require(20) node_modules/egg-tenpay/config/config.default.js",
    "start": 1604973039346,
    "end": 1604973039346,
    "duration": 0,
    "pid": 4556,
    "index": 24
  },
  {
    "name": "Require(21) node_modules/egg/config/config.default.js",
    "start": 1604973039346,
    "end": 1604973039354,
    "duration": 8,
    "pid": 4556,
    "index": 25
  },
  {
    "name": "Require(22) config/config.default.js",
    "start": 1604973039355,
    "end": 1604973039356,
    "duration": 1,
    "pid": 4556,
    "index": 26
  },
  {
    "name": "Require(23) node_modules/egg-security/config/config.local.js",
    "start": 1604973039356,
    "end": 1604973039356,
    "duration": 0,
    "pid": 4556,
    "index": 27
  },
  {
    "name": "Require(24) node_modules/egg-watcher/config/config.local.js",
    "start": 1604973039357,
    "end": 1604973039357,
    "duration": 0,
    "pid": 4556,
    "index": 28
  },
  {
    "name": "Require(25) node_modules/egg-view/config/config.local.js",
    "start": 1604973039358,
    "end": 1604973039358,
    "duration": 0,
    "pid": 4556,
    "index": 29
  },
  {
    "name": "Require(26) node_modules/egg-view-nunjucks/config/config.local.js",
    "start": 1604973039359,
    "end": 1604973039359,
    "duration": 0,
    "pid": 4556,
    "index": 30
  },
  {
    "name": "Require(27) node_modules/egg/config/config.local.js",
    "start": 1604973039360,
    "end": 1604973039360,
    "duration": 0,
    "pid": 4556,
    "index": 31
  },
  {
    "name": "Load extend/application.js",
    "start": 1604973039361,
    "end": 1604973039659,
    "duration": 298,
    "pid": 4556,
    "index": 32
  },
  {
    "name": "Require(28) node_modules/egg-session/app/extend/application.js",
    "start": 1604973039362,
    "end": 1604973039362,
    "duration": 0,
    "pid": 4556,
    "index": 33
  },
  {
    "name": "Require(29) node_modules/egg-security/app/extend/application.js",
    "start": 1604973039363,
    "end": 1604973039364,
    "duration": 1,
    "pid": 4556,
    "index": 34
  },
  {
    "name": "Require(30) node_modules/egg-jsonp/app/extend/application.js",
    "start": 1604973039365,
    "end": 1604973039366,
    "duration": 1,
    "pid": 4556,
    "index": 35
  },
  {
    "name": "Require(31) node_modules/egg-logrotator/app/extend/application.js",
    "start": 1604973039367,
    "end": 1604973039369,
    "duration": 2,
    "pid": 4556,
    "index": 36
  },
  {
    "name": "Require(32) node_modules/egg-view/app/extend/application.js",
    "start": 1604973039369,
    "end": 1604973039371,
    "duration": 2,
    "pid": 4556,
    "index": 37
  },
  {
    "name": "Require(33) node_modules/egg-jwt/app/extend/application.js",
    "start": 1604973039371,
    "end": 1604973039442,
    "duration": 71,
    "pid": 4556,
    "index": 38
  },
  {
    "name": "Require(34) node_modules/egg-socket.io/app/extend/application.js",
    "start": 1604973039443,
    "end": 1604973039542,
    "duration": 99,
    "pid": 4556,
    "index": 39
  },
  {
    "name": "Require(35) node_modules/egg-view-nunjucks/app/extend/application.js",
    "start": 1604973039542,
    "end": 1604973039655,
    "duration": 113,
    "pid": 4556,
    "index": 40
  },
  {
    "name": "Require(36) app/extend/application.js",
    "start": 1604973039656,
    "end": 1604973039656,
    "duration": 0,
    "pid": 4556,
    "index": 41
  },
  {
    "name": "Load extend/request.js",
    "start": 1604973039659,
    "end": 1604973039665,
    "duration": 6,
    "pid": 4556,
    "index": 42
  },
  {
    "name": "Require(37) node_modules/egg/app/extend/request.js",
    "start": 1604973039661,
    "end": 1604973039662,
    "duration": 1,
    "pid": 4556,
    "index": 43
  },
  {
    "name": "Load extend/response.js",
    "start": 1604973039665,
    "end": 1604973039672,
    "duration": 7,
    "pid": 4556,
    "index": 44
  },
  {
    "name": "Require(38) node_modules/egg/app/extend/response.js",
    "start": 1604973039668,
    "end": 1604973039669,
    "duration": 1,
    "pid": 4556,
    "index": 45
  },
  {
    "name": "Load extend/context.js",
    "start": 1604973039672,
    "end": 1604973039888,
    "duration": 216,
    "pid": 4556,
    "index": 46
  },
  {
    "name": "Require(39) node_modules/egg-security/app/extend/context.js",
    "start": 1604973039673,
    "end": 1604973039707,
    "duration": 34,
    "pid": 4556,
    "index": 47
  },
  {
    "name": "Require(40) node_modules/egg-jsonp/app/extend/context.js",
    "start": 1604973039708,
    "end": 1604973039720,
    "duration": 12,
    "pid": 4556,
    "index": 48
  },
  {
    "name": "Require(41) node_modules/egg-i18n/app/extend/context.js",
    "start": 1604973039720,
    "end": 1604973039721,
    "duration": 1,
    "pid": 4556,
    "index": 49
  },
  {
    "name": "Require(42) node_modules/egg-multipart/app/extend/context.js",
    "start": 1604973039721,
    "end": 1604973039846,
    "duration": 125,
    "pid": 4556,
    "index": 50
  },
  {
    "name": "Require(43) node_modules/egg-view/app/extend/context.js",
    "start": 1604973039848,
    "end": 1604973039851,
    "duration": 3,
    "pid": 4556,
    "index": 51
  },
  {
    "name": "Require(44) node_modules/egg-valparams/app/extend/context.js",
    "start": 1604973039852,
    "end": 1604973039872,
    "duration": 20,
    "pid": 4556,
    "index": 52
  },
  {
    "name": "Require(45) node_modules/egg/app/extend/context.js",
    "start": 1604973039872,
    "end": 1604973039873,
    "duration": 1,
    "pid": 4556,
    "index": 53
  },
  {
    "name": "Require(46) app/extend/context.js",
    "start": 1604973039874,
    "end": 1604973039885,
    "duration": 11,
    "pid": 4556,
    "index": 54
  },
  {
    "name": "Load extend/helper.js",
    "start": 1604973039888,
    "end": 1604973039958,
    "duration": 70,
    "pid": 4556,
    "index": 55
  },
  {
    "name": "Require(47) node_modules/egg-security/app/extend/helper.js",
    "start": 1604973039889,
    "end": 1604973039950,
    "duration": 61,
    "pid": 4556,
    "index": 56
  },
  {
    "name": "Require(48) node_modules/egg/app/extend/helper.js",
    "start": 1604973039954,
    "end": 1604973039955,
    "duration": 1,
    "pid": 4556,
    "index": 57
  },
  {
    "name": "Require(49) app/extend/helper.js",
    "start": 1604973039956,
    "end": 1604973039956,
    "duration": 0,
    "pid": 4556,
    "index": 58
  },
  {
    "name": "Load app.js",
    "start": 1604973039959,
    "end": 1604973041078,
    "duration": 1119,
    "pid": 4556,
    "index": 59
  },
  {
    "name": "Require(50) node_modules/egg-session/app.js",
    "start": 1604973039959,
    "end": 1604973039959,
    "duration": 0,
    "pid": 4556,
    "index": 60
  },
  {
    "name": "Require(51) node_modules/egg-security/app.js",
    "start": 1604973039959,
    "end": 1604973039961,
    "duration": 2,
    "pid": 4556,
    "index": 61
  },
  {
    "name": "Require(52) node_modules/egg-onerror/app.js",
    "start": 1604973039962,
    "end": 1604973039977,
    "duration": 15,
    "pid": 4556,
    "index": 62
  },
  {
    "name": "Require(53) node_modules/egg-i18n/app.js",
    "start": 1604973039977,
    "end": 1604973040039,
    "duration": 62,
    "pid": 4556,
    "index": 63
  },
  {
    "name": "Require(54) node_modules/egg-watcher/app.js",
    "start": 1604973040039,
    "end": 1604973040063,
    "duration": 24,
    "pid": 4556,
    "index": 64
  },
  {
    "name": "Require(55) node_modules/egg-schedule/app.js",
    "start": 1604973040063,
    "end": 1604973040071,
    "duration": 8,
    "pid": 4556,
    "index": 65
  },
  {
    "name": "Require(56) node_modules/egg-multipart/app.js",
    "start": 1604973040071,
    "end": 1604973040072,
    "duration": 1,
    "pid": 4556,
    "index": 66
  },
  {
    "name": "Require(57) node_modules/egg-development/app.js",
    "start": 1604973040072,
    "end": 1604973040072,
    "duration": 0,
    "pid": 4556,
    "index": 67
  },
  {
    "name": "Require(58) node_modules/egg-logrotator/app.js",
    "start": 1604973040073,
    "end": 1604973040073,
    "duration": 0,
    "pid": 4556,
    "index": 68
  },
  {
    "name": "Require(59) node_modules/egg-static/app.js",
    "start": 1604973040073,
    "end": 1604973040073,
    "duration": 0,
    "pid": 4556,
    "index": 69
  },
  {
    "name": "Require(60) node_modules/egg-cors/app.js",
    "start": 1604973040074,
    "end": 1604973040074,
    "duration": 0,
    "pid": 4556,
    "index": 70
  },
  {
    "name": "Require(61) node_modules/egg-sequelize/app.js",
    "start": 1604973040075,
    "end": 1604973040075,
    "duration": 0,
    "pid": 4556,
    "index": 71
  },
  {
    "name": "Require(62) node_modules/egg-valparams/app.js",
    "start": 1604973040075,
    "end": 1604973040807,
    "duration": 732,
    "pid": 4556,
    "index": 72
  },
  {
    "name": "Require(63) node_modules/egg-jwt/app.js",
    "start": 1604973040807,
    "end": 1604973040808,
    "duration": 1,
    "pid": 4556,
    "index": 73
  },
  {
    "name": "Require(64) node_modules/egg-redis/app.js",
    "start": 1604973040808,
    "end": 1604973040810,
    "duration": 2,
    "pid": 4556,
    "index": 74
  },
  {
    "name": "Require(65) node_modules/egg-socket.io/app.js",
    "start": 1604973040810,
    "end": 1604973040933,
    "duration": 123,
    "pid": 4556,
    "index": 75
  },
  {
    "name": "Require(66) node_modules/egg-view-nunjucks/app.js",
    "start": 1604973040934,
    "end": 1604973040934,
    "duration": 0,
    "pid": 4556,
    "index": 76
  },
  {
    "name": "Require(67) node_modules/egg-tenpay/app.js",
    "start": 1604973040934,
    "end": 1604973041077,
    "duration": 143,
    "pid": 4556,
    "index": 77
  },
  {
    "name": "Before Start in node_modules/egg-watcher/lib/init.js:15:14",
    "start": 1604973041095,
    "end": 1604973042268,
    "duration": 1173,
    "pid": 4556,
    "index": 78
  },
  {
    "name": "Load \"Symbol(model)\" to Application",
    "start": 1604973041401,
    "end": 1604973041468,
    "duration": 67,
    "pid": 4556,
    "index": 79
  },
  {
    "name": "Before Start in node_modules/egg-sequelize/lib/loader.js:39:7",
    "start": 1604973041474,
    "end": 1604973042280,
    "duration": 806,
    "pid": 4556,
    "index": 80
  },
  {
    "name": "Before Start in node_modules/egg-redis/lib/redis.js:53:7",
    "start": 1604973041547,
    "end": 1604973042239,
    "duration": 692,
    "pid": 4556,
    "index": 81
  },
  {
    "name": "Load Controller",
    "start": 1604973041587,
    "end": 1604973042124,
    "duration": 537,
    "pid": 4556,
    "index": 82
  },
  {
    "name": "Load \"controller\" to Application",
    "start": 1604973041587,
    "end": 1604973042124,
    "duration": 537,
    "pid": 4556,
    "index": 83
  },
  {
    "name": "Before Start in node_modules/egg-socket.io/lib/io.js:26:7",
    "start": 1604973041607,
    "end": 1604973042230,
    "duration": 623,
    "pid": 4556,
    "index": 84
  },
  {
    "name": "Did Load in node_modules/egg-tenpay/app.js:didLoad",
    "start": 1604973041612,
    "end": 1604973042230,
    "duration": 618,
    "pid": 4556,
    "index": 85
  },
  {
    "name": "Load Service",
    "start": 1604973041612,
    "end": 1604973041812,
    "duration": 200,
    "pid": 4556,
    "index": 86
  },
  {
    "name": "Load \"service\" to Context",
    "start": 1604973041613,
    "end": 1604973041812,
    "duration": 199,
    "pid": 4556,
    "index": 87
  },
  {
    "name": "Load Middleware",
    "start": 1604973041812,
    "end": 1604973042124,
    "duration": 312,
    "pid": 4556,
    "index": 88
  },
  {
    "name": "Load \"middlewares\" to Application",
    "start": 1604973041812,
    "end": 1604973042098,
    "duration": 286,
    "pid": 4556,
    "index": 89
  },
  {
    "name": "Load Controller",
    "start": 1604973042124,
    "end": 1604973042202,
    "duration": 78,
    "pid": 4556,
    "index": 90
  },
  {
    "name": "Load \"controller\" to Application",
    "start": 1604973042124,
    "end": 1604973042202,
    "duration": 78,
    "pid": 4556,
    "index": 91
  },
  {
    "name": "Load Router",
    "start": 1604973042202,
    "end": 1604973042218,
    "duration": 16,
    "pid": 4556,
    "index": 92
  },
  {
    "name": "Require(68) app/router.js",
    "start": 1604973042202,
    "end": 1604973042216,
    "duration": 14,
    "pid": 4556,
    "index": 93
  },
  {
    "name": "Before Start in node_modules/egg-core/lib/egg.js:303:10",
    "start": 1604973042217,
    "end": 1604973042230,
    "duration": 13,
    "pid": 4556,
    "index": 94
  }
]