[
  {
    "name": "Process Start",
    "start": 1604910124216,
    "end": 1604910124909,
    "duration": 693,
    "pid": 22504,
    "index": 0
  },
  {
    "name": "Application Start",
    "start": 1604910124910,
    "end": 1604910125756,
    "duration": 846,
    "pid": 22504,
    "index": 1
  },
  {
    "name": "Load Plugin",
    "start": 1604910124913,
    "end": 1604910124926,
    "duration": 13,
    "pid": 22504,
    "index": 2
  },
  {
    "name": "Load Config",
    "start": 1604910124926,
    "end": 1604910124947,
    "duration": 21,
    "pid": 22504,
    "index": 3
  },
  {
    "name": "Require(0) config/config.default.js",
    "start": 1604910124927,
    "end": 1604910124927,
    "duration": 0,
    "pid": 22504,
    "index": 4
  },
  {
    "name": "Require(1) node_modules/egg-session/config/config.default.js",
    "start": 1604910124929,
    "end": 1604910124929,
    "duration": 0,
    "pid": 22504,
    "index": 5
  },
  {
    "name": "Require(2) node_modules/egg-security/config/config.default.js",
    "start": 1604910124929,
    "end": 1604910124929,
    "duration": 0,
    "pid": 22504,
    "index": 6
  },
  {
    "name": "Require(3) node_modules/egg-jsonp/config/config.default.js",
    "start": 1604910124930,
    "end": 1604910124930,
    "duration": 0,
    "pid": 22504,
    "index": 7
  },
  {
    "name": "Require(4) node_modules/egg-onerror/config/config.default.js",
    "start": 1604910124931,
    "end": 1604910124931,
    "duration": 0,
    "pid": 22504,
    "index": 8
  },
  {
    "name": "Require(5) node_modules/egg-i18n/config/config.default.js",
    "start": 1604910124931,
    "end": 1604910124932,
    "duration": 1,
    "pid": 22504,
    "index": 9
  },
  {
    "name": "Require(6) node_modules/egg-watcher/config/config.default.js",
    "start": 1604910124932,
    "end": 1604910124932,
    "duration": 0,
    "pid": 22504,
    "index": 10
  },
  {
    "name": "Require(7) node_modules/egg-schedule/config/config.default.js",
    "start": 1604910124933,
    "end": 1604910124933,
    "duration": 0,
    "pid": 22504,
    "index": 11
  },
  {
    "name": "Require(8) node_modules/egg-multipart/config/config.default.js",
    "start": 1604910124933,
    "end": 1604910124933,
    "duration": 0,
    "pid": 22504,
    "index": 12
  },
  {
    "name": "Require(9) node_modules/egg-development/config/config.default.js",
    "start": 1604910124934,
    "end": 1604910124934,
    "duration": 0,
    "pid": 22504,
    "index": 13
  },
  {
    "name": "Require(10) node_modules/egg-logrotator/config/config.default.js",
    "start": 1604910124934,
    "end": 1604910124935,
    "duration": 1,
    "pid": 22504,
    "index": 14
  },
  {
    "name": "Require(11) node_modules/egg-static/config/config.default.js",
    "start": 1604910124935,
    "end": 1604910124935,
    "duration": 0,
    "pid": 22504,
    "index": 15
  },
  {
    "name": "Require(12) node_modules/egg-view/config/config.default.js",
    "start": 1604910124936,
    "end": 1604910124936,
    "duration": 0,
    "pid": 22504,
    "index": 16
  },
  {
    "name": "Require(13) node_modules/egg-cors/config/config.default.js",
    "start": 1604910124936,
    "end": 1604910124936,
    "duration": 0,
    "pid": 22504,
    "index": 17
  },
  {
    "name": "Require(14) node_modules/egg-sequelize/config/config.default.js",
    "start": 1604910124937,
    "end": 1604910124937,
    "duration": 0,
    "pid": 22504,
    "index": 18
  },
  {
    "name": "Require(15) node_modules/egg-valparams/config/config.default.js",
    "start": 1604910124937,
    "end": 1604910124938,
    "duration": 1,
    "pid": 22504,
    "index": 19
  },
  {
    "name": "Require(16) node_modules/egg-jwt/config/config.default.js",
    "start": 1604910124938,
    "end": 1604910124939,
    "duration": 1,
    "pid": 22504,
    "index": 20
  },
  {
    "name": "Require(17) node_modules/egg-redis/config/config.default.js",
    "start": 1604910124939,
    "end": 1604910124939,
    "duration": 0,
    "pid": 22504,
    "index": 21
  },
  {
    "name": "Require(18) node_modules/egg-socket.io/config/config.default.js",
    "start": 1604910124940,
    "end": 1604910124940,
    "duration": 0,
    "pid": 22504,
    "index": 22
  },
  {
    "name": "Require(19) node_modules/egg-view-nunjucks/config/config.default.js",
    "start": 1604910124940,
    "end": 1604910124940,
    "duration": 0,
    "pid": 22504,
    "index": 23
  },
  {
    "name": "Require(20) node_modules/egg-tenpay/config/config.default.js",
    "start": 1604910124941,
    "end": 1604910124941,
    "duration": 0,
    "pid": 22504,
    "index": 24
  },
  {
    "name": "Require(21) node_modules/egg/config/config.default.js",
    "start": 1604910124941,
    "end": 1604910124941,
    "duration": 0,
    "pid": 22504,
    "index": 25
  },
  {
    "name": "Require(22) config/config.default.js",
    "start": 1604910124942,
    "end": 1604910124942,
    "duration": 0,
    "pid": 22504,
    "index": 26
  },
  {
    "name": "Require(23) node_modules/egg-security/config/config.local.js",
    "start": 1604910124943,
    "end": 1604910124943,
    "duration": 0,
    "pid": 22504,
    "index": 27
  },
  {
    "name": "Require(24) node_modules/egg-watcher/config/config.local.js",
    "start": 1604910124944,
    "end": 1604910124944,
    "duration": 0,
    "pid": 22504,
    "index": 28
  },
  {
    "name": "Require(25) node_modules/egg-view/config/config.local.js",
    "start": 1604910124945,
    "end": 1604910124945,
    "duration": 0,
    "pid": 22504,
    "index": 29
  },
  {
    "name": "Require(26) node_modules/egg-view-nunjucks/config/config.local.js",
    "start": 1604910124946,
    "end": 1604910124946,
    "duration": 0,
    "pid": 22504,
    "index": 30
  },
  {
    "name": "Require(27) node_modules/egg/config/config.local.js",
    "start": 1604910124947,
    "end": 1604910124947,
    "duration": 0,
    "pid": 22504,
    "index": 31
  },
  {
    "name": "Load extend/application.js",
    "start": 1604910124948,
    "end": 1604910125048,
    "duration": 100,
    "pid": 22504,
    "index": 32
  },
  {
    "name": "Require(28) node_modules/egg-session/app/extend/application.js",
    "start": 1604910124948,
    "end": 1604910124948,
    "duration": 0,
    "pid": 22504,
    "index": 33
  },
  {
    "name": "Require(29) node_modules/egg-security/app/extend/application.js",
    "start": 1604910124949,
    "end": 1604910124949,
    "duration": 0,
    "pid": 22504,
    "index": 34
  },
  {
    "name": "Require(30) node_modules/egg-jsonp/app/extend/application.js",
    "start": 1604910124950,
    "end": 1604910124950,
    "duration": 0,
    "pid": 22504,
    "index": 35
  },
  {
    "name": "Require(31) node_modules/egg-logrotator/app/extend/application.js",
    "start": 1604910124951,
    "end": 1604910124952,
    "duration": 1,
    "pid": 22504,
    "index": 36
  },
  {
    "name": "Require(32) node_modules/egg-view/app/extend/application.js",
    "start": 1604910124953,
    "end": 1604910124954,
    "duration": 1,
    "pid": 22504,
    "index": 37
  },
  {
    "name": "Require(33) node_modules/egg-jwt/app/extend/application.js",
    "start": 1604910124954,
    "end": 1604910124981,
    "duration": 27,
    "pid": 22504,
    "index": 38
  },
  {
    "name": "Require(34) node_modules/egg-socket.io/app/extend/application.js",
    "start": 1604910124982,
    "end": 1604910125021,
    "duration": 39,
    "pid": 22504,
    "index": 39
  },
  {
    "name": "Require(35) node_modules/egg-view-nunjucks/app/extend/application.js",
    "start": 1604910125022,
    "end": 1604910125044,
    "duration": 22,
    "pid": 22504,
    "index": 40
  },
  {
    "name": "Require(36) app/extend/application.js",
    "start": 1604910125044,
    "end": 1604910125045,
    "duration": 1,
    "pid": 22504,
    "index": 41
  },
  {
    "name": "Load extend/request.js",
    "start": 1604910125048,
    "end": 1604910125055,
    "duration": 7,
    "pid": 22504,
    "index": 42
  },
  {
    "name": "Require(37) node_modules/egg/app/extend/request.js",
    "start": 1604910125051,
    "end": 1604910125052,
    "duration": 1,
    "pid": 22504,
    "index": 43
  },
  {
    "name": "Load extend/response.js",
    "start": 1604910125055,
    "end": 1604910125061,
    "duration": 6,
    "pid": 22504,
    "index": 44
  },
  {
    "name": "Require(38) node_modules/egg/app/extend/response.js",
    "start": 1604910125057,
    "end": 1604910125058,
    "duration": 1,
    "pid": 22504,
    "index": 45
  },
  {
    "name": "Load extend/context.js",
    "start": 1604910125061,
    "end": 1604910125125,
    "duration": 64,
    "pid": 22504,
    "index": 46
  },
  {
    "name": "Require(39) node_modules/egg-security/app/extend/context.js",
    "start": 1604910125062,
    "end": 1604910125068,
    "duration": 6,
    "pid": 22504,
    "index": 47
  },
  {
    "name": "Require(40) node_modules/egg-jsonp/app/extend/context.js",
    "start": 1604910125068,
    "end": 1604910125069,
    "duration": 1,
    "pid": 22504,
    "index": 48
  },
  {
    "name": "Require(41) node_modules/egg-i18n/app/extend/context.js",
    "start": 1604910125069,
    "end": 1604910125069,
    "duration": 0,
    "pid": 22504,
    "index": 49
  },
  {
    "name": "Require(42) node_modules/egg-multipart/app/extend/context.js",
    "start": 1604910125070,
    "end": 1604910125100,
    "duration": 30,
    "pid": 22504,
    "index": 50
  },
  {
    "name": "Require(43) node_modules/egg-view/app/extend/context.js",
    "start": 1604910125101,
    "end": 1604910125102,
    "duration": 1,
    "pid": 22504,
    "index": 51
  },
  {
    "name": "Require(44) node_modules/egg-valparams/app/extend/context.js",
    "start": 1604910125102,
    "end": 1604910125118,
    "duration": 16,
    "pid": 22504,
    "index": 52
  },
  {
    "name": "Require(45) node_modules/egg/app/extend/context.js",
    "start": 1604910125119,
    "end": 1604910125120,
    "duration": 1,
    "pid": 22504,
    "index": 53
  },
  {
    "name": "Require(46) app/extend/context.js",
    "start": 1604910125121,
    "end": 1604910125122,
    "duration": 1,
    "pid": 22504,
    "index": 54
  },
  {
    "name": "Load extend/helper.js",
    "start": 1604910125126,
    "end": 1604910125144,
    "duration": 18,
    "pid": 22504,
    "index": 55
  },
  {
    "name": "Require(47) node_modules/egg-security/app/extend/helper.js",
    "start": 1604910125126,
    "end": 1604910125137,
    "duration": 11,
    "pid": 22504,
    "index": 56
  },
  {
    "name": "Require(48) node_modules/egg/app/extend/helper.js",
    "start": 1604910125139,
    "end": 1604910125140,
    "duration": 1,
    "pid": 22504,
    "index": 57
  },
  {
    "name": "Require(49) app/extend/helper.js",
    "start": 1604910125140,
    "end": 1604910125140,
    "duration": 0,
    "pid": 22504,
    "index": 58
  },
  {
    "name": "Load app.js",
    "start": 1604910125144,
    "end": 1604910125376,
    "duration": 232,
    "pid": 22504,
    "index": 59
  },
  {
    "name": "Require(50) node_modules/egg-session/app.js",
    "start": 1604910125144,
    "end": 1604910125144,
    "duration": 0,
    "pid": 22504,
    "index": 60
  },
  {
    "name": "Require(51) node_modules/egg-security/app.js",
    "start": 1604910125145,
    "end": 1604910125146,
    "duration": 1,
    "pid": 22504,
    "index": 61
  },
  {
    "name": "Require(52) node_modules/egg-onerror/app.js",
    "start": 1604910125146,
    "end": 1604910125151,
    "duration": 5,
    "pid": 22504,
    "index": 62
  },
  {
    "name": "Require(53) node_modules/egg-i18n/app.js",
    "start": 1604910125151,
    "end": 1604910125164,
    "duration": 13,
    "pid": 22504,
    "index": 63
  },
  {
    "name": "Require(54) node_modules/egg-watcher/app.js",
    "start": 1604910125164,
    "end": 1604910125166,
    "duration": 2,
    "pid": 22504,
    "index": 64
  },
  {
    "name": "Require(55) node_modules/egg-schedule/app.js",
    "start": 1604910125166,
    "end": 1604910125167,
    "duration": 1,
    "pid": 22504,
    "index": 65
  },
  {
    "name": "Require(56) node_modules/egg-multipart/app.js",
    "start": 1604910125167,
    "end": 1604910125168,
    "duration": 1,
    "pid": 22504,
    "index": 66
  },
  {
    "name": "Require(57) node_modules/egg-development/app.js",
    "start": 1604910125168,
    "end": 1604910125168,
    "duration": 0,
    "pid": 22504,
    "index": 67
  },
  {
    "name": "Require(58) node_modules/egg-logrotator/app.js",
    "start": 1604910125169,
    "end": 1604910125169,
    "duration": 0,
    "pid": 22504,
    "index": 68
  },
  {
    "name": "Require(59) node_modules/egg-static/app.js",
    "start": 1604910125169,
    "end": 1604910125169,
    "duration": 0,
    "pid": 22504,
    "index": 69
  },
  {
    "name": "Require(60) node_modules/egg-cors/app.js",
    "start": 1604910125170,
    "end": 1604910125170,
    "duration": 0,
    "pid": 22504,
    "index": 70
  },
  {
    "name": "Require(61) node_modules/egg-sequelize/app.js",
    "start": 1604910125170,
    "end": 1604910125170,
    "duration": 0,
    "pid": 22504,
    "index": 71
  },
  {
    "name": "Require(62) node_modules/egg-valparams/app.js",
    "start": 1604910125170,
    "end": 1604910125316,
    "duration": 146,
    "pid": 22504,
    "index": 72
  },
  {
    "name": "Require(63) node_modules/egg-jwt/app.js",
    "start": 1604910125316,
    "end": 1604910125317,
    "duration": 1,
    "pid": 22504,
    "index": 73
  },
  {
    "name": "Require(64) node_modules/egg-redis/app.js",
    "start": 1604910125317,
    "end": 1604910125318,
    "duration": 1,
    "pid": 22504,
    "index": 74
  },
  {
    "name": "Require(65) node_modules/egg-socket.io/app.js",
    "start": 1604910125318,
    "end": 1604910125351,
    "duration": 33,
    "pid": 22504,
    "index": 75
  },
  {
    "name": "Require(66) node_modules/egg-view-nunjucks/app.js",
    "start": 1604910125351,
    "end": 1604910125351,
    "duration": 0,
    "pid": 22504,
    "index": 76
  },
  {
    "name": "Require(67) node_modules/egg-tenpay/app.js",
    "start": 1604910125352,
    "end": 1604910125375,
    "duration": 23,
    "pid": 22504,
    "index": 77
  },
  {
    "name": "Before Start in node_modules/egg-watcher/lib/init.js:15:14",
    "start": 1604910125385,
    "end": 1604910125745,
    "duration": 360,
    "pid": 22504,
    "index": 78
  },
  {
    "name": "Load \"Symbol(model)\" to Application",
    "start": 1604910125500,
    "end": 1604910125517,
    "duration": 17,
    "pid": 22504,
    "index": 79
  },
  {
    "name": "Before Start in node_modules/egg-sequelize/lib/loader.js:39:7",
    "start": 1604910125522,
    "end": 1604910125755,
    "duration": 233,
    "pid": 22504,
    "index": 80
  },
  {
    "name": "Before Start in node_modules/egg-redis/lib/redis.js:53:7",
    "start": 1604910125550,
    "end": 1604910125729,
    "duration": 179,
    "pid": 22504,
    "index": 81
  },
  {
    "name": "Load Controller",
    "start": 1604910125559,
    "end": 1604910125698,
    "duration": 139,
    "pid": 22504,
    "index": 82
  },
  {
    "name": "Load \"controller\" to Application",
    "start": 1604910125559,
    "end": 1604910125698,
    "duration": 139,
    "pid": 22504,
    "index": 83
  },
  {
    "name": "Before Start in node_modules/egg-socket.io/lib/io.js:26:7",
    "start": 1604910125565,
    "end": 1604910125723,
    "duration": 158,
    "pid": 22504,
    "index": 84
  },
  {
    "name": "Did Load in node_modules/egg-tenpay/app.js:didLoad",
    "start": 1604910125568,
    "end": 1604910125723,
    "duration": 155,
    "pid": 22504,
    "index": 85
  },
  {
    "name": "Load Service",
    "start": 1604910125568,
    "end": 1604910125637,
    "duration": 69,
    "pid": 22504,
    "index": 86
  },
  {
    "name": "Load \"service\" to Context",
    "start": 1604910125568,
    "end": 1604910125637,
    "duration": 69,
    "pid": 22504,
    "index": 87
  },
  {
    "name": "Load Middleware",
    "start": 1604910125637,
    "end": 1604910125698,
    "duration": 61,
    "pid": 22504,
    "index": 88
  },
  {
    "name": "Load \"middlewares\" to Application",
    "start": 1604910125637,
    "end": 1604910125688,
    "duration": 51,
    "pid": 22504,
    "index": 89
  },
  {
    "name": "Load Controller",
    "start": 1604910125698,
    "end": 1604910125709,
    "duration": 11,
    "pid": 22504,
    "index": 90
  },
  {
    "name": "Load \"controller\" to Application",
    "start": 1604910125698,
    "end": 1604910125709,
    "duration": 11,
    "pid": 22504,
    "index": 91
  },
  {
    "name": "Load Router",
    "start": 1604910125709,
    "end": 1604910125712,
    "duration": 3,
    "pid": 22504,
    "index": 92
  },
  {
    "name": "Require(68) app/router.js",
    "start": 1604910125710,
    "end": 1604910125710,
    "duration": 0,
    "pid": 22504,
    "index": 93
  },
  {
    "name": "Before Start in node_modules/egg-core/lib/egg.js:303:10",
    "start": 1604910125710,
    "end": 1604910125723,
    "duration": 13,
    "pid": 22504,
    "index": 94
  }
]