[
  {
    "name": "Process Start",
    "start": 1604910160355,
    "end": 1604910161061,
    "duration": 706,
    "pid": 10544,
    "index": 0
  },
  {
    "name": "Application Start",
    "start": 1604910161061,
    "end": 1604910161909,
    "duration": 848,
    "pid": 10544,
    "index": 1
  },
  {
    "name": "Load Plugin",
    "start": 1604910161065,
    "end": 1604910161079,
    "duration": 14,
    "pid": 10544,
    "index": 2
  },
  {
    "name": "Load Config",
    "start": 1604910161079,
    "end": 1604910161100,
    "duration": 21,
    "pid": 10544,
    "index": 3
  },
  {
    "name": "Require(0) config/config.default.js",
    "start": 1604910161080,
    "end": 1604910161080,
    "duration": 0,
    "pid": 10544,
    "index": 4
  },
  {
    "name": "Require(1) node_modules/egg-session/config/config.default.js",
    "start": 1604910161082,
    "end": 1604910161082,
    "duration": 0,
    "pid": 10544,
    "index": 5
  },
  {
    "name": "Require(2) node_modules/egg-security/config/config.default.js",
    "start": 1604910161082,
    "end": 1604910161083,
    "duration": 1,
    "pid": 10544,
    "index": 6
  },
  {
    "name": "Require(3) node_modules/egg-jsonp/config/config.default.js",
    "start": 1604910161084,
    "end": 1604910161084,
    "duration": 0,
    "pid": 10544,
    "index": 7
  },
  {
    "name": "Require(4) node_modules/egg-onerror/config/config.default.js",
    "start": 1604910161084,
    "end": 1604910161085,
    "duration": 1,
    "pid": 10544,
    "index": 8
  },
  {
    "name": "Require(5) node_modules/egg-i18n/config/config.default.js",
    "start": 1604910161085,
    "end": 1604910161085,
    "duration": 0,
    "pid": 10544,
    "index": 9
  },
  {
    "name": "Require(6) node_modules/egg-watcher/config/config.default.js",
    "start": 1604910161086,
    "end": 1604910161086,
    "duration": 0,
    "pid": 10544,
    "index": 10
  },
  {
    "name": "Require(7) node_modules/egg-schedule/config/config.default.js",
    "start": 1604910161086,
    "end": 1604910161087,
    "duration": 1,
    "pid": 10544,
    "index": 11
  },
  {
    "name": "Require(8) node_modules/egg-multipart/config/config.default.js",
    "start": 1604910161087,
    "end": 1604910161087,
    "duration": 0,
    "pid": 10544,
    "index": 12
  },
  {
    "name": "Require(9) node_modules/egg-development/config/config.default.js",
    "start": 1604910161088,
    "end": 1604910161088,
    "duration": 0,
    "pid": 10544,
    "index": 13
  },
  {
    "name": "Require(10) node_modules/egg-logrotator/config/config.default.js",
    "start": 1604910161088,
    "end": 1604910161089,
    "duration": 1,
    "pid": 10544,
    "index": 14
  },
  {
    "name": "Require(11) node_modules/egg-static/config/config.default.js",
    "start": 1604910161089,
    "end": 1604910161089,
    "duration": 0,
    "pid": 10544,
    "index": 15
  },
  {
    "name": "Require(12) node_modules/egg-view/config/config.default.js",
    "start": 1604910161090,
    "end": 1604910161090,
    "duration": 0,
    "pid": 10544,
    "index": 16
  },
  {
    "name": "Require(13) node_modules/egg-cors/config/config.default.js",
    "start": 1604910161090,
    "end": 1604910161090,
    "duration": 0,
    "pid": 10544,
    "index": 17
  },
  {
    "name": "Require(14) node_modules/egg-sequelize/config/config.default.js",
    "start": 1604910161091,
    "end": 1604910161091,
    "duration": 0,
    "pid": 10544,
    "index": 18
  },
  {
    "name": "Require(15) node_modules/egg-valparams/config/config.default.js",
    "start": 1604910161091,
    "end": 1604910161092,
    "duration": 1,
    "pid": 10544,
    "index": 19
  },
  {
    "name": "Require(16) node_modules/egg-jwt/config/config.default.js",
    "start": 1604910161092,
    "end": 1604910161092,
    "duration": 0,
    "pid": 10544,
    "index": 20
  },
  {
    "name": "Require(17) node_modules/egg-redis/config/config.default.js",
    "start": 1604910161092,
    "end": 1604910161093,
    "duration": 1,
    "pid": 10544,
    "index": 21
  },
  {
    "name": "Require(18) node_modules/egg-socket.io/config/config.default.js",
    "start": 1604910161093,
    "end": 1604910161093,
    "duration": 0,
    "pid": 10544,
    "index": 22
  },
  {
    "name": "Require(19) node_modules/egg-view-nunjucks/config/config.default.js",
    "start": 1604910161093,
    "end": 1604910161094,
    "duration": 1,
    "pid": 10544,
    "index": 23
  },
  {
    "name": "Require(20) node_modules/egg-tenpay/config/config.default.js",
    "start": 1604910161094,
    "end": 1604910161094,
    "duration": 0,
    "pid": 10544,
    "index": 24
  },
  {
    "name": "Require(21) node_modules/egg/config/config.default.js",
    "start": 1604910161095,
    "end": 1604910161095,
    "duration": 0,
    "pid": 10544,
    "index": 25
  },
  {
    "name": "Require(22) config/config.default.js",
    "start": 1604910161096,
    "end": 1604910161096,
    "duration": 0,
    "pid": 10544,
    "index": 26
  },
  {
    "name": "Require(23) node_modules/egg-security/config/config.local.js",
    "start": 1604910161096,
    "end": 1604910161097,
    "duration": 1,
    "pid": 10544,
    "index": 27
  },
  {
    "name": "Require(24) node_modules/egg-watcher/config/config.local.js",
    "start": 1604910161097,
    "end": 1604910161097,
    "duration": 0,
    "pid": 10544,
    "index": 28
  },
  {
    "name": "Require(25) node_modules/egg-view/config/config.local.js",
    "start": 1604910161098,
    "end": 1604910161098,
    "duration": 0,
    "pid": 10544,
    "index": 29
  },
  {
    "name": "Require(26) node_modules/egg-view-nunjucks/config/config.local.js",
    "start": 1604910161099,
    "end": 1604910161100,
    "duration": 1,
    "pid": 10544,
    "index": 30
  },
  {
    "name": "Require(27) node_modules/egg/config/config.local.js",
    "start": 1604910161100,
    "end": 1604910161100,
    "duration": 0,
    "pid": 10544,
    "index": 31
  },
  {
    "name": "Load extend/application.js",
    "start": 1604910161101,
    "end": 1604910161188,
    "duration": 87,
    "pid": 10544,
    "index": 32
  },
  {
    "name": "Require(28) node_modules/egg-session/app/extend/application.js",
    "start": 1604910161101,
    "end": 1604910161102,
    "duration": 1,
    "pid": 10544,
    "index": 33
  },
  {
    "name": "Require(29) node_modules/egg-security/app/extend/application.js",
    "start": 1604910161102,
    "end": 1604910161103,
    "duration": 1,
    "pid": 10544,
    "index": 34
  },
  {
    "name": "Require(30) node_modules/egg-jsonp/app/extend/application.js",
    "start": 1604910161103,
    "end": 1604910161104,
    "duration": 1,
    "pid": 10544,
    "index": 35
  },
  {
    "name": "Require(31) node_modules/egg-logrotator/app/extend/application.js",
    "start": 1604910161105,
    "end": 1604910161106,
    "duration": 1,
    "pid": 10544,
    "index": 36
  },
  {
    "name": "Require(32) node_modules/egg-view/app/extend/application.js",
    "start": 1604910161106,
    "end": 1604910161107,
    "duration": 1,
    "pid": 10544,
    "index": 37
  },
  {
    "name": "Require(33) node_modules/egg-jwt/app/extend/application.js",
    "start": 1604910161108,
    "end": 1604910161132,
    "duration": 24,
    "pid": 10544,
    "index": 38
  },
  {
    "name": "Require(34) node_modules/egg-socket.io/app/extend/application.js",
    "start": 1604910161133,
    "end": 1604910161166,
    "duration": 33,
    "pid": 10544,
    "index": 39
  },
  {
    "name": "Require(35) node_modules/egg-view-nunjucks/app/extend/application.js",
    "start": 1604910161166,
    "end": 1604910161184,
    "duration": 18,
    "pid": 10544,
    "index": 40
  },
  {
    "name": "Require(36) app/extend/application.js",
    "start": 1604910161185,
    "end": 1604910161185,
    "duration": 0,
    "pid": 10544,
    "index": 41
  },
  {
    "name": "Load extend/request.js",
    "start": 1604910161188,
    "end": 1604910161194,
    "duration": 6,
    "pid": 10544,
    "index": 42
  },
  {
    "name": "Require(37) node_modules/egg/app/extend/request.js",
    "start": 1604910161190,
    "end": 1604910161191,
    "duration": 1,
    "pid": 10544,
    "index": 43
  },
  {
    "name": "Load extend/response.js",
    "start": 1604910161194,
    "end": 1604910161200,
    "duration": 6,
    "pid": 10544,
    "index": 44
  },
  {
    "name": "Require(38) node_modules/egg/app/extend/response.js",
    "start": 1604910161196,
    "end": 1604910161197,
    "duration": 1,
    "pid": 10544,
    "index": 45
  },
  {
    "name": "Load extend/context.js",
    "start": 1604910161200,
    "end": 1604910161265,
    "duration": 65,
    "pid": 10544,
    "index": 46
  },
  {
    "name": "Require(39) node_modules/egg-security/app/extend/context.js",
    "start": 1604910161200,
    "end": 1604910161205,
    "duration": 5,
    "pid": 10544,
    "index": 47
  },
  {
    "name": "Require(40) node_modules/egg-jsonp/app/extend/context.js",
    "start": 1604910161206,
    "end": 1604910161207,
    "duration": 1,
    "pid": 10544,
    "index": 48
  },
  {
    "name": "Require(41) node_modules/egg-i18n/app/extend/context.js",
    "start": 1604910161207,
    "end": 1604910161207,
    "duration": 0,
    "pid": 10544,
    "index": 49
  },
  {
    "name": "Require(42) node_modules/egg-multipart/app/extend/context.js",
    "start": 1604910161208,
    "end": 1604910161239,
    "duration": 31,
    "pid": 10544,
    "index": 50
  },
  {
    "name": "Require(43) node_modules/egg-view/app/extend/context.js",
    "start": 1604910161240,
    "end": 1604910161241,
    "duration": 1,
    "pid": 10544,
    "index": 51
  },
  {
    "name": "Require(44) node_modules/egg-valparams/app/extend/context.js",
    "start": 1604910161242,
    "end": 1604910161259,
    "duration": 17,
    "pid": 10544,
    "index": 52
  },
  {
    "name": "Require(45) node_modules/egg/app/extend/context.js",
    "start": 1604910161260,
    "end": 1604910161261,
    "duration": 1,
    "pid": 10544,
    "index": 53
  },
  {
    "name": "Require(46) app/extend/context.js",
    "start": 1604910161261,
    "end": 1604910161262,
    "duration": 1,
    "pid": 10544,
    "index": 54
  },
  {
    "name": "Load extend/helper.js",
    "start": 1604910161265,
    "end": 1604910161283,
    "duration": 18,
    "pid": 10544,
    "index": 55
  },
  {
    "name": "Require(47) node_modules/egg-security/app/extend/helper.js",
    "start": 1604910161265,
    "end": 1604910161277,
    "duration": 12,
    "pid": 10544,
    "index": 56
  },
  {
    "name": "Require(48) node_modules/egg/app/extend/helper.js",
    "start": 1604910161279,
    "end": 1604910161279,
    "duration": 0,
    "pid": 10544,
    "index": 57
  },
  {
    "name": "Require(49) app/extend/helper.js",
    "start": 1604910161280,
    "end": 1604910161280,
    "duration": 0,
    "pid": 10544,
    "index": 58
  },
  {
    "name": "Load app.js",
    "start": 1604910161283,
    "end": 1604910161518,
    "duration": 235,
    "pid": 10544,
    "index": 59
  },
  {
    "name": "Require(50) node_modules/egg-session/app.js",
    "start": 1604910161284,
    "end": 1604910161284,
    "duration": 0,
    "pid": 10544,
    "index": 60
  },
  {
    "name": "Require(51) node_modules/egg-security/app.js",
    "start": 1604910161285,
    "end": 1604910161285,
    "duration": 0,
    "pid": 10544,
    "index": 61
  },
  {
    "name": "Require(52) node_modules/egg-onerror/app.js",
    "start": 1604910161286,
    "end": 1604910161290,
    "duration": 4,
    "pid": 10544,
    "index": 62
  },
  {
    "name": "Require(53) node_modules/egg-i18n/app.js",
    "start": 1604910161291,
    "end": 1604910161301,
    "duration": 10,
    "pid": 10544,
    "index": 63
  },
  {
    "name": "Require(54) node_modules/egg-watcher/app.js",
    "start": 1604910161301,
    "end": 1604910161304,
    "duration": 3,
    "pid": 10544,
    "index": 64
  },
  {
    "name": "Require(55) node_modules/egg-schedule/app.js",
    "start": 1604910161304,
    "end": 1604910161305,
    "duration": 1,
    "pid": 10544,
    "index": 65
  },
  {
    "name": "Require(56) node_modules/egg-multipart/app.js",
    "start": 1604910161305,
    "end": 1604910161305,
    "duration": 0,
    "pid": 10544,
    "index": 66
  },
  {
    "name": "Require(57) node_modules/egg-development/app.js",
    "start": 1604910161306,
    "end": 1604910161306,
    "duration": 0,
    "pid": 10544,
    "index": 67
  },
  {
    "name": "Require(58) node_modules/egg-logrotator/app.js",
    "start": 1604910161306,
    "end": 1604910161306,
    "duration": 0,
    "pid": 10544,
    "index": 68
  },
  {
    "name": "Require(59) node_modules/egg-static/app.js",
    "start": 1604910161306,
    "end": 1604910161307,
    "duration": 1,
    "pid": 10544,
    "index": 69
  },
  {
    "name": "Require(60) node_modules/egg-cors/app.js",
    "start": 1604910161307,
    "end": 1604910161307,
    "duration": 0,
    "pid": 10544,
    "index": 70
  },
  {
    "name": "Require(61) node_modules/egg-sequelize/app.js",
    "start": 1604910161307,
    "end": 1604910161308,
    "duration": 1,
    "pid": 10544,
    "index": 71
  },
  {
    "name": "Require(62) node_modules/egg-valparams/app.js",
    "start": 1604910161308,
    "end": 1604910161452,
    "duration": 144,
    "pid": 10544,
    "index": 72
  },
  {
    "name": "Require(63) node_modules/egg-jwt/app.js",
    "start": 1604910161452,
    "end": 1604910161452,
    "duration": 0,
    "pid": 10544,
    "index": 73
  },
  {
    "name": "Require(64) node_modules/egg-redis/app.js",
    "start": 1604910161453,
    "end": 1604910161454,
    "duration": 1,
    "pid": 10544,
    "index": 74
  },
  {
    "name": "Require(65) node_modules/egg-socket.io/app.js",
    "start": 1604910161454,
    "end": 1604910161493,
    "duration": 39,
    "pid": 10544,
    "index": 75
  },
  {
    "name": "Require(66) node_modules/egg-view-nunjucks/app.js",
    "start": 1604910161493,
    "end": 1604910161493,
    "duration": 0,
    "pid": 10544,
    "index": 76
  },
  {
    "name": "Require(67) node_modules/egg-tenpay/app.js",
    "start": 1604910161494,
    "end": 1604910161517,
    "duration": 23,
    "pid": 10544,
    "index": 77
  },
  {
    "name": "Before Start in node_modules/egg-watcher/lib/init.js:15:14",
    "start": 1604910161526,
    "end": 1604910161898,
    "duration": 372,
    "pid": 10544,
    "index": 78
  },
  {
    "name": "Load \"Symbol(model)\" to Application",
    "start": 1604910161625,
    "end": 1604910161642,
    "duration": 17,
    "pid": 10544,
    "index": 79
  },
  {
    "name": "Before Start in node_modules/egg-sequelize/lib/loader.js:39:7",
    "start": 1604910161647,
    "end": 1604910161908,
    "duration": 261,
    "pid": 10544,
    "index": 80
  },
  {
    "name": "Before Start in node_modules/egg-redis/lib/redis.js:53:7",
    "start": 1604910161677,
    "end": 1604910161883,
    "duration": 206,
    "pid": 10544,
    "index": 81
  },
  {
    "name": "Load Controller",
    "start": 1604910161686,
    "end": 1604910161847,
    "duration": 161,
    "pid": 10544,
    "index": 82
  },
  {
    "name": "Load \"controller\" to Application",
    "start": 1604910161686,
    "end": 1604910161847,
    "duration": 161,
    "pid": 10544,
    "index": 83
  },
  {
    "name": "Before Start in node_modules/egg-socket.io/lib/io.js:26:7",
    "start": 1604910161693,
    "end": 1604910161876,
    "duration": 183,
    "pid": 10544,
    "index": 84
  },
  {
    "name": "Did Load in node_modules/egg-tenpay/app.js:didLoad",
    "start": 1604910161696,
    "end": 1604910161876,
    "duration": 180,
    "pid": 10544,
    "index": 85
  },
  {
    "name": "Load Service",
    "start": 1604910161696,
    "end": 1604910161776,
    "duration": 80,
    "pid": 10544,
    "index": 86
  },
  {
    "name": "Load \"service\" to Context",
    "start": 1604910161696,
    "end": 1604910161776,
    "duration": 80,
    "pid": 10544,
    "index": 87
  },
  {
    "name": "Load Middleware",
    "start": 1604910161777,
    "end": 1604910161847,
    "duration": 70,
    "pid": 10544,
    "index": 88
  },
  {
    "name": "Load \"middlewares\" to Application",
    "start": 1604910161777,
    "end": 1604910161836,
    "duration": 59,
    "pid": 10544,
    "index": 89
  },
  {
    "name": "Load Controller",
    "start": 1604910161847,
    "end": 1604910161860,
    "duration": 13,
    "pid": 10544,
    "index": 90
  },
  {
    "name": "Load \"controller\" to Application",
    "start": 1604910161847,
    "end": 1604910161860,
    "duration": 13,
    "pid": 10544,
    "index": 91
  },
  {
    "name": "Load Router",
    "start": 1604910161860,
    "end": 1604910161862,
    "duration": 2,
    "pid": 10544,
    "index": 92
  },
  {
    "name": "Require(68) app/router.js",
    "start": 1604910161860,
    "end": 1604910161861,
    "duration": 1,
    "pid": 10544,
    "index": 93
  },
  {
    "name": "Before Start in node_modules/egg-core/lib/egg.js:303:10",
    "start": 1604910161861,
    "end": 1604910161876,
    "duration": 15,
    "pid": 10544,
    "index": 94
  }
]