[
  {
    "name": "Process Start",
    "start": 1604910167707,
    "end": 1604910168390,
    "duration": 683,
    "pid": 20784,
    "index": 0
  },
  {
    "name": "Application Start",
    "start": 1604910168390,
    "end": 1604910169235,
    "duration": 845,
    "pid": 20784,
    "index": 1
  },
  {
    "name": "Load Plugin",
    "start": 1604910168394,
    "end": 1604910168409,
    "duration": 15,
    "pid": 20784,
    "index": 2
  },
  {
    "name": "Load Config",
    "start": 1604910168409,
    "end": 1604910168430,
    "duration": 21,
    "pid": 20784,
    "index": 3
  },
  {
    "name": "Require(0) config/config.default.js",
    "start": 1604910168409,
    "end": 1604910168410,
    "duration": 1,
    "pid": 20784,
    "index": 4
  },
  {
    "name": "Require(1) node_modules/egg-session/config/config.default.js",
    "start": 1604910168411,
    "end": 1604910168411,
    "duration": 0,
    "pid": 20784,
    "index": 5
  },
  {
    "name": "Require(2) node_modules/egg-security/config/config.default.js",
    "start": 1604910168412,
    "end": 1604910168412,
    "duration": 0,
    "pid": 20784,
    "index": 6
  },
  {
    "name": "Require(3) node_modules/egg-jsonp/config/config.default.js",
    "start": 1604910168413,
    "end": 1604910168413,
    "duration": 0,
    "pid": 20784,
    "index": 7
  },
  {
    "name": "Require(4) node_modules/egg-onerror/config/config.default.js",
    "start": 1604910168413,
    "end": 1604910168414,
    "duration": 1,
    "pid": 20784,
    "index": 8
  },
  {
    "name": "Require(5) node_modules/egg-i18n/config/config.default.js",
    "start": 1604910168414,
    "end": 1604910168414,
    "duration": 0,
    "pid": 20784,
    "index": 9
  },
  {
    "name": "Require(6) node_modules/egg-watcher/config/config.default.js",
    "start": 1604910168415,
    "end": 1604910168415,
    "duration": 0,
    "pid": 20784,
    "index": 10
  },
  {
    "name": "Require(7) node_modules/egg-schedule/config/config.default.js",
    "start": 1604910168415,
    "end": 1604910168415,
    "duration": 0,
    "pid": 20784,
    "index": 11
  },
  {
    "name": "Require(8) node_modules/egg-multipart/config/config.default.js",
    "start": 1604910168416,
    "end": 1604910168416,
    "duration": 0,
    "pid": 20784,
    "index": 12
  },
  {
    "name": "Require(9) node_modules/egg-development/config/config.default.js",
    "start": 1604910168416,
    "end": 1604910168417,
    "duration": 1,
    "pid": 20784,
    "index": 13
  },
  {
    "name": "Require(10) node_modules/egg-logrotator/config/config.default.js",
    "start": 1604910168417,
    "end": 1604910168417,
    "duration": 0,
    "pid": 20784,
    "index": 14
  },
  {
    "name": "Require(11) node_modules/egg-static/config/config.default.js",
    "start": 1604910168418,
    "end": 1604910168418,
    "duration": 0,
    "pid": 20784,
    "index": 15
  },
  {
    "name": "Require(12) node_modules/egg-view/config/config.default.js",
    "start": 1604910168418,
    "end": 1604910168418,
    "duration": 0,
    "pid": 20784,
    "index": 16
  },
  {
    "name": "Require(13) node_modules/egg-cors/config/config.default.js",
    "start": 1604910168419,
    "end": 1604910168419,
    "duration": 0,
    "pid": 20784,
    "index": 17
  },
  {
    "name": "Require(14) node_modules/egg-sequelize/config/config.default.js",
    "start": 1604910168419,
    "end": 1604910168420,
    "duration": 1,
    "pid": 20784,
    "index": 18
  },
  {
    "name": "Require(15) node_modules/egg-valparams/config/config.default.js",
    "start": 1604910168420,
    "end": 1604910168420,
    "duration": 0,
    "pid": 20784,
    "index": 19
  },
  {
    "name": "Require(16) node_modules/egg-jwt/config/config.default.js",
    "start": 1604910168421,
    "end": 1604910168421,
    "duration": 0,
    "pid": 20784,
    "index": 20
  },
  {
    "name": "Require(17) node_modules/egg-redis/config/config.default.js",
    "start": 1604910168421,
    "end": 1604910168421,
    "duration": 0,
    "pid": 20784,
    "index": 21
  },
  {
    "name": "Require(18) node_modules/egg-socket.io/config/config.default.js",
    "start": 1604910168422,
    "end": 1604910168422,
    "duration": 0,
    "pid": 20784,
    "index": 22
  },
  {
    "name": "Require(19) node_modules/egg-view-nunjucks/config/config.default.js",
    "start": 1604910168423,
    "end": 1604910168423,
    "duration": 0,
    "pid": 20784,
    "index": 23
  },
  {
    "name": "Require(20) node_modules/egg-tenpay/config/config.default.js",
    "start": 1604910168424,
    "end": 1604910168424,
    "duration": 0,
    "pid": 20784,
    "index": 24
  },
  {
    "name": "Require(21) node_modules/egg/config/config.default.js",
    "start": 1604910168424,
    "end": 1604910168425,
    "duration": 1,
    "pid": 20784,
    "index": 25
  },
  {
    "name": "Require(22) config/config.default.js",
    "start": 1604910168426,
    "end": 1604910168426,
    "duration": 0,
    "pid": 20784,
    "index": 26
  },
  {
    "name": "Require(23) node_modules/egg-security/config/config.local.js",
    "start": 1604910168427,
    "end": 1604910168427,
    "duration": 0,
    "pid": 20784,
    "index": 27
  },
  {
    "name": "Require(24) node_modules/egg-watcher/config/config.local.js",
    "start": 1604910168427,
    "end": 1604910168428,
    "duration": 1,
    "pid": 20784,
    "index": 28
  },
  {
    "name": "Require(25) node_modules/egg-view/config/config.local.js",
    "start": 1604910168428,
    "end": 1604910168429,
    "duration": 1,
    "pid": 20784,
    "index": 29
  },
  {
    "name": "Require(26) node_modules/egg-view-nunjucks/config/config.local.js",
    "start": 1604910168430,
    "end": 1604910168430,
    "duration": 0,
    "pid": 20784,
    "index": 30
  },
  {
    "name": "Require(27) node_modules/egg/config/config.local.js",
    "start": 1604910168430,
    "end": 1604910168430,
    "duration": 0,
    "pid": 20784,
    "index": 31
  },
  {
    "name": "Load extend/application.js",
    "start": 1604910168431,
    "end": 1604910168518,
    "duration": 87,
    "pid": 20784,
    "index": 32
  },
  {
    "name": "Require(28) node_modules/egg-session/app/extend/application.js",
    "start": 1604910168431,
    "end": 1604910168432,
    "duration": 1,
    "pid": 20784,
    "index": 33
  },
  {
    "name": "Require(29) node_modules/egg-security/app/extend/application.js",
    "start": 1604910168432,
    "end": 1604910168433,
    "duration": 1,
    "pid": 20784,
    "index": 34
  },
  {
    "name": "Require(30) node_modules/egg-jsonp/app/extend/application.js",
    "start": 1604910168433,
    "end": 1604910168434,
    "duration": 1,
    "pid": 20784,
    "index": 35
  },
  {
    "name": "Require(31) node_modules/egg-logrotator/app/extend/application.js",
    "start": 1604910168435,
    "end": 1604910168436,
    "duration": 1,
    "pid": 20784,
    "index": 36
  },
  {
    "name": "Require(32) node_modules/egg-view/app/extend/application.js",
    "start": 1604910168436,
    "end": 1604910168437,
    "duration": 1,
    "pid": 20784,
    "index": 37
  },
  {
    "name": "Require(33) node_modules/egg-jwt/app/extend/application.js",
    "start": 1604910168437,
    "end": 1604910168461,
    "duration": 24,
    "pid": 20784,
    "index": 38
  },
  {
    "name": "Require(34) node_modules/egg-socket.io/app/extend/application.js",
    "start": 1604910168462,
    "end": 1604910168495,
    "duration": 33,
    "pid": 20784,
    "index": 39
  },
  {
    "name": "Require(35) node_modules/egg-view-nunjucks/app/extend/application.js",
    "start": 1604910168496,
    "end": 1604910168514,
    "duration": 18,
    "pid": 20784,
    "index": 40
  },
  {
    "name": "Require(36) app/extend/application.js",
    "start": 1604910168515,
    "end": 1604910168515,
    "duration": 0,
    "pid": 20784,
    "index": 41
  },
  {
    "name": "Load extend/request.js",
    "start": 1604910168518,
    "end": 1604910168523,
    "duration": 5,
    "pid": 20784,
    "index": 42
  },
  {
    "name": "Require(37) node_modules/egg/app/extend/request.js",
    "start": 1604910168520,
    "end": 1604910168521,
    "duration": 1,
    "pid": 20784,
    "index": 43
  },
  {
    "name": "Load extend/response.js",
    "start": 1604910168523,
    "end": 1604910168529,
    "duration": 6,
    "pid": 20784,
    "index": 44
  },
  {
    "name": "Require(38) node_modules/egg/app/extend/response.js",
    "start": 1604910168526,
    "end": 1604910168527,
    "duration": 1,
    "pid": 20784,
    "index": 45
  },
  {
    "name": "Load extend/context.js",
    "start": 1604910168529,
    "end": 1604910168586,
    "duration": 57,
    "pid": 20784,
    "index": 46
  },
  {
    "name": "Require(39) node_modules/egg-security/app/extend/context.js",
    "start": 1604910168530,
    "end": 1604910168535,
    "duration": 5,
    "pid": 20784,
    "index": 47
  },
  {
    "name": "Require(40) node_modules/egg-jsonp/app/extend/context.js",
    "start": 1604910168536,
    "end": 1604910168536,
    "duration": 0,
    "pid": 20784,
    "index": 48
  },
  {
    "name": "Require(41) node_modules/egg-i18n/app/extend/context.js",
    "start": 1604910168537,
    "end": 1604910168537,
    "duration": 0,
    "pid": 20784,
    "index": 49
  },
  {
    "name": "Require(42) node_modules/egg-multipart/app/extend/context.js",
    "start": 1604910168538,
    "end": 1604910168564,
    "duration": 26,
    "pid": 20784,
    "index": 50
  },
  {
    "name": "Require(43) node_modules/egg-view/app/extend/context.js",
    "start": 1604910168565,
    "end": 1604910168565,
    "duration": 0,
    "pid": 20784,
    "index": 51
  },
  {
    "name": "Require(44) node_modules/egg-valparams/app/extend/context.js",
    "start": 1604910168566,
    "end": 1604910168581,
    "duration": 15,
    "pid": 20784,
    "index": 52
  },
  {
    "name": "Require(45) node_modules/egg/app/extend/context.js",
    "start": 1604910168582,
    "end": 1604910168582,
    "duration": 0,
    "pid": 20784,
    "index": 53
  },
  {
    "name": "Require(46) app/extend/context.js",
    "start": 1604910168583,
    "end": 1604910168583,
    "duration": 0,
    "pid": 20784,
    "index": 54
  },
  {
    "name": "Load extend/helper.js",
    "start": 1604910168586,
    "end": 1604910168604,
    "duration": 18,
    "pid": 20784,
    "index": 55
  },
  {
    "name": "Require(47) node_modules/egg-security/app/extend/helper.js",
    "start": 1604910168587,
    "end": 1604910168598,
    "duration": 11,
    "pid": 20784,
    "index": 56
  },
  {
    "name": "Require(48) node_modules/egg/app/extend/helper.js",
    "start": 1604910168600,
    "end": 1604910168600,
    "duration": 0,
    "pid": 20784,
    "index": 57
  },
  {
    "name": "Require(49) app/extend/helper.js",
    "start": 1604910168601,
    "end": 1604910168601,
    "duration": 0,
    "pid": 20784,
    "index": 58
  },
  {
    "name": "Load app.js",
    "start": 1604910168604,
    "end": 1604910168837,
    "duration": 233,
    "pid": 20784,
    "index": 59
  },
  {
    "name": "Require(50) node_modules/egg-session/app.js",
    "start": 1604910168604,
    "end": 1604910168604,
    "duration": 0,
    "pid": 20784,
    "index": 60
  },
  {
    "name": "Require(51) node_modules/egg-security/app.js",
    "start": 1604910168605,
    "end": 1604910168606,
    "duration": 1,
    "pid": 20784,
    "index": 61
  },
  {
    "name": "Require(52) node_modules/egg-onerror/app.js",
    "start": 1604910168606,
    "end": 1604910168612,
    "duration": 6,
    "pid": 20784,
    "index": 62
  },
  {
    "name": "Require(53) node_modules/egg-i18n/app.js",
    "start": 1604910168612,
    "end": 1604910168623,
    "duration": 11,
    "pid": 20784,
    "index": 63
  },
  {
    "name": "Require(54) node_modules/egg-watcher/app.js",
    "start": 1604910168623,
    "end": 1604910168625,
    "duration": 2,
    "pid": 20784,
    "index": 64
  },
  {
    "name": "Require(55) node_modules/egg-schedule/app.js",
    "start": 1604910168625,
    "end": 1604910168626,
    "duration": 1,
    "pid": 20784,
    "index": 65
  },
  {
    "name": "Require(56) node_modules/egg-multipart/app.js",
    "start": 1604910168626,
    "end": 1604910168627,
    "duration": 1,
    "pid": 20784,
    "index": 66
  },
  {
    "name": "Require(57) node_modules/egg-development/app.js",
    "start": 1604910168627,
    "end": 1604910168627,
    "duration": 0,
    "pid": 20784,
    "index": 67
  },
  {
    "name": "Require(58) node_modules/egg-logrotator/app.js",
    "start": 1604910168627,
    "end": 1604910168627,
    "duration": 0,
    "pid": 20784,
    "index": 68
  },
  {
    "name": "Require(59) node_modules/egg-static/app.js",
    "start": 1604910168628,
    "end": 1604910168628,
    "duration": 0,
    "pid": 20784,
    "index": 69
  },
  {
    "name": "Require(60) node_modules/egg-cors/app.js",
    "start": 1604910168628,
    "end": 1604910168628,
    "duration": 0,
    "pid": 20784,
    "index": 70
  },
  {
    "name": "Require(61) node_modules/egg-sequelize/app.js",
    "start": 1604910168629,
    "end": 1604910168629,
    "duration": 0,
    "pid": 20784,
    "index": 71
  },
  {
    "name": "Require(62) node_modules/egg-valparams/app.js",
    "start": 1604910168629,
    "end": 1604910168776,
    "duration": 147,
    "pid": 20784,
    "index": 72
  },
  {
    "name": "Require(63) node_modules/egg-jwt/app.js",
    "start": 1604910168776,
    "end": 1604910168776,
    "duration": 0,
    "pid": 20784,
    "index": 73
  },
  {
    "name": "Require(64) node_modules/egg-redis/app.js",
    "start": 1604910168777,
    "end": 1604910168777,
    "duration": 0,
    "pid": 20784,
    "index": 74
  },
  {
    "name": "Require(65) node_modules/egg-socket.io/app.js",
    "start": 1604910168777,
    "end": 1604910168812,
    "duration": 35,
    "pid": 20784,
    "index": 75
  },
  {
    "name": "Require(66) node_modules/egg-view-nunjucks/app.js",
    "start": 1604910168812,
    "end": 1604910168813,
    "duration": 1,
    "pid": 20784,
    "index": 76
  },
  {
    "name": "Require(67) node_modules/egg-tenpay/app.js",
    "start": 1604910168813,
    "end": 1604910168836,
    "duration": 23,
    "pid": 20784,
    "index": 77
  },
  {
    "name": "Before Start in node_modules/egg-watcher/lib/init.js:15:14",
    "start": 1604910168845,
    "end": 1604910169225,
    "duration": 380,
    "pid": 20784,
    "index": 78
  },
  {
    "name": "Load \"Symbol(model)\" to Application",
    "start": 1604910168946,
    "end": 1604910168965,
    "duration": 19,
    "pid": 20784,
    "index": 79
  },
  {
    "name": "Before Start in node_modules/egg-sequelize/lib/loader.js:39:7",
    "start": 1604910168970,
    "end": 1604910169235,
    "duration": 265,
    "pid": 20784,
    "index": 80
  },
  {
    "name": "Before Start in node_modules/egg-redis/lib/redis.js:53:7",
    "start": 1604910169005,
    "end": 1604910169209,
    "duration": 204,
    "pid": 20784,
    "index": 81
  },
  {
    "name": "Load Controller",
    "start": 1604910169015,
    "end": 1604910169173,
    "duration": 158,
    "pid": 20784,
    "index": 82
  },
  {
    "name": "Load \"controller\" to Application",
    "start": 1604910169015,
    "end": 1604910169173,
    "duration": 158,
    "pid": 20784,
    "index": 83
  },
  {
    "name": "Before Start in node_modules/egg-socket.io/lib/io.js:26:7",
    "start": 1604910169021,
    "end": 1604910169200,
    "duration": 179,
    "pid": 20784,
    "index": 84
  },
  {
    "name": "Did Load in node_modules/egg-tenpay/app.js:didLoad",
    "start": 1604910169024,
    "end": 1604910169200,
    "duration": 176,
    "pid": 20784,
    "index": 85
  },
  {
    "name": "Load Service",
    "start": 1604910169025,
    "end": 1604910169109,
    "duration": 84,
    "pid": 20784,
    "index": 86
  },
  {
    "name": "Load \"service\" to Context",
    "start": 1604910169025,
    "end": 1604910169109,
    "duration": 84,
    "pid": 20784,
    "index": 87
  },
  {
    "name": "Load Middleware",
    "start": 1604910169109,
    "end": 1604910169173,
    "duration": 64,
    "pid": 20784,
    "index": 88
  },
  {
    "name": "Load \"middlewares\" to Application",
    "start": 1604910169109,
    "end": 1604910169163,
    "duration": 54,
    "pid": 20784,
    "index": 89
  },
  {
    "name": "Load Controller",
    "start": 1604910169173,
    "end": 1604910169185,
    "duration": 12,
    "pid": 20784,
    "index": 90
  },
  {
    "name": "Load \"controller\" to Application",
    "start": 1604910169173,
    "end": 1604910169185,
    "duration": 12,
    "pid": 20784,
    "index": 91
  },
  {
    "name": "Load Router",
    "start": 1604910169185,
    "end": 1604910169188,
    "duration": 3,
    "pid": 20784,
    "index": 92
  },
  {
    "name": "Require(68) app/router.js",
    "start": 1604910169186,
    "end": 1604910169186,
    "duration": 0,
    "pid": 20784,
    "index": 93
  },
  {
    "name": "Before Start in node_modules/egg-core/lib/egg.js:303:10",
    "start": 1604910169186,
    "end": 1604910169200,
    "duration": 14,
    "pid": 20784,
    "index": 94
  }
]