[
  {
    "name": "Process Start",
    "start": 1604910140136,
    "end": 1604910140853,
    "duration": 717,
    "pid": 25192,
    "index": 0
  },
  {
    "name": "Application Start",
    "start": 1604910140853,
    "end": 1604910141662,
    "duration": 809,
    "pid": 25192,
    "index": 1
  },
  {
    "name": "Load Plugin",
    "start": 1604910140857,
    "end": 1604910140870,
    "duration": 13,
    "pid": 25192,
    "index": 2
  },
  {
    "name": "Load Config",
    "start": 1604910140870,
    "end": 1604910140891,
    "duration": 21,
    "pid": 25192,
    "index": 3
  },
  {
    "name": "Require(0) config/config.default.js",
    "start": 1604910140870,
    "end": 1604910140871,
    "duration": 1,
    "pid": 25192,
    "index": 4
  },
  {
    "name": "Require(1) node_modules/egg-session/config/config.default.js",
    "start": 1604910140872,
    "end": 1604910140873,
    "duration": 1,
    "pid": 25192,
    "index": 5
  },
  {
    "name": "Require(2) node_modules/egg-security/config/config.default.js",
    "start": 1604910140873,
    "end": 1604910140873,
    "duration": 0,
    "pid": 25192,
    "index": 6
  },
  {
    "name": "Require(3) node_modules/egg-jsonp/config/config.default.js",
    "start": 1604910140874,
    "end": 1604910140874,
    "duration": 0,
    "pid": 25192,
    "index": 7
  },
  {
    "name": "Require(4) node_modules/egg-onerror/config/config.default.js",
    "start": 1604910140874,
    "end": 1604910140875,
    "duration": 1,
    "pid": 25192,
    "index": 8
  },
  {
    "name": "Require(5) node_modules/egg-i18n/config/config.default.js",
    "start": 1604910140875,
    "end": 1604910140875,
    "duration": 0,
    "pid": 25192,
    "index": 9
  },
  {
    "name": "Require(6) node_modules/egg-watcher/config/config.default.js",
    "start": 1604910140876,
    "end": 1604910140876,
    "duration": 0,
    "pid": 25192,
    "index": 10
  },
  {
    "name": "Require(7) node_modules/egg-schedule/config/config.default.js",
    "start": 1604910140876,
    "end": 1604910140877,
    "duration": 1,
    "pid": 25192,
    "index": 11
  },
  {
    "name": "Require(8) node_modules/egg-multipart/config/config.default.js",
    "start": 1604910140877,
    "end": 1604910140877,
    "duration": 0,
    "pid": 25192,
    "index": 12
  },
  {
    "name": "Require(9) node_modules/egg-development/config/config.default.js",
    "start": 1604910140878,
    "end": 1604910140878,
    "duration": 0,
    "pid": 25192,
    "index": 13
  },
  {
    "name": "Require(10) node_modules/egg-logrotator/config/config.default.js",
    "start": 1604910140878,
    "end": 1604910140878,
    "duration": 0,
    "pid": 25192,
    "index": 14
  },
  {
    "name": "Require(11) node_modules/egg-static/config/config.default.js",
    "start": 1604910140879,
    "end": 1604910140879,
    "duration": 0,
    "pid": 25192,
    "index": 15
  },
  {
    "name": "Require(12) node_modules/egg-view/config/config.default.js",
    "start": 1604910140879,
    "end": 1604910140880,
    "duration": 1,
    "pid": 25192,
    "index": 16
  },
  {
    "name": "Require(13) node_modules/egg-cors/config/config.default.js",
    "start": 1604910140880,
    "end": 1604910140880,
    "duration": 0,
    "pid": 25192,
    "index": 17
  },
  {
    "name": "Require(14) node_modules/egg-sequelize/config/config.default.js",
    "start": 1604910140881,
    "end": 1604910140881,
    "duration": 0,
    "pid": 25192,
    "index": 18
  },
  {
    "name": "Require(15) node_modules/egg-valparams/config/config.default.js",
    "start": 1604910140881,
    "end": 1604910140881,
    "duration": 0,
    "pid": 25192,
    "index": 19
  },
  {
    "name": "Require(16) node_modules/egg-jwt/config/config.default.js",
    "start": 1604910140882,
    "end": 1604910140882,
    "duration": 0,
    "pid": 25192,
    "index": 20
  },
  {
    "name": "Require(17) node_modules/egg-redis/config/config.default.js",
    "start": 1604910140882,
    "end": 1604910140883,
    "duration": 1,
    "pid": 25192,
    "index": 21
  },
  {
    "name": "Require(18) node_modules/egg-socket.io/config/config.default.js",
    "start": 1604910140883,
    "end": 1604910140883,
    "duration": 0,
    "pid": 25192,
    "index": 22
  },
  {
    "name": "Require(19) node_modules/egg-view-nunjucks/config/config.default.js",
    "start": 1604910140883,
    "end": 1604910140884,
    "duration": 1,
    "pid": 25192,
    "index": 23
  },
  {
    "name": "Require(20) node_modules/egg-tenpay/config/config.default.js",
    "start": 1604910140884,
    "end": 1604910140884,
    "duration": 0,
    "pid": 25192,
    "index": 24
  },
  {
    "name": "Require(21) node_modules/egg/config/config.default.js",
    "start": 1604910140884,
    "end": 1604910140885,
    "duration": 1,
    "pid": 25192,
    "index": 25
  },
  {
    "name": "Require(22) config/config.default.js",
    "start": 1604910140886,
    "end": 1604910140886,
    "duration": 0,
    "pid": 25192,
    "index": 26
  },
  {
    "name": "Require(23) node_modules/egg-security/config/config.local.js",
    "start": 1604910140887,
    "end": 1604910140887,
    "duration": 0,
    "pid": 25192,
    "index": 27
  },
  {
    "name": "Require(24) node_modules/egg-watcher/config/config.local.js",
    "start": 1604910140888,
    "end": 1604910140888,
    "duration": 0,
    "pid": 25192,
    "index": 28
  },
  {
    "name": "Require(25) node_modules/egg-view/config/config.local.js",
    "start": 1604910140889,
    "end": 1604910140889,
    "duration": 0,
    "pid": 25192,
    "index": 29
  },
  {
    "name": "Require(26) node_modules/egg-view-nunjucks/config/config.local.js",
    "start": 1604910140890,
    "end": 1604910140890,
    "duration": 0,
    "pid": 25192,
    "index": 30
  },
  {
    "name": "Require(27) node_modules/egg/config/config.local.js",
    "start": 1604910140891,
    "end": 1604910140891,
    "duration": 0,
    "pid": 25192,
    "index": 31
  },
  {
    "name": "Load extend/application.js",
    "start": 1604910140892,
    "end": 1604910140981,
    "duration": 89,
    "pid": 25192,
    "index": 32
  },
  {
    "name": "Require(28) node_modules/egg-session/app/extend/application.js",
    "start": 1604910140892,
    "end": 1604910140893,
    "duration": 1,
    "pid": 25192,
    "index": 33
  },
  {
    "name": "Require(29) node_modules/egg-security/app/extend/application.js",
    "start": 1604910140893,
    "end": 1604910140893,
    "duration": 0,
    "pid": 25192,
    "index": 34
  },
  {
    "name": "Require(30) node_modules/egg-jsonp/app/extend/application.js",
    "start": 1604910140894,
    "end": 1604910140895,
    "duration": 1,
    "pid": 25192,
    "index": 35
  },
  {
    "name": "Require(31) node_modules/egg-logrotator/app/extend/application.js",
    "start": 1604910140896,
    "end": 1604910140897,
    "duration": 1,
    "pid": 25192,
    "index": 36
  },
  {
    "name": "Require(32) node_modules/egg-view/app/extend/application.js",
    "start": 1604910140897,
    "end": 1604910140898,
    "duration": 1,
    "pid": 25192,
    "index": 37
  },
  {
    "name": "Require(33) node_modules/egg-jwt/app/extend/application.js",
    "start": 1604910140899,
    "end": 1604910140923,
    "duration": 24,
    "pid": 25192,
    "index": 38
  },
  {
    "name": "Require(34) node_modules/egg-socket.io/app/extend/application.js",
    "start": 1604910140924,
    "end": 1604910140959,
    "duration": 35,
    "pid": 25192,
    "index": 39
  },
  {
    "name": "Require(35) node_modules/egg-view-nunjucks/app/extend/application.js",
    "start": 1604910140959,
    "end": 1604910140978,
    "duration": 19,
    "pid": 25192,
    "index": 40
  },
  {
    "name": "Require(36) app/extend/application.js",
    "start": 1604910140978,
    "end": 1604910140979,
    "duration": 1,
    "pid": 25192,
    "index": 41
  },
  {
    "name": "Load extend/request.js",
    "start": 1604910140981,
    "end": 1604910140987,
    "duration": 6,
    "pid": 25192,
    "index": 42
  },
  {
    "name": "Require(37) node_modules/egg/app/extend/request.js",
    "start": 1604910140984,
    "end": 1604910140984,
    "duration": 0,
    "pid": 25192,
    "index": 43
  },
  {
    "name": "Load extend/response.js",
    "start": 1604910140987,
    "end": 1604910140993,
    "duration": 6,
    "pid": 25192,
    "index": 44
  },
  {
    "name": "Require(38) node_modules/egg/app/extend/response.js",
    "start": 1604910140990,
    "end": 1604910140990,
    "duration": 0,
    "pid": 25192,
    "index": 45
  },
  {
    "name": "Load extend/context.js",
    "start": 1604910140993,
    "end": 1604910141050,
    "duration": 57,
    "pid": 25192,
    "index": 46
  },
  {
    "name": "Require(39) node_modules/egg-security/app/extend/context.js",
    "start": 1604910140993,
    "end": 1604910141000,
    "duration": 7,
    "pid": 25192,
    "index": 47
  },
  {
    "name": "Require(40) node_modules/egg-jsonp/app/extend/context.js",
    "start": 1604910141000,
    "end": 1604910141001,
    "duration": 1,
    "pid": 25192,
    "index": 48
  },
  {
    "name": "Require(41) node_modules/egg-i18n/app/extend/context.js",
    "start": 1604910141001,
    "end": 1604910141001,
    "duration": 0,
    "pid": 25192,
    "index": 49
  },
  {
    "name": "Require(42) node_modules/egg-multipart/app/extend/context.js",
    "start": 1604910141002,
    "end": 1604910141029,
    "duration": 27,
    "pid": 25192,
    "index": 50
  },
  {
    "name": "Require(43) node_modules/egg-view/app/extend/context.js",
    "start": 1604910141030,
    "end": 1604910141030,
    "duration": 0,
    "pid": 25192,
    "index": 51
  },
  {
    "name": "Require(44) node_modules/egg-valparams/app/extend/context.js",
    "start": 1604910141031,
    "end": 1604910141046,
    "duration": 15,
    "pid": 25192,
    "index": 52
  },
  {
    "name": "Require(45) node_modules/egg/app/extend/context.js",
    "start": 1604910141047,
    "end": 1604910141047,
    "duration": 0,
    "pid": 25192,
    "index": 53
  },
  {
    "name": "Require(46) app/extend/context.js",
    "start": 1604910141048,
    "end": 1604910141048,
    "duration": 0,
    "pid": 25192,
    "index": 54
  },
  {
    "name": "Load extend/helper.js",
    "start": 1604910141051,
    "end": 1604910141067,
    "duration": 16,
    "pid": 25192,
    "index": 55
  },
  {
    "name": "Require(47) node_modules/egg-security/app/extend/helper.js",
    "start": 1604910141051,
    "end": 1604910141061,
    "duration": 10,
    "pid": 25192,
    "index": 56
  },
  {
    "name": "Require(48) node_modules/egg/app/extend/helper.js",
    "start": 1604910141064,
    "end": 1604910141064,
    "duration": 0,
    "pid": 25192,
    "index": 57
  },
  {
    "name": "Require(49) app/extend/helper.js",
    "start": 1604910141064,
    "end": 1604910141064,
    "duration": 0,
    "pid": 25192,
    "index": 58
  },
  {
    "name": "Load app.js",
    "start": 1604910141067,
    "end": 1604910141286,
    "duration": 219,
    "pid": 25192,
    "index": 59
  },
  {
    "name": "Require(50) node_modules/egg-session/app.js",
    "start": 1604910141067,
    "end": 1604910141067,
    "duration": 0,
    "pid": 25192,
    "index": 60
  },
  {
    "name": "Require(51) node_modules/egg-security/app.js",
    "start": 1604910141068,
    "end": 1604910141068,
    "duration": 0,
    "pid": 25192,
    "index": 61
  },
  {
    "name": "Require(52) node_modules/egg-onerror/app.js",
    "start": 1604910141069,
    "end": 1604910141073,
    "duration": 4,
    "pid": 25192,
    "index": 62
  },
  {
    "name": "Require(53) node_modules/egg-i18n/app.js",
    "start": 1604910141073,
    "end": 1604910141083,
    "duration": 10,
    "pid": 25192,
    "index": 63
  },
  {
    "name": "Require(54) node_modules/egg-watcher/app.js",
    "start": 1604910141084,
    "end": 1604910141086,
    "duration": 2,
    "pid": 25192,
    "index": 64
  },
  {
    "name": "Require(55) node_modules/egg-schedule/app.js",
    "start": 1604910141086,
    "end": 1604910141087,
    "duration": 1,
    "pid": 25192,
    "index": 65
  },
  {
    "name": "Require(56) node_modules/egg-multipart/app.js",
    "start": 1604910141087,
    "end": 1604910141087,
    "duration": 0,
    "pid": 25192,
    "index": 66
  },
  {
    "name": "Require(57) node_modules/egg-development/app.js",
    "start": 1604910141087,
    "end": 1604910141088,
    "duration": 1,
    "pid": 25192,
    "index": 67
  },
  {
    "name": "Require(58) node_modules/egg-logrotator/app.js",
    "start": 1604910141088,
    "end": 1604910141088,
    "duration": 0,
    "pid": 25192,
    "index": 68
  },
  {
    "name": "Require(59) node_modules/egg-static/app.js",
    "start": 1604910141088,
    "end": 1604910141088,
    "duration": 0,
    "pid": 25192,
    "index": 69
  },
  {
    "name": "Require(60) node_modules/egg-cors/app.js",
    "start": 1604910141089,
    "end": 1604910141089,
    "duration": 0,
    "pid": 25192,
    "index": 70
  },
  {
    "name": "Require(61) node_modules/egg-sequelize/app.js",
    "start": 1604910141089,
    "end": 1604910141090,
    "duration": 1,
    "pid": 25192,
    "index": 71
  },
  {
    "name": "Require(62) node_modules/egg-valparams/app.js",
    "start": 1604910141090,
    "end": 1604910141227,
    "duration": 137,
    "pid": 25192,
    "index": 72
  },
  {
    "name": "Require(63) node_modules/egg-jwt/app.js",
    "start": 1604910141227,
    "end": 1604910141227,
    "duration": 0,
    "pid": 25192,
    "index": 73
  },
  {
    "name": "Require(64) node_modules/egg-redis/app.js",
    "start": 1604910141228,
    "end": 1604910141228,
    "duration": 0,
    "pid": 25192,
    "index": 74
  },
  {
    "name": "Require(65) node_modules/egg-socket.io/app.js",
    "start": 1604910141229,
    "end": 1604910141262,
    "duration": 33,
    "pid": 25192,
    "index": 75
  },
  {
    "name": "Require(66) node_modules/egg-view-nunjucks/app.js",
    "start": 1604910141262,
    "end": 1604910141262,
    "duration": 0,
    "pid": 25192,
    "index": 76
  },
  {
    "name": "Require(67) node_modules/egg-tenpay/app.js",
    "start": 1604910141263,
    "end": 1604910141285,
    "duration": 22,
    "pid": 25192,
    "index": 77
  },
  {
    "name": "Before Start in node_modules/egg-watcher/lib/init.js:15:14",
    "start": 1604910141294,
    "end": 1604910141651,
    "duration": 357,
    "pid": 25192,
    "index": 78
  },
  {
    "name": "Load \"Symbol(model)\" to Application",
    "start": 1604910141394,
    "end": 1604910141411,
    "duration": 17,
    "pid": 25192,
    "index": 79
  },
  {
    "name": "Before Start in node_modules/egg-sequelize/lib/loader.js:39:7",
    "start": 1604910141416,
    "end": 1604910141662,
    "duration": 246,
    "pid": 25192,
    "index": 80
  },
  {
    "name": "Before Start in node_modules/egg-redis/lib/redis.js:53:7",
    "start": 1604910141445,
    "end": 1604910141632,
    "duration": 187,
    "pid": 25192,
    "index": 81
  },
  {
    "name": "Load Controller",
    "start": 1604910141453,
    "end": 1604910141598,
    "duration": 145,
    "pid": 25192,
    "index": 82
  },
  {
    "name": "Load \"controller\" to Application",
    "start": 1604910141453,
    "end": 1604910141598,
    "duration": 145,
    "pid": 25192,
    "index": 83
  },
  {
    "name": "Before Start in node_modules/egg-socket.io/lib/io.js:26:7",
    "start": 1604910141460,
    "end": 1604910141625,
    "duration": 165,
    "pid": 25192,
    "index": 84
  },
  {
    "name": "Did Load in node_modules/egg-tenpay/app.js:didLoad",
    "start": 1604910141463,
    "end": 1604910141625,
    "duration": 162,
    "pid": 25192,
    "index": 85
  },
  {
    "name": "Load Service",
    "start": 1604910141463,
    "end": 1604910141532,
    "duration": 69,
    "pid": 25192,
    "index": 86
  },
  {
    "name": "Load \"service\" to Context",
    "start": 1604910141463,
    "end": 1604910141532,
    "duration": 69,
    "pid": 25192,
    "index": 87
  },
  {
    "name": "Load Middleware",
    "start": 1604910141532,
    "end": 1604910141598,
    "duration": 66,
    "pid": 25192,
    "index": 88
  },
  {
    "name": "Load \"middlewares\" to Application",
    "start": 1604910141532,
    "end": 1604910141587,
    "duration": 55,
    "pid": 25192,
    "index": 89
  },
  {
    "name": "Load Controller",
    "start": 1604910141598,
    "end": 1604910141610,
    "duration": 12,
    "pid": 25192,
    "index": 90
  },
  {
    "name": "Load \"controller\" to Application",
    "start": 1604910141598,
    "end": 1604910141610,
    "duration": 12,
    "pid": 25192,
    "index": 91
  },
  {
    "name": "Load Router",
    "start": 1604910141610,
    "end": 1604910141613,
    "duration": 3,
    "pid": 25192,
    "index": 92
  },
  {
    "name": "Require(68) app/router.js",
    "start": 1604910141611,
    "end": 1604910141611,
    "duration": 0,
    "pid": 25192,
    "index": 93
  },
  {
    "name": "Before Start in node_modules/egg-core/lib/egg.js:303:10",
    "start": 1604910141611,
    "end": 1604910141625,
    "duration": 14,
    "pid": 25192,
    "index": 94
  }
]