[
  {
    "name": "Process Start",
    "start": 1604920744769,
    "end": 1604920745480,
    "duration": 711,
    "pid": 6864,
    "index": 0
  },
  {
    "name": "Application Start",
    "start": 1604920745480,
    "end": 1604920746867,
    "duration": 1387,
    "pid": 6864,
    "index": 1
  },
  {
    "name": "Load Plugin",
    "start": 1604920745484,
    "end": 1604920745499,
    "duration": 15,
    "pid": 6864,
    "index": 2
  },
  {
    "name": "Load Config",
    "start": 1604920745499,
    "end": 1604920745522,
    "duration": 23,
    "pid": 6864,
    "index": 3
  },
  {
    "name": "Require(0) config/config.default.js",
    "start": 1604920745500,
    "end": 1604920745500,
    "duration": 0,
    "pid": 6864,
    "index": 4
  },
  {
    "name": "Require(1) node_modules/egg-session/config/config.default.js",
    "start": 1604920745502,
    "end": 1604920745502,
    "duration": 0,
    "pid": 6864,
    "index": 5
  },
  {
    "name": "Require(2) node_modules/egg-security/config/config.default.js",
    "start": 1604920745502,
    "end": 1604920745502,
    "duration": 0,
    "pid": 6864,
    "index": 6
  },
  {
    "name": "Require(3) node_modules/egg-jsonp/config/config.default.js",
    "start": 1604920745503,
    "end": 1604920745504,
    "duration": 1,
    "pid": 6864,
    "index": 7
  },
  {
    "name": "Require(4) node_modules/egg-onerror/config/config.default.js",
    "start": 1604920745504,
    "end": 1604920745504,
    "duration": 0,
    "pid": 6864,
    "index": 8
  },
  {
    "name": "Require(5) node_modules/egg-i18n/config/config.default.js",
    "start": 1604920745504,
    "end": 1604920745505,
    "duration": 1,
    "pid": 6864,
    "index": 9
  },
  {
    "name": "Require(6) node_modules/egg-watcher/config/config.default.js",
    "start": 1604920745505,
    "end": 1604920745506,
    "duration": 1,
    "pid": 6864,
    "index": 10
  },
  {
    "name": "Require(7) node_modules/egg-schedule/config/config.default.js",
    "start": 1604920745506,
    "end": 1604920745507,
    "duration": 1,
    "pid": 6864,
    "index": 11
  },
  {
    "name": "Require(8) node_modules/egg-multipart/config/config.default.js",
    "start": 1604920745507,
    "end": 1604920745507,
    "duration": 0,
    "pid": 6864,
    "index": 12
  },
  {
    "name": "Require(9) node_modules/egg-development/config/config.default.js",
    "start": 1604920745508,
    "end": 1604920745508,
    "duration": 0,
    "pid": 6864,
    "index": 13
  },
  {
    "name": "Require(10) node_modules/egg-logrotator/config/config.default.js",
    "start": 1604920745509,
    "end": 1604920745509,
    "duration": 0,
    "pid": 6864,
    "index": 14
  },
  {
    "name": "Require(11) node_modules/egg-static/config/config.default.js",
    "start": 1604920745509,
    "end": 1604920745510,
    "duration": 1,
    "pid": 6864,
    "index": 15
  },
  {
    "name": "Require(12) node_modules/egg-view/config/config.default.js",
    "start": 1604920745510,
    "end": 1604920745511,
    "duration": 1,
    "pid": 6864,
    "index": 16
  },
  {
    "name": "Require(13) node_modules/egg-cors/config/config.default.js",
    "start": 1604920745511,
    "end": 1604920745511,
    "duration": 0,
    "pid": 6864,
    "index": 17
  },
  {
    "name": "Require(14) node_modules/egg-sequelize/config/config.default.js",
    "start": 1604920745512,
    "end": 1604920745512,
    "duration": 0,
    "pid": 6864,
    "index": 18
  },
  {
    "name": "Require(15) node_modules/egg-valparams/config/config.default.js",
    "start": 1604920745512,
    "end": 1604920745513,
    "duration": 1,
    "pid": 6864,
    "index": 19
  },
  {
    "name": "Require(16) node_modules/egg-jwt/config/config.default.js",
    "start": 1604920745513,
    "end": 1604920745513,
    "duration": 0,
    "pid": 6864,
    "index": 20
  },
  {
    "name": "Require(17) node_modules/egg-redis/config/config.default.js",
    "start": 1604920745513,
    "end": 1604920745514,
    "duration": 1,
    "pid": 6864,
    "index": 21
  },
  {
    "name": "Require(18) node_modules/egg-socket.io/config/config.default.js",
    "start": 1604920745514,
    "end": 1604920745514,
    "duration": 0,
    "pid": 6864,
    "index": 22
  },
  {
    "name": "Require(19) node_modules/egg-view-nunjucks/config/config.default.js",
    "start": 1604920745515,
    "end": 1604920745515,
    "duration": 0,
    "pid": 6864,
    "index": 23
  },
  {
    "name": "Require(20) node_modules/egg-tenpay/config/config.default.js",
    "start": 1604920745515,
    "end": 1604920745515,
    "duration": 0,
    "pid": 6864,
    "index": 24
  },
  {
    "name": "Require(21) node_modules/egg/config/config.default.js",
    "start": 1604920745516,
    "end": 1604920745516,
    "duration": 0,
    "pid": 6864,
    "index": 25
  },
  {
    "name": "Require(22) config/config.default.js",
    "start": 1604920745517,
    "end": 1604920745517,
    "duration": 0,
    "pid": 6864,
    "index": 26
  },
  {
    "name": "Require(23) node_modules/egg-security/config/config.local.js",
    "start": 1604920745518,
    "end": 1604920745518,
    "duration": 0,
    "pid": 6864,
    "index": 27
  },
  {
    "name": "Require(24) node_modules/egg-watcher/config/config.local.js",
    "start": 1604920745519,
    "end": 1604920745519,
    "duration": 0,
    "pid": 6864,
    "index": 28
  },
  {
    "name": "Require(25) node_modules/egg-view/config/config.local.js",
    "start": 1604920745520,
    "end": 1604920745520,
    "duration": 0,
    "pid": 6864,
    "index": 29
  },
  {
    "name": "Require(26) node_modules/egg-view-nunjucks/config/config.local.js",
    "start": 1604920745521,
    "end": 1604920745521,
    "duration": 0,
    "pid": 6864,
    "index": 30
  },
  {
    "name": "Require(27) node_modules/egg/config/config.local.js",
    "start": 1604920745521,
    "end": 1604920745521,
    "duration": 0,
    "pid": 6864,
    "index": 31
  },
  {
    "name": "Load extend/application.js",
    "start": 1604920745522,
    "end": 1604920745630,
    "duration": 108,
    "pid": 6864,
    "index": 32
  },
  {
    "name": "Require(28) node_modules/egg-session/app/extend/application.js",
    "start": 1604920745523,
    "end": 1604920745523,
    "duration": 0,
    "pid": 6864,
    "index": 33
  },
  {
    "name": "Require(29) node_modules/egg-security/app/extend/application.js",
    "start": 1604920745524,
    "end": 1604920745524,
    "duration": 0,
    "pid": 6864,
    "index": 34
  },
  {
    "name": "Require(30) node_modules/egg-jsonp/app/extend/application.js",
    "start": 1604920745525,
    "end": 1604920745525,
    "duration": 0,
    "pid": 6864,
    "index": 35
  },
  {
    "name": "Require(31) node_modules/egg-logrotator/app/extend/application.js",
    "start": 1604920745526,
    "end": 1604920745527,
    "duration": 1,
    "pid": 6864,
    "index": 36
  },
  {
    "name": "Require(32) node_modules/egg-view/app/extend/application.js",
    "start": 1604920745528,
    "end": 1604920745529,
    "duration": 1,
    "pid": 6864,
    "index": 37
  },
  {
    "name": "Require(33) node_modules/egg-jwt/app/extend/application.js",
    "start": 1604920745529,
    "end": 1604920745560,
    "duration": 31,
    "pid": 6864,
    "index": 38
  },
  {
    "name": "Require(34) node_modules/egg-socket.io/app/extend/application.js",
    "start": 1604920745560,
    "end": 1604920745602,
    "duration": 42,
    "pid": 6864,
    "index": 39
  },
  {
    "name": "Require(35) node_modules/egg-view-nunjucks/app/extend/application.js",
    "start": 1604920745602,
    "end": 1604920745626,
    "duration": 24,
    "pid": 6864,
    "index": 40
  },
  {
    "name": "Require(36) app/extend/application.js",
    "start": 1604920745627,
    "end": 1604920745627,
    "duration": 0,
    "pid": 6864,
    "index": 41
  },
  {
    "name": "Load extend/request.js",
    "start": 1604920745630,
    "end": 1604920745636,
    "duration": 6,
    "pid": 6864,
    "index": 42
  },
  {
    "name": "Require(37) node_modules/egg/app/extend/request.js",
    "start": 1604920745632,
    "end": 1604920745633,
    "duration": 1,
    "pid": 6864,
    "index": 43
  },
  {
    "name": "Load extend/response.js",
    "start": 1604920745636,
    "end": 1604920745643,
    "duration": 7,
    "pid": 6864,
    "index": 44
  },
  {
    "name": "Require(38) node_modules/egg/app/extend/response.js",
    "start": 1604920745639,
    "end": 1604920745640,
    "duration": 1,
    "pid": 6864,
    "index": 45
  },
  {
    "name": "Load extend/context.js",
    "start": 1604920745643,
    "end": 1604920745714,
    "duration": 71,
    "pid": 6864,
    "index": 46
  },
  {
    "name": "Require(39) node_modules/egg-security/app/extend/context.js",
    "start": 1604920745643,
    "end": 1604920745649,
    "duration": 6,
    "pid": 6864,
    "index": 47
  },
  {
    "name": "Require(40) node_modules/egg-jsonp/app/extend/context.js",
    "start": 1604920745649,
    "end": 1604920745650,
    "duration": 1,
    "pid": 6864,
    "index": 48
  },
  {
    "name": "Require(41) node_modules/egg-i18n/app/extend/context.js",
    "start": 1604920745651,
    "end": 1604920745651,
    "duration": 0,
    "pid": 6864,
    "index": 49
  },
  {
    "name": "Require(42) node_modules/egg-multipart/app/extend/context.js",
    "start": 1604920745651,
    "end": 1604920745683,
    "duration": 32,
    "pid": 6864,
    "index": 50
  },
  {
    "name": "Require(43) node_modules/egg-view/app/extend/context.js",
    "start": 1604920745684,
    "end": 1604920745685,
    "duration": 1,
    "pid": 6864,
    "index": 51
  },
  {
    "name": "Require(44) node_modules/egg-valparams/app/extend/context.js",
    "start": 1604920745685,
    "end": 1604920745705,
    "duration": 20,
    "pid": 6864,
    "index": 52
  },
  {
    "name": "Require(45) node_modules/egg/app/extend/context.js",
    "start": 1604920745706,
    "end": 1604920745707,
    "duration": 1,
    "pid": 6864,
    "index": 53
  },
  {
    "name": "Require(46) app/extend/context.js",
    "start": 1604920745708,
    "end": 1604920745709,
    "duration": 1,
    "pid": 6864,
    "index": 54
  },
  {
    "name": "Load extend/helper.js",
    "start": 1604920745714,
    "end": 1604920745737,
    "duration": 23,
    "pid": 6864,
    "index": 55
  },
  {
    "name": "Require(47) node_modules/egg-security/app/extend/helper.js",
    "start": 1604920745714,
    "end": 1604920745731,
    "duration": 17,
    "pid": 6864,
    "index": 56
  },
  {
    "name": "Require(48) node_modules/egg/app/extend/helper.js",
    "start": 1604920745734,
    "end": 1604920745734,
    "duration": 0,
    "pid": 6864,
    "index": 57
  },
  {
    "name": "Require(49) app/extend/helper.js",
    "start": 1604920745734,
    "end": 1604920745734,
    "duration": 0,
    "pid": 6864,
    "index": 58
  },
  {
    "name": "Load app.js",
    "start": 1604920745737,
    "end": 1604920745991,
    "duration": 254,
    "pid": 6864,
    "index": 59
  },
  {
    "name": "Require(50) node_modules/egg-session/app.js",
    "start": 1604920745737,
    "end": 1604920745738,
    "duration": 1,
    "pid": 6864,
    "index": 60
  },
  {
    "name": "Require(51) node_modules/egg-security/app.js",
    "start": 1604920745738,
    "end": 1604920745739,
    "duration": 1,
    "pid": 6864,
    "index": 61
  },
  {
    "name": "Require(52) node_modules/egg-onerror/app.js",
    "start": 1604920745739,
    "end": 1604920745744,
    "duration": 5,
    "pid": 6864,
    "index": 62
  },
  {
    "name": "Require(53) node_modules/egg-i18n/app.js",
    "start": 1604920745744,
    "end": 1604920745755,
    "duration": 11,
    "pid": 6864,
    "index": 63
  },
  {
    "name": "Require(54) node_modules/egg-watcher/app.js",
    "start": 1604920745755,
    "end": 1604920745757,
    "duration": 2,
    "pid": 6864,
    "index": 64
  },
  {
    "name": "Require(55) node_modules/egg-schedule/app.js",
    "start": 1604920745757,
    "end": 1604920745758,
    "duration": 1,
    "pid": 6864,
    "index": 65
  },
  {
    "name": "Require(56) node_modules/egg-multipart/app.js",
    "start": 1604920745758,
    "end": 1604920745759,
    "duration": 1,
    "pid": 6864,
    "index": 66
  },
  {
    "name": "Require(57) node_modules/egg-development/app.js",
    "start": 1604920745759,
    "end": 1604920745759,
    "duration": 0,
    "pid": 6864,
    "index": 67
  },
  {
    "name": "Require(58) node_modules/egg-logrotator/app.js",
    "start": 1604920745760,
    "end": 1604920745760,
    "duration": 0,
    "pid": 6864,
    "index": 68
  },
  {
    "name": "Require(59) node_modules/egg-static/app.js",
    "start": 1604920745760,
    "end": 1604920745760,
    "duration": 0,
    "pid": 6864,
    "index": 69
  },
  {
    "name": "Require(60) node_modules/egg-cors/app.js",
    "start": 1604920745761,
    "end": 1604920745761,
    "duration": 0,
    "pid": 6864,
    "index": 70
  },
  {
    "name": "Require(61) node_modules/egg-sequelize/app.js",
    "start": 1604920745761,
    "end": 1604920745761,
    "duration": 0,
    "pid": 6864,
    "index": 71
  },
  {
    "name": "Require(62) node_modules/egg-valparams/app.js",
    "start": 1604920745761,
    "end": 1604920745929,
    "duration": 168,
    "pid": 6864,
    "index": 72
  },
  {
    "name": "Require(63) node_modules/egg-jwt/app.js",
    "start": 1604920745929,
    "end": 1604920745929,
    "duration": 0,
    "pid": 6864,
    "index": 73
  },
  {
    "name": "Require(64) node_modules/egg-redis/app.js",
    "start": 1604920745929,
    "end": 1604920745930,
    "duration": 1,
    "pid": 6864,
    "index": 74
  },
  {
    "name": "Require(65) node_modules/egg-socket.io/app.js",
    "start": 1604920745930,
    "end": 1604920745966,
    "duration": 36,
    "pid": 6864,
    "index": 75
  },
  {
    "name": "Require(66) node_modules/egg-view-nunjucks/app.js",
    "start": 1604920745966,
    "end": 1604920745966,
    "duration": 0,
    "pid": 6864,
    "index": 76
  },
  {
    "name": "Require(67) node_modules/egg-tenpay/app.js",
    "start": 1604920745967,
    "end": 1604920745990,
    "duration": 23,
    "pid": 6864,
    "index": 77
  },
  {
    "name": "Before Start in node_modules/egg-watcher/lib/init.js:15:14",
    "start": 1604920745999,
    "end": 1604920746855,
    "duration": 856,
    "pid": 6864,
    "index": 78
  },
  {
    "name": "Load \"Symbol(model)\" to Application",
    "start": 1604920746116,
    "end": 1604920746131,
    "duration": 15,
    "pid": 6864,
    "index": 79
  },
  {
    "name": "Before Start in node_modules/egg-sequelize/lib/loader.js:39:7",
    "start": 1604920746136,
    "end": 1604920746866,
    "duration": 730,
    "pid": 6864,
    "index": 80
  },
  {
    "name": "Before Start in node_modules/egg-redis/lib/redis.js:53:7",
    "start": 1604920746232,
    "end": 1604920746832,
    "duration": 600,
    "pid": 6864,
    "index": 81
  },
  {
    "name": "Load Controller",
    "start": 1604920746244,
    "end": 1604920746796,
    "duration": 552,
    "pid": 6864,
    "index": 82
  },
  {
    "name": "Load \"controller\" to Application",
    "start": 1604920746244,
    "end": 1604920746796,
    "duration": 552,
    "pid": 6864,
    "index": 83
  },
  {
    "name": "Before Start in node_modules/egg-socket.io/lib/io.js:26:7",
    "start": 1604920746251,
    "end": 1604920746825,
    "duration": 574,
    "pid": 6864,
    "index": 84
  },
  {
    "name": "Did Load in node_modules/egg-tenpay/app.js:didLoad",
    "start": 1604920746254,
    "end": 1604920746825,
    "duration": 571,
    "pid": 6864,
    "index": 85
  },
  {
    "name": "Load Service",
    "start": 1604920746254,
    "end": 1604920746439,
    "duration": 185,
    "pid": 6864,
    "index": 86
  },
  {
    "name": "Load \"service\" to Context",
    "start": 1604920746255,
    "end": 1604920746439,
    "duration": 184,
    "pid": 6864,
    "index": 87
  },
  {
    "name": "Load Middleware",
    "start": 1604920746439,
    "end": 1604920746796,
    "duration": 357,
    "pid": 6864,
    "index": 88
  },
  {
    "name": "Load \"middlewares\" to Application",
    "start": 1604920746439,
    "end": 1604920746786,
    "duration": 347,
    "pid": 6864,
    "index": 89
  },
  {
    "name": "Load Controller",
    "start": 1604920746796,
    "end": 1604920746811,
    "duration": 15,
    "pid": 6864,
    "index": 90
  },
  {
    "name": "Load \"controller\" to Application",
    "start": 1604920746796,
    "end": 1604920746811,
    "duration": 15,
    "pid": 6864,
    "index": 91
  },
  {
    "name": "Load Router",
    "start": 1604920746811,
    "end": 1604920746813,
    "duration": 2,
    "pid": 6864,
    "index": 92
  },
  {
    "name": "Require(68) app/router.js",
    "start": 1604920746811,
    "end": 1604920746811,
    "duration": 0,
    "pid": 6864,
    "index": 93
  },
  {
    "name": "Before Start in node_modules/egg-core/lib/egg.js:303:10",
    "start": 1604920746812,
    "end": 1604920746825,
    "duration": 13,
    "pid": 6864,
    "index": 94
  }
]