[
  {
    "name": "Process Start",
    "start": 1604910130590,
    "end": 1604910131329,
    "duration": 739,
    "pid": 22460,
    "index": 0
  },
  {
    "name": "Application Start",
    "start": 1604910131330,
    "end": 1604910132137,
    "duration": 807,
    "pid": 22460,
    "index": 1
  },
  {
    "name": "Load Plugin",
    "start": 1604910131333,
    "end": 1604910131346,
    "duration": 13,
    "pid": 22460,
    "index": 2
  },
  {
    "name": "Load Config",
    "start": 1604910131346,
    "end": 1604910131368,
    "duration": 22,
    "pid": 22460,
    "index": 3
  },
  {
    "name": "Require(0) config/config.default.js",
    "start": 1604910131347,
    "end": 1604910131347,
    "duration": 0,
    "pid": 22460,
    "index": 4
  },
  {
    "name": "Require(1) node_modules/egg-session/config/config.default.js",
    "start": 1604910131348,
    "end": 1604910131349,
    "duration": 1,
    "pid": 22460,
    "index": 5
  },
  {
    "name": "Require(2) node_modules/egg-security/config/config.default.js",
    "start": 1604910131349,
    "end": 1604910131349,
    "duration": 0,
    "pid": 22460,
    "index": 6
  },
  {
    "name": "Require(3) node_modules/egg-jsonp/config/config.default.js",
    "start": 1604910131350,
    "end": 1604910131350,
    "duration": 0,
    "pid": 22460,
    "index": 7
  },
  {
    "name": "Require(4) node_modules/egg-onerror/config/config.default.js",
    "start": 1604910131351,
    "end": 1604910131351,
    "duration": 0,
    "pid": 22460,
    "index": 8
  },
  {
    "name": "Require(5) node_modules/egg-i18n/config/config.default.js",
    "start": 1604910131351,
    "end": 1604910131352,
    "duration": 1,
    "pid": 22460,
    "index": 9
  },
  {
    "name": "Require(6) node_modules/egg-watcher/config/config.default.js",
    "start": 1604910131352,
    "end": 1604910131352,
    "duration": 0,
    "pid": 22460,
    "index": 10
  },
  {
    "name": "Require(7) node_modules/egg-schedule/config/config.default.js",
    "start": 1604910131352,
    "end": 1604910131353,
    "duration": 1,
    "pid": 22460,
    "index": 11
  },
  {
    "name": "Require(8) node_modules/egg-multipart/config/config.default.js",
    "start": 1604910131353,
    "end": 1604910131353,
    "duration": 0,
    "pid": 22460,
    "index": 12
  },
  {
    "name": "Require(9) node_modules/egg-development/config/config.default.js",
    "start": 1604910131354,
    "end": 1604910131354,
    "duration": 0,
    "pid": 22460,
    "index": 13
  },
  {
    "name": "Require(10) node_modules/egg-logrotator/config/config.default.js",
    "start": 1604910131354,
    "end": 1604910131355,
    "duration": 1,
    "pid": 22460,
    "index": 14
  },
  {
    "name": "Require(11) node_modules/egg-static/config/config.default.js",
    "start": 1604910131355,
    "end": 1604910131355,
    "duration": 0,
    "pid": 22460,
    "index": 15
  },
  {
    "name": "Require(12) node_modules/egg-view/config/config.default.js",
    "start": 1604910131356,
    "end": 1604910131356,
    "duration": 0,
    "pid": 22460,
    "index": 16
  },
  {
    "name": "Require(13) node_modules/egg-cors/config/config.default.js",
    "start": 1604910131357,
    "end": 1604910131357,
    "duration": 0,
    "pid": 22460,
    "index": 17
  },
  {
    "name": "Require(14) node_modules/egg-sequelize/config/config.default.js",
    "start": 1604910131357,
    "end": 1604910131358,
    "duration": 1,
    "pid": 22460,
    "index": 18
  },
  {
    "name": "Require(15) node_modules/egg-valparams/config/config.default.js",
    "start": 1604910131358,
    "end": 1604910131358,
    "duration": 0,
    "pid": 22460,
    "index": 19
  },
  {
    "name": "Require(16) node_modules/egg-jwt/config/config.default.js",
    "start": 1604910131359,
    "end": 1604910131359,
    "duration": 0,
    "pid": 22460,
    "index": 20
  },
  {
    "name": "Require(17) node_modules/egg-redis/config/config.default.js",
    "start": 1604910131359,
    "end": 1604910131359,
    "duration": 0,
    "pid": 22460,
    "index": 21
  },
  {
    "name": "Require(18) node_modules/egg-socket.io/config/config.default.js",
    "start": 1604910131360,
    "end": 1604910131360,
    "duration": 0,
    "pid": 22460,
    "index": 22
  },
  {
    "name": "Require(19) node_modules/egg-view-nunjucks/config/config.default.js",
    "start": 1604910131360,
    "end": 1604910131361,
    "duration": 1,
    "pid": 22460,
    "index": 23
  },
  {
    "name": "Require(20) node_modules/egg-tenpay/config/config.default.js",
    "start": 1604910131361,
    "end": 1604910131361,
    "duration": 0,
    "pid": 22460,
    "index": 24
  },
  {
    "name": "Require(21) node_modules/egg/config/config.default.js",
    "start": 1604910131362,
    "end": 1604910131362,
    "duration": 0,
    "pid": 22460,
    "index": 25
  },
  {
    "name": "Require(22) config/config.default.js",
    "start": 1604910131363,
    "end": 1604910131363,
    "duration": 0,
    "pid": 22460,
    "index": 26
  },
  {
    "name": "Require(23) node_modules/egg-security/config/config.local.js",
    "start": 1604910131364,
    "end": 1604910131364,
    "duration": 0,
    "pid": 22460,
    "index": 27
  },
  {
    "name": "Require(24) node_modules/egg-watcher/config/config.local.js",
    "start": 1604910131365,
    "end": 1604910131365,
    "duration": 0,
    "pid": 22460,
    "index": 28
  },
  {
    "name": "Require(25) node_modules/egg-view/config/config.local.js",
    "start": 1604910131366,
    "end": 1604910131366,
    "duration": 0,
    "pid": 22460,
    "index": 29
  },
  {
    "name": "Require(26) node_modules/egg-view-nunjucks/config/config.local.js",
    "start": 1604910131367,
    "end": 1604910131367,
    "duration": 0,
    "pid": 22460,
    "index": 30
  },
  {
    "name": "Require(27) node_modules/egg/config/config.local.js",
    "start": 1604910131367,
    "end": 1604910131367,
    "duration": 0,
    "pid": 22460,
    "index": 31
  },
  {
    "name": "Load extend/application.js",
    "start": 1604910131368,
    "end": 1604910131459,
    "duration": 91,
    "pid": 22460,
    "index": 32
  },
  {
    "name": "Require(28) node_modules/egg-session/app/extend/application.js",
    "start": 1604910131369,
    "end": 1604910131369,
    "duration": 0,
    "pid": 22460,
    "index": 33
  },
  {
    "name": "Require(29) node_modules/egg-security/app/extend/application.js",
    "start": 1604910131370,
    "end": 1604910131370,
    "duration": 0,
    "pid": 22460,
    "index": 34
  },
  {
    "name": "Require(30) node_modules/egg-jsonp/app/extend/application.js",
    "start": 1604910131371,
    "end": 1604910131371,
    "duration": 0,
    "pid": 22460,
    "index": 35
  },
  {
    "name": "Require(31) node_modules/egg-logrotator/app/extend/application.js",
    "start": 1604910131372,
    "end": 1604910131374,
    "duration": 2,
    "pid": 22460,
    "index": 36
  },
  {
    "name": "Require(32) node_modules/egg-view/app/extend/application.js",
    "start": 1604910131374,
    "end": 1604910131375,
    "duration": 1,
    "pid": 22460,
    "index": 37
  },
  {
    "name": "Require(33) node_modules/egg-jwt/app/extend/application.js",
    "start": 1604910131376,
    "end": 1604910131400,
    "duration": 24,
    "pid": 22460,
    "index": 38
  },
  {
    "name": "Require(34) node_modules/egg-socket.io/app/extend/application.js",
    "start": 1604910131400,
    "end": 1604910131436,
    "duration": 36,
    "pid": 22460,
    "index": 39
  },
  {
    "name": "Require(35) node_modules/egg-view-nunjucks/app/extend/application.js",
    "start": 1604910131436,
    "end": 1604910131456,
    "duration": 20,
    "pid": 22460,
    "index": 40
  },
  {
    "name": "Require(36) app/extend/application.js",
    "start": 1604910131456,
    "end": 1604910131456,
    "duration": 0,
    "pid": 22460,
    "index": 41
  },
  {
    "name": "Load extend/request.js",
    "start": 1604910131459,
    "end": 1604910131465,
    "duration": 6,
    "pid": 22460,
    "index": 42
  },
  {
    "name": "Require(37) node_modules/egg/app/extend/request.js",
    "start": 1604910131462,
    "end": 1604910131463,
    "duration": 1,
    "pid": 22460,
    "index": 43
  },
  {
    "name": "Load extend/response.js",
    "start": 1604910131465,
    "end": 1604910131472,
    "duration": 7,
    "pid": 22460,
    "index": 44
  },
  {
    "name": "Require(38) node_modules/egg/app/extend/response.js",
    "start": 1604910131468,
    "end": 1604910131469,
    "duration": 1,
    "pid": 22460,
    "index": 45
  },
  {
    "name": "Load extend/context.js",
    "start": 1604910131472,
    "end": 1604910131531,
    "duration": 59,
    "pid": 22460,
    "index": 46
  },
  {
    "name": "Require(39) node_modules/egg-security/app/extend/context.js",
    "start": 1604910131472,
    "end": 1604910131478,
    "duration": 6,
    "pid": 22460,
    "index": 47
  },
  {
    "name": "Require(40) node_modules/egg-jsonp/app/extend/context.js",
    "start": 1604910131478,
    "end": 1604910131479,
    "duration": 1,
    "pid": 22460,
    "index": 48
  },
  {
    "name": "Require(41) node_modules/egg-i18n/app/extend/context.js",
    "start": 1604910131479,
    "end": 1604910131480,
    "duration": 1,
    "pid": 22460,
    "index": 49
  },
  {
    "name": "Require(42) node_modules/egg-multipart/app/extend/context.js",
    "start": 1604910131480,
    "end": 1604910131508,
    "duration": 28,
    "pid": 22460,
    "index": 50
  },
  {
    "name": "Require(43) node_modules/egg-view/app/extend/context.js",
    "start": 1604910131508,
    "end": 1604910131509,
    "duration": 1,
    "pid": 22460,
    "index": 51
  },
  {
    "name": "Require(44) node_modules/egg-valparams/app/extend/context.js",
    "start": 1604910131509,
    "end": 1604910131526,
    "duration": 17,
    "pid": 22460,
    "index": 52
  },
  {
    "name": "Require(45) node_modules/egg/app/extend/context.js",
    "start": 1604910131526,
    "end": 1604910131527,
    "duration": 1,
    "pid": 22460,
    "index": 53
  },
  {
    "name": "Require(46) app/extend/context.js",
    "start": 1604910131528,
    "end": 1604910131528,
    "duration": 0,
    "pid": 22460,
    "index": 54
  },
  {
    "name": "Load extend/helper.js",
    "start": 1604910131531,
    "end": 1604910131547,
    "duration": 16,
    "pid": 22460,
    "index": 55
  },
  {
    "name": "Require(47) node_modules/egg-security/app/extend/helper.js",
    "start": 1604910131531,
    "end": 1604910131542,
    "duration": 11,
    "pid": 22460,
    "index": 56
  },
  {
    "name": "Require(48) node_modules/egg/app/extend/helper.js",
    "start": 1604910131544,
    "end": 1604910131544,
    "duration": 0,
    "pid": 22460,
    "index": 57
  },
  {
    "name": "Require(49) app/extend/helper.js",
    "start": 1604910131544,
    "end": 1604910131545,
    "duration": 1,
    "pid": 22460,
    "index": 58
  },
  {
    "name": "Load app.js",
    "start": 1604910131548,
    "end": 1604910131765,
    "duration": 217,
    "pid": 22460,
    "index": 59
  },
  {
    "name": "Require(50) node_modules/egg-session/app.js",
    "start": 1604910131548,
    "end": 1604910131548,
    "duration": 0,
    "pid": 22460,
    "index": 60
  },
  {
    "name": "Require(51) node_modules/egg-security/app.js",
    "start": 1604910131548,
    "end": 1604910131549,
    "duration": 1,
    "pid": 22460,
    "index": 61
  },
  {
    "name": "Require(52) node_modules/egg-onerror/app.js",
    "start": 1604910131550,
    "end": 1604910131554,
    "duration": 4,
    "pid": 22460,
    "index": 62
  },
  {
    "name": "Require(53) node_modules/egg-i18n/app.js",
    "start": 1604910131554,
    "end": 1604910131565,
    "duration": 11,
    "pid": 22460,
    "index": 63
  },
  {
    "name": "Require(54) node_modules/egg-watcher/app.js",
    "start": 1604910131566,
    "end": 1604910131568,
    "duration": 2,
    "pid": 22460,
    "index": 64
  },
  {
    "name": "Require(55) node_modules/egg-schedule/app.js",
    "start": 1604910131568,
    "end": 1604910131569,
    "duration": 1,
    "pid": 22460,
    "index": 65
  },
  {
    "name": "Require(56) node_modules/egg-multipart/app.js",
    "start": 1604910131569,
    "end": 1604910131569,
    "duration": 0,
    "pid": 22460,
    "index": 66
  },
  {
    "name": "Require(57) node_modules/egg-development/app.js",
    "start": 1604910131569,
    "end": 1604910131570,
    "duration": 1,
    "pid": 22460,
    "index": 67
  },
  {
    "name": "Require(58) node_modules/egg-logrotator/app.js",
    "start": 1604910131570,
    "end": 1604910131570,
    "duration": 0,
    "pid": 22460,
    "index": 68
  },
  {
    "name": "Require(59) node_modules/egg-static/app.js",
    "start": 1604910131570,
    "end": 1604910131570,
    "duration": 0,
    "pid": 22460,
    "index": 69
  },
  {
    "name": "Require(60) node_modules/egg-cors/app.js",
    "start": 1604910131571,
    "end": 1604910131571,
    "duration": 0,
    "pid": 22460,
    "index": 70
  },
  {
    "name": "Require(61) node_modules/egg-sequelize/app.js",
    "start": 1604910131571,
    "end": 1604910131571,
    "duration": 0,
    "pid": 22460,
    "index": 71
  },
  {
    "name": "Require(62) node_modules/egg-valparams/app.js",
    "start": 1604910131571,
    "end": 1604910131708,
    "duration": 137,
    "pid": 22460,
    "index": 72
  },
  {
    "name": "Require(63) node_modules/egg-jwt/app.js",
    "start": 1604910131708,
    "end": 1604910131708,
    "duration": 0,
    "pid": 22460,
    "index": 73
  },
  {
    "name": "Require(64) node_modules/egg-redis/app.js",
    "start": 1604910131708,
    "end": 1604910131709,
    "duration": 1,
    "pid": 22460,
    "index": 74
  },
  {
    "name": "Require(65) node_modules/egg-socket.io/app.js",
    "start": 1604910131709,
    "end": 1604910131742,
    "duration": 33,
    "pid": 22460,
    "index": 75
  },
  {
    "name": "Require(66) node_modules/egg-view-nunjucks/app.js",
    "start": 1604910131742,
    "end": 1604910131742,
    "duration": 0,
    "pid": 22460,
    "index": 76
  },
  {
    "name": "Require(67) node_modules/egg-tenpay/app.js",
    "start": 1604910131742,
    "end": 1604910131764,
    "duration": 22,
    "pid": 22460,
    "index": 77
  },
  {
    "name": "Before Start in node_modules/egg-watcher/lib/init.js:15:14",
    "start": 1604910131773,
    "end": 1604910132127,
    "duration": 354,
    "pid": 22460,
    "index": 78
  },
  {
    "name": "Load \"Symbol(model)\" to Application",
    "start": 1604910131877,
    "end": 1604910131893,
    "duration": 16,
    "pid": 22460,
    "index": 79
  },
  {
    "name": "Before Start in node_modules/egg-sequelize/lib/loader.js:39:7",
    "start": 1604910131897,
    "end": 1604910132137,
    "duration": 240,
    "pid": 22460,
    "index": 80
  },
  {
    "name": "Before Start in node_modules/egg-redis/lib/redis.js:53:7",
    "start": 1604910131926,
    "end": 1604910132112,
    "duration": 186,
    "pid": 22460,
    "index": 81
  },
  {
    "name": "Load Controller",
    "start": 1604910131934,
    "end": 1604910132076,
    "duration": 142,
    "pid": 22460,
    "index": 82
  },
  {
    "name": "Load \"controller\" to Application",
    "start": 1604910131934,
    "end": 1604910132076,
    "duration": 142,
    "pid": 22460,
    "index": 83
  },
  {
    "name": "Before Start in node_modules/egg-socket.io/lib/io.js:26:7",
    "start": 1604910131940,
    "end": 1604910132104,
    "duration": 164,
    "pid": 22460,
    "index": 84
  },
  {
    "name": "Did Load in node_modules/egg-tenpay/app.js:didLoad",
    "start": 1604910131943,
    "end": 1604910132104,
    "duration": 161,
    "pid": 22460,
    "index": 85
  },
  {
    "name": "Load Service",
    "start": 1604910131943,
    "end": 1604910132011,
    "duration": 68,
    "pid": 22460,
    "index": 86
  },
  {
    "name": "Load \"service\" to Context",
    "start": 1604910131943,
    "end": 1604910132011,
    "duration": 68,
    "pid": 22460,
    "index": 87
  },
  {
    "name": "Load Middleware",
    "start": 1604910132012,
    "end": 1604910132076,
    "duration": 64,
    "pid": 22460,
    "index": 88
  },
  {
    "name": "Load \"middlewares\" to Application",
    "start": 1604910132012,
    "end": 1604910132066,
    "duration": 54,
    "pid": 22460,
    "index": 89
  },
  {
    "name": "Load Controller",
    "start": 1604910132076,
    "end": 1604910132090,
    "duration": 14,
    "pid": 22460,
    "index": 90
  },
  {
    "name": "Load \"controller\" to Application",
    "start": 1604910132076,
    "end": 1604910132090,
    "duration": 14,
    "pid": 22460,
    "index": 91
  },
  {
    "name": "Load Router",
    "start": 1604910132090,
    "end": 1604910132093,
    "duration": 3,
    "pid": 22460,
    "index": 92
  },
  {
    "name": "Require(68) app/router.js",
    "start": 1604910132091,
    "end": 1604910132091,
    "duration": 0,
    "pid": 22460,
    "index": 93
  },
  {
    "name": "Before Start in node_modules/egg-core/lib/egg.js:303:10",
    "start": 1604910132091,
    "end": 1604910132104,
    "duration": 13,
    "pid": 22460,
    "index": 94
  }
]