[
  {
    "name": "Process Start",
    "start": 1604910262200,
    "end": 1604910262912,
    "duration": 712,
    "pid": 25400,
    "index": 0
  },
  {
    "name": "Application Start",
    "start": 1604910262912,
    "end": 1604910263699,
    "duration": 787,
    "pid": 25400,
    "index": 1
  },
  {
    "name": "Load Plugin",
    "start": 1604910262915,
    "end": 1604910262928,
    "duration": 13,
    "pid": 25400,
    "index": 2
  },
  {
    "name": "Load Config",
    "start": 1604910262928,
    "end": 1604910262950,
    "duration": 22,
    "pid": 25400,
    "index": 3
  },
  {
    "name": "Require(0) config/config.default.js",
    "start": 1604910262929,
    "end": 1604910262929,
    "duration": 0,
    "pid": 25400,
    "index": 4
  },
  {
    "name": "Require(1) node_modules/egg-session/config/config.default.js",
    "start": 1604910262931,
    "end": 1604910262931,
    "duration": 0,
    "pid": 25400,
    "index": 5
  },
  {
    "name": "Require(2) node_modules/egg-security/config/config.default.js",
    "start": 1604910262932,
    "end": 1604910262932,
    "duration": 0,
    "pid": 25400,
    "index": 6
  },
  {
    "name": "Require(3) node_modules/egg-jsonp/config/config.default.js",
    "start": 1604910262933,
    "end": 1604910262933,
    "duration": 0,
    "pid": 25400,
    "index": 7
  },
  {
    "name": "Require(4) node_modules/egg-onerror/config/config.default.js",
    "start": 1604910262934,
    "end": 1604910262934,
    "duration": 0,
    "pid": 25400,
    "index": 8
  },
  {
    "name": "Require(5) node_modules/egg-i18n/config/config.default.js",
    "start": 1604910262934,
    "end": 1604910262934,
    "duration": 0,
    "pid": 25400,
    "index": 9
  },
  {
    "name": "Require(6) node_modules/egg-watcher/config/config.default.js",
    "start": 1604910262935,
    "end": 1604910262935,
    "duration": 0,
    "pid": 25400,
    "index": 10
  },
  {
    "name": "Require(7) node_modules/egg-schedule/config/config.default.js",
    "start": 1604910262936,
    "end": 1604910262936,
    "duration": 0,
    "pid": 25400,
    "index": 11
  },
  {
    "name": "Require(8) node_modules/egg-multipart/config/config.default.js",
    "start": 1604910262936,
    "end": 1604910262937,
    "duration": 1,
    "pid": 25400,
    "index": 12
  },
  {
    "name": "Require(9) node_modules/egg-development/config/config.default.js",
    "start": 1604910262937,
    "end": 1604910262937,
    "duration": 0,
    "pid": 25400,
    "index": 13
  },
  {
    "name": "Require(10) node_modules/egg-logrotator/config/config.default.js",
    "start": 1604910262938,
    "end": 1604910262938,
    "duration": 0,
    "pid": 25400,
    "index": 14
  },
  {
    "name": "Require(11) node_modules/egg-static/config/config.default.js",
    "start": 1604910262938,
    "end": 1604910262938,
    "duration": 0,
    "pid": 25400,
    "index": 15
  },
  {
    "name": "Require(12) node_modules/egg-view/config/config.default.js",
    "start": 1604910262939,
    "end": 1604910262939,
    "duration": 0,
    "pid": 25400,
    "index": 16
  },
  {
    "name": "Require(13) node_modules/egg-cors/config/config.default.js",
    "start": 1604910262939,
    "end": 1604910262940,
    "duration": 1,
    "pid": 25400,
    "index": 17
  },
  {
    "name": "Require(14) node_modules/egg-sequelize/config/config.default.js",
    "start": 1604910262940,
    "end": 1604910262940,
    "duration": 0,
    "pid": 25400,
    "index": 18
  },
  {
    "name": "Require(15) node_modules/egg-valparams/config/config.default.js",
    "start": 1604910262941,
    "end": 1604910262941,
    "duration": 0,
    "pid": 25400,
    "index": 19
  },
  {
    "name": "Require(16) node_modules/egg-jwt/config/config.default.js",
    "start": 1604910262941,
    "end": 1604910262941,
    "duration": 0,
    "pid": 25400,
    "index": 20
  },
  {
    "name": "Require(17) node_modules/egg-redis/config/config.default.js",
    "start": 1604910262942,
    "end": 1604910262942,
    "duration": 0,
    "pid": 25400,
    "index": 21
  },
  {
    "name": "Require(18) node_modules/egg-socket.io/config/config.default.js",
    "start": 1604910262942,
    "end": 1604910262943,
    "duration": 1,
    "pid": 25400,
    "index": 22
  },
  {
    "name": "Require(19) node_modules/egg-view-nunjucks/config/config.default.js",
    "start": 1604910262943,
    "end": 1604910262943,
    "duration": 0,
    "pid": 25400,
    "index": 23
  },
  {
    "name": "Require(20) node_modules/egg-tenpay/config/config.default.js",
    "start": 1604910262943,
    "end": 1604910262944,
    "duration": 1,
    "pid": 25400,
    "index": 24
  },
  {
    "name": "Require(21) node_modules/egg/config/config.default.js",
    "start": 1604910262944,
    "end": 1604910262944,
    "duration": 0,
    "pid": 25400,
    "index": 25
  },
  {
    "name": "Require(22) config/config.default.js",
    "start": 1604910262945,
    "end": 1604910262945,
    "duration": 0,
    "pid": 25400,
    "index": 26
  },
  {
    "name": "Require(23) node_modules/egg-security/config/config.local.js",
    "start": 1604910262946,
    "end": 1604910262946,
    "duration": 0,
    "pid": 25400,
    "index": 27
  },
  {
    "name": "Require(24) node_modules/egg-watcher/config/config.local.js",
    "start": 1604910262947,
    "end": 1604910262947,
    "duration": 0,
    "pid": 25400,
    "index": 28
  },
  {
    "name": "Require(25) node_modules/egg-view/config/config.local.js",
    "start": 1604910262948,
    "end": 1604910262948,
    "duration": 0,
    "pid": 25400,
    "index": 29
  },
  {
    "name": "Require(26) node_modules/egg-view-nunjucks/config/config.local.js",
    "start": 1604910262949,
    "end": 1604910262949,
    "duration": 0,
    "pid": 25400,
    "index": 30
  },
  {
    "name": "Require(27) node_modules/egg/config/config.local.js",
    "start": 1604910262949,
    "end": 1604910262949,
    "duration": 0,
    "pid": 25400,
    "index": 31
  },
  {
    "name": "Load extend/application.js",
    "start": 1604910262951,
    "end": 1604910263038,
    "duration": 87,
    "pid": 25400,
    "index": 32
  },
  {
    "name": "Require(28) node_modules/egg-session/app/extend/application.js",
    "start": 1604910262951,
    "end": 1604910262951,
    "duration": 0,
    "pid": 25400,
    "index": 33
  },
  {
    "name": "Require(29) node_modules/egg-security/app/extend/application.js",
    "start": 1604910262952,
    "end": 1604910262952,
    "duration": 0,
    "pid": 25400,
    "index": 34
  },
  {
    "name": "Require(30) node_modules/egg-jsonp/app/extend/application.js",
    "start": 1604910262953,
    "end": 1604910262953,
    "duration": 0,
    "pid": 25400,
    "index": 35
  },
  {
    "name": "Require(31) node_modules/egg-logrotator/app/extend/application.js",
    "start": 1604910262954,
    "end": 1604910262955,
    "duration": 1,
    "pid": 25400,
    "index": 36
  },
  {
    "name": "Require(32) node_modules/egg-view/app/extend/application.js",
    "start": 1604910262956,
    "end": 1604910262957,
    "duration": 1,
    "pid": 25400,
    "index": 37
  },
  {
    "name": "Require(33) node_modules/egg-jwt/app/extend/application.js",
    "start": 1604910262957,
    "end": 1604910262981,
    "duration": 24,
    "pid": 25400,
    "index": 38
  },
  {
    "name": "Require(34) node_modules/egg-socket.io/app/extend/application.js",
    "start": 1604910262981,
    "end": 1604910263016,
    "duration": 35,
    "pid": 25400,
    "index": 39
  },
  {
    "name": "Require(35) node_modules/egg-view-nunjucks/app/extend/application.js",
    "start": 1604910263016,
    "end": 1604910263034,
    "duration": 18,
    "pid": 25400,
    "index": 40
  },
  {
    "name": "Require(36) app/extend/application.js",
    "start": 1604910263035,
    "end": 1604910263035,
    "duration": 0,
    "pid": 25400,
    "index": 41
  },
  {
    "name": "Load extend/request.js",
    "start": 1604910263038,
    "end": 1604910263043,
    "duration": 5,
    "pid": 25400,
    "index": 42
  },
  {
    "name": "Require(37) node_modules/egg/app/extend/request.js",
    "start": 1604910263040,
    "end": 1604910263041,
    "duration": 1,
    "pid": 25400,
    "index": 43
  },
  {
    "name": "Load extend/response.js",
    "start": 1604910263043,
    "end": 1604910263050,
    "duration": 7,
    "pid": 25400,
    "index": 44
  },
  {
    "name": "Require(38) node_modules/egg/app/extend/response.js",
    "start": 1604910263046,
    "end": 1604910263047,
    "duration": 1,
    "pid": 25400,
    "index": 45
  },
  {
    "name": "Load extend/context.js",
    "start": 1604910263050,
    "end": 1604910263106,
    "duration": 56,
    "pid": 25400,
    "index": 46
  },
  {
    "name": "Require(39) node_modules/egg-security/app/extend/context.js",
    "start": 1604910263050,
    "end": 1604910263056,
    "duration": 6,
    "pid": 25400,
    "index": 47
  },
  {
    "name": "Require(40) node_modules/egg-jsonp/app/extend/context.js",
    "start": 1604910263056,
    "end": 1604910263057,
    "duration": 1,
    "pid": 25400,
    "index": 48
  },
  {
    "name": "Require(41) node_modules/egg-i18n/app/extend/context.js",
    "start": 1604910263057,
    "end": 1604910263057,
    "duration": 0,
    "pid": 25400,
    "index": 49
  },
  {
    "name": "Require(42) node_modules/egg-multipart/app/extend/context.js",
    "start": 1604910263058,
    "end": 1604910263084,
    "duration": 26,
    "pid": 25400,
    "index": 50
  },
  {
    "name": "Require(43) node_modules/egg-view/app/extend/context.js",
    "start": 1604910263085,
    "end": 1604910263085,
    "duration": 0,
    "pid": 25400,
    "index": 51
  },
  {
    "name": "Require(44) node_modules/egg-valparams/app/extend/context.js",
    "start": 1604910263086,
    "end": 1604910263101,
    "duration": 15,
    "pid": 25400,
    "index": 52
  },
  {
    "name": "Require(45) node_modules/egg/app/extend/context.js",
    "start": 1604910263102,
    "end": 1604910263102,
    "duration": 0,
    "pid": 25400,
    "index": 53
  },
  {
    "name": "Require(46) app/extend/context.js",
    "start": 1604910263103,
    "end": 1604910263103,
    "duration": 0,
    "pid": 25400,
    "index": 54
  },
  {
    "name": "Load extend/helper.js",
    "start": 1604910263106,
    "end": 1604910263121,
    "duration": 15,
    "pid": 25400,
    "index": 55
  },
  {
    "name": "Require(47) node_modules/egg-security/app/extend/helper.js",
    "start": 1604910263106,
    "end": 1604910263116,
    "duration": 10,
    "pid": 25400,
    "index": 56
  },
  {
    "name": "Require(48) node_modules/egg/app/extend/helper.js",
    "start": 1604910263118,
    "end": 1604910263118,
    "duration": 0,
    "pid": 25400,
    "index": 57
  },
  {
    "name": "Require(49) app/extend/helper.js",
    "start": 1604910263119,
    "end": 1604910263119,
    "duration": 0,
    "pid": 25400,
    "index": 58
  },
  {
    "name": "Load app.js",
    "start": 1604910263121,
    "end": 1604910263335,
    "duration": 214,
    "pid": 25400,
    "index": 59
  },
  {
    "name": "Require(50) node_modules/egg-session/app.js",
    "start": 1604910263122,
    "end": 1604910263122,
    "duration": 0,
    "pid": 25400,
    "index": 60
  },
  {
    "name": "Require(51) node_modules/egg-security/app.js",
    "start": 1604910263122,
    "end": 1604910263123,
    "duration": 1,
    "pid": 25400,
    "index": 61
  },
  {
    "name": "Require(52) node_modules/egg-onerror/app.js",
    "start": 1604910263123,
    "end": 1604910263127,
    "duration": 4,
    "pid": 25400,
    "index": 62
  },
  {
    "name": "Require(53) node_modules/egg-i18n/app.js",
    "start": 1604910263128,
    "end": 1604910263138,
    "duration": 10,
    "pid": 25400,
    "index": 63
  },
  {
    "name": "Require(54) node_modules/egg-watcher/app.js",
    "start": 1604910263138,
    "end": 1604910263140,
    "duration": 2,
    "pid": 25400,
    "index": 64
  },
  {
    "name": "Require(55) node_modules/egg-schedule/app.js",
    "start": 1604910263140,
    "end": 1604910263141,
    "duration": 1,
    "pid": 25400,
    "index": 65
  },
  {
    "name": "Require(56) node_modules/egg-multipart/app.js",
    "start": 1604910263141,
    "end": 1604910263142,
    "duration": 1,
    "pid": 25400,
    "index": 66
  },
  {
    "name": "Require(57) node_modules/egg-development/app.js",
    "start": 1604910263142,
    "end": 1604910263142,
    "duration": 0,
    "pid": 25400,
    "index": 67
  },
  {
    "name": "Require(58) node_modules/egg-logrotator/app.js",
    "start": 1604910263142,
    "end": 1604910263142,
    "duration": 0,
    "pid": 25400,
    "index": 68
  },
  {
    "name": "Require(59) node_modules/egg-static/app.js",
    "start": 1604910263143,
    "end": 1604910263143,
    "duration": 0,
    "pid": 25400,
    "index": 69
  },
  {
    "name": "Require(60) node_modules/egg-cors/app.js",
    "start": 1604910263143,
    "end": 1604910263143,
    "duration": 0,
    "pid": 25400,
    "index": 70
  },
  {
    "name": "Require(61) node_modules/egg-sequelize/app.js",
    "start": 1604910263143,
    "end": 1604910263144,
    "duration": 1,
    "pid": 25400,
    "index": 71
  },
  {
    "name": "Require(62) node_modules/egg-valparams/app.js",
    "start": 1604910263144,
    "end": 1604910263278,
    "duration": 134,
    "pid": 25400,
    "index": 72
  },
  {
    "name": "Require(63) node_modules/egg-jwt/app.js",
    "start": 1604910263278,
    "end": 1604910263279,
    "duration": 1,
    "pid": 25400,
    "index": 73
  },
  {
    "name": "Require(64) node_modules/egg-redis/app.js",
    "start": 1604910263279,
    "end": 1604910263280,
    "duration": 1,
    "pid": 25400,
    "index": 74
  },
  {
    "name": "Require(65) node_modules/egg-socket.io/app.js",
    "start": 1604910263280,
    "end": 1604910263312,
    "duration": 32,
    "pid": 25400,
    "index": 75
  },
  {
    "name": "Require(66) node_modules/egg-view-nunjucks/app.js",
    "start": 1604910263312,
    "end": 1604910263312,
    "duration": 0,
    "pid": 25400,
    "index": 76
  },
  {
    "name": "Require(67) node_modules/egg-tenpay/app.js",
    "start": 1604910263313,
    "end": 1604910263334,
    "duration": 21,
    "pid": 25400,
    "index": 77
  },
  {
    "name": "Before Start in node_modules/egg-watcher/lib/init.js:15:14",
    "start": 1604910263343,
    "end": 1604910263688,
    "duration": 345,
    "pid": 25400,
    "index": 78
  },
  {
    "name": "Load \"Symbol(model)\" to Application",
    "start": 1604910263443,
    "end": 1604910263458,
    "duration": 15,
    "pid": 25400,
    "index": 79
  },
  {
    "name": "Before Start in node_modules/egg-sequelize/lib/loader.js:39:7",
    "start": 1604910263463,
    "end": 1604910263698,
    "duration": 235,
    "pid": 25400,
    "index": 80
  },
  {
    "name": "Before Start in node_modules/egg-redis/lib/redis.js:53:7",
    "start": 1604910263490,
    "end": 1604910263672,
    "duration": 182,
    "pid": 25400,
    "index": 81
  },
  {
    "name": "Load Controller",
    "start": 1604910263498,
    "end": 1604910263637,
    "duration": 139,
    "pid": 25400,
    "index": 82
  },
  {
    "name": "Load \"controller\" to Application",
    "start": 1604910263499,
    "end": 1604910263637,
    "duration": 138,
    "pid": 25400,
    "index": 83
  },
  {
    "name": "Before Start in node_modules/egg-socket.io/lib/io.js:26:7",
    "start": 1604910263505,
    "end": 1604910263665,
    "duration": 160,
    "pid": 25400,
    "index": 84
  },
  {
    "name": "Did Load in node_modules/egg-tenpay/app.js:didLoad",
    "start": 1604910263507,
    "end": 1604910263665,
    "duration": 158,
    "pid": 25400,
    "index": 85
  },
  {
    "name": "Load Service",
    "start": 1604910263507,
    "end": 1604910263576,
    "duration": 69,
    "pid": 25400,
    "index": 86
  },
  {
    "name": "Load \"service\" to Context",
    "start": 1604910263507,
    "end": 1604910263576,
    "duration": 69,
    "pid": 25400,
    "index": 87
  },
  {
    "name": "Load Middleware",
    "start": 1604910263576,
    "end": 1604910263637,
    "duration": 61,
    "pid": 25400,
    "index": 88
  },
  {
    "name": "Load \"middlewares\" to Application",
    "start": 1604910263576,
    "end": 1604910263627,
    "duration": 51,
    "pid": 25400,
    "index": 89
  },
  {
    "name": "Load Controller",
    "start": 1604910263637,
    "end": 1604910263651,
    "duration": 14,
    "pid": 25400,
    "index": 90
  },
  {
    "name": "Load \"controller\" to Application",
    "start": 1604910263637,
    "end": 1604910263651,
    "duration": 14,
    "pid": 25400,
    "index": 91
  },
  {
    "name": "Load Router",
    "start": 1604910263651,
    "end": 1604910263653,
    "duration": 2,
    "pid": 25400,
    "index": 92
  },
  {
    "name": "Require(68) app/router.js",
    "start": 1604910263651,
    "end": 1604910263651,
    "duration": 0,
    "pid": 25400,
    "index": 93
  },
  {
    "name": "Before Start in node_modules/egg-core/lib/egg.js:303:10",
    "start": 1604910263652,
    "end": 1604910263665,
    "duration": 13,
    "pid": 25400,
    "index": 94
  }
]