{
  "config": {
    "session": {
      "maxAge": 2592000000,
      "key": "EGG_SESS",
      "httpOnly": true,
      "encrypt": true,
      "renew": true,
      "overwrite": true,
      "signed": true,
      "autoCommit": true,
      "encode": "<Function encode>",
      "decode": "<Function decode>",
      "genid": "<Function v4>"
    },
    "security": {
      "domainWhiteList": [],
      "protocolWhiteList": [],
      "defaultMiddleware": "csrf,hsts,methodnoallow,noopen,nosniff,csp,xssProtection,xframe,dta",
      "csrf": {
        "enable": true,
        "type": "ctoken",
        "ignoreJSON": false,
        "useSession": false,
        "cookieName": "csrfToken",
        "sessionName": "csrfToken",
        "headerName": "x-csrf-token",
        "bodyName": "_csrf",
        "queryName": "_csrf",
        "refererWhiteList": [],
        "ignore": "<Function ignore>",
        "matching": "<Function pathMatch>"
      },
      "xframe": {
        "enable": true,
        "value": "SAMEORIGIN",
        "matching": "<Function anonymous>"
      },
      "hsts": {
        "enable": false,
        "maxAge": 31536000,
        "includeSubdomains": false
      },
      "dta": {
        "enable": true,
        "matching": "<Function anonymous>"
      },
      "methodnoallow": {
        "enable": true,
        "matching": "<Function anonymous>"
      },
      "noopen": {
        "enable": true,
        "matching": "<Function anonymous>"
      },
      "nosniff": {
        "enable": true,
        "matching": "<Function anonymous>"
      },
      "referrerPolicy": {
        "enable": false,
        "value": "no-referrer-when-downgrade"
      },
      "xssProtection": {
        "enable": true,
        "value": "1; mode=block",
        "matching": "<Function anonymous>"
      },
      "csp": {
        "enable": false,
        "policy": {}
      },
      "ssrf": {
        "ipBlackList": null,
        "checkAddress": null
      },
      "_protocolWhiteListSet": "<Set>"
    },
    "helper": {
      "shtml": {}
    },
    "jsonp": {
      "limit": 50,
      "callback": [
        "_callback",
        "callback"
      ],
      "csrf": false
    },
    "onerror": {
      "errorPageUrl": "",
      "appErrorFilter": null,
      "templatePath": "F:\\egg-space\\live-stream\\node_modules\\egg-onerror\\lib\\onerror_page.mustache"
    },
    "i18n": {
      "defaultLocale": "en_US",
      "dirs": [
        "F:\\egg-space\\live-stream\\node_modules\\egg-session\\config\\locales",
        "F:\\egg-space\\live-stream\\node_modules\\egg-security\\config\\locales",
        "F:\\egg-space\\live-stream\\node_modules\\egg-jsonp\\config\\locales",
        "F:\\egg-space\\live-stream\\node_modules\\egg-onerror\\config\\locales",
        "F:\\egg-space\\live-stream\\node_modules\\egg-i18n\\config\\locales",
        "F:\\egg-space\\live-stream\\node_modules\\egg-watcher\\config\\locales",
        "F:\\egg-space\\live-stream\\node_modules\\egg-schedule\\config\\locales",
        "F:\\egg-space\\live-stream\\node_modules\\egg-multipart\\config\\locales",
        "F:\\egg-space\\live-stream\\node_modules\\egg-development\\config\\locales",
        "F:\\egg-space\\live-stream\\node_modules\\egg-logrotator\\config\\locales",
        "F:\\egg-space\\live-stream\\node_modules\\egg-static\\config\\locales",
        "F:\\egg-space\\live-stream\\node_modules\\egg-view\\config\\locales",
        "F:\\egg-space\\live-stream\\node_modules\\egg-cors\\config\\locales",
        "F:\\egg-space\\live-stream\\node_modules\\egg-sequelize\\config\\locales",
        "F:\\egg-space\\live-stream\\node_modules\\egg-valparams\\config\\locales",
        "F:\\egg-space\\live-stream\\node_modules\\egg-jwt\\config\\locales",
        "F:\\egg-space\\live-stream\\node_modules\\egg-redis\\config\\locales",
        "F:\\egg-space\\live-stream\\node_modules\\egg-socket.io\\config\\locales",
        "F:\\egg-space\\live-stream\\node_modules\\egg-view-nunjucks\\config\\locales",
        "F:\\egg-space\\live-stream\\node_modules\\egg-tenpay\\config\\locales",
        "F:\\egg-space\\live-stream\\node_modules\\egg\\config\\locales",
        "F:\\egg-space\\live-stream\\config\\locales"
      ],
      "queryField": "locale",
      "cookieField": "locale",
      "cookieDomain": "",
      "cookieMaxAge": "1y",
      "functionName": "__"
    },
    "watcher": {
      "type": "development",
      "eventSources": {
        "default": "F:\\egg-space\\live-stream\\node_modules\\egg-watcher\\lib\\event-sources\\default",
        "development": "F:\\egg-space\\live-stream\\node_modules\\egg-watcher\\lib\\event-sources\\development"
      }
    },
    "customLogger": {
      "scheduleLogger": {
        "consoleLevel": "NONE",
        "file": "egg-schedule.log"
      }
    },
    "schedule": {
      "directory": []
    },
    "multipart": {
      "mode": "stream",
      "autoFields": false,
      "defaultCharset": "utf8",
      "fieldNameSize": 100,
      "fieldSize": 102400,
      "fields": 10,
      "fileSize": 52428800,
      "files": 10,
      "fileExtensions": [
        ".xls",
        ".txt",
        ".jpg",
        ".JPG",
        ".png",
        ".PNG",
        ".gif",
        ".GIF",
        ".jpeg",
        ".JPEG"
      ],
      "whitelist": null,
      "tmpdir": "C:\\Users\\Asus\\AppData\\Local\\Temp\\egg-multipart-tmp\\live-stream",
      "cleanSchedule": {
        "cron": "0 30 4 * * *"
      }
    },
    "development": {
      "watchDirs": [],
      "ignoreDirs": [],
      "fastReady": false,
      "reloadOnDebug": true,
      "overrideDefault": false,
      "overrideIgnore": false
    },
    "logrotator": {
      "filesRotateByHour": null,
      "hourDelimiter": "-",
      "filesRotateBySize": null,
      "maxFileSize": 52428800,
      "maxFiles": 10,
      "rotateDuration": 60000,
      "maxDays": 31
    },
    "static": {
      "prefix": "/public/",
      "dir": "F:\\egg-space\\live-stream\\app\\public",
      "dynamic": true,
      "preload": false,
      "buffer": false,
      "maxFiles": 1000
    },
    "view": {
      "root": [
        "F:\\egg-space\\live-stream\\app\\view"
      ],
      "cache": false,
      "defaultExtension": ".html",
      "defaultViewEngine": "",
      "mapping": {
        ".html": "nunjucks"
      }
    },
    "cors": {
      "origin": "*",
      "allowMethods": "GET, PUT, POST, DELETE, PATCH"
    },
    "sequelize": {
      "dialect": "mysql",
      "database": "db_live_stream",
      "host": "127.0.0.1",
      "port": 3306,
      "username": "root",
      "password": "<String len: 4>",
      "timezone": "+08:00",
      "define": {
        "freezeTableName": true,
        "timestamps": true,
        "createdAt": "created_time",
        "updatedAt": "updated_time",
        "underscored": true
      }
    },
    "valparams": {
      "cover": true,
      "allowMultiCall": true,
      "throwError": true,
      "allowEmptyStr": false,
      "locale": "zh-cn"
    },
    "jwt": {
      "secret": "<String len: 34>",
      "enable": false
    },
    "redis": {
      "default": {},
      "app": true,
      "agent": false,
      "supportTimeCommand": true,
      "client": {
        "port": 6379,
        "host": "127.0.0.1",
        "password": "<String len: 0>",
        "db": 2
      }
    },
    "io": {
      "init": {
        "wsEngine": "ws",
        "path": "/socket.io",
        "allowRequest": "<Function bound >"
      },
      "namespace": {
        "/": {
          "connectionMiddleware": [
            "auth"
          ],
          "packetMiddleware": []
        }
      },
      "redis": {
        "host": "127.0.0.1",
        "port": 6379
      }
    },
    "nunjucks": {
      "autoescape": true,
      "throwOnUndefined": false,
      "trimBlocks": false,
      "lstripBlocks": false,
      "cache": false
    },
    "tenpay": {},
    "bodyParser": {
      "enableTypes": [
        "json",
        "form",
        "text"
      ],
      "extendTypes": {
        "text": [
          "text/xml",
          "application/xml"
        ]
      },
      "enable": true,
      "encoding": "utf8",
      "formLimit": "1mb",
      "jsonLimit": "1mb",
      "textLimit": "1mb",
      "strict": true,
      "queryString": {
        "arrayLimit": 100,
        "depth": 5,
        "parameterLimit": 1000
      },
      "returnRawBody": true
    },
    "env": "local",
    "name": "live-stream",
    "keys": "<String len: 30>",
    "cookies": {},
    "proxy": false,
    "maxIpsCount": 0,
    "maxProxyCount": 0,
    "protocolHeaders": "x-forwarded-proto",
    "ipHeaders": "x-forwarded-for",
    "hostHeaders": "",
    "pkg": {
      "name": "live-stream",
      "version": "1.0.0",
      "description": "直播项目",
      "private": true,
      "egg": {
        "declarations": true
      },
      "dependencies": {
        "@alicloud/sms-sdk": "^1.1.6",
        "await-stream-ready": "^1.0.1",
        "crypto": "^1.0.1",
        "dayjs": "^1.9.4",
        "egg": "^2.15.1",
        "egg-cors": "^2.2.3",
        "egg-jwt": "^3.1.7",
        "egg-redis": "^2.4.0",
        "egg-scripts": "^2.11.0",
        "egg-sequelize": "^6.0.0",
        "egg-socket.io": "^4.1.6",
        "egg-valparams": "^1.4.3",
        "egg-view-nunjucks": "^2.2.0",
        "md5": "2.3.0",
        "mysql2": "^2.2.5",
        "node-media-server": "^2.2.4",
        "stream-wormhole": "^1.1.0",
        "ms": "^2.1.2",
        "egg-full-wechat-pay": "^1.0.0",
        "egg-tenpay": "^1.0.1",
        "tenpay": "^2.1.18"
      },
      "devDependencies": {
        "autod": "^3.0.1",
        "autod-egg": "^1.1.0",
        "egg-bin": "^4.11.0",
        "egg-ci": "^1.11.0",
        "egg-mock": "^3.21.0",
        "eslint": "^5.13.0",
        "eslint-config-egg": "^7.1.0",
        "sequelize-cli": "^6.2.0"
      },
      "engines": {
        "node": ">=10.0.0"
      },
      "scripts": {
        "start": "egg-scripts start --daemon --title=egg-server-live-stream --sticky --port=7001",
        "stop": "egg-scripts stop --title=egg-server-live-stream",
        "dev": "egg-bin dev --sticky",
        "debug": "egg-bin debug",
        "test": "npm run lint -- --fix && npm run test-local",
        "test-local": "egg-bin test",
        "cov": "egg-bin cov",
        "lint": "eslint .",
        "ci": "npm run lint && npm run cov",
        "autod": "autod"
      },
      "ci": {
        "version": "10"
      },
      "repository": {
        "type": "git",
        "url": ""
      },
      "author": "",
      "license": "MIT"
    },
    "baseDir": "F:\\egg-space\\live-stream",
    "HOME": "C:\\Users\\Asus",
    "rundir": "F:\\egg-space\\live-stream\\run",
    "dump": {
      "ignore": "<Set>"
    },
    "confusedConfigurations": {
      "bodyparser": "bodyParser",
      "notFound": "notfound",
      "sitefile": "siteFile",
      "middlewares": "middleware",
      "httpClient": "httpclient"
    },
    "notfound": {
      "pageUrl": ""
    },
    "siteFile": {
      "/favicon.ico": "<Buffer len: 6463>"
    },
    "logger": {
      "dir": "F:\\egg-space\\live-stream\\logs\\live-stream",
      "encoding": "utf8",
      "env": "local",
      "level": "INFO",
      "consoleLevel": "INFO",
      "disableConsoleAfterReady": false,
      "outputJSON": false,
      "buffer": true,
      "appLogName": "live-stream-web.log",
      "coreLogName": "egg-web.log",
      "agentLogName": "egg-agent.log",
      "errorLogName": "common-error.log",
      "coreLogger": {
        "consoleLevel": "WARN"
      },
      "allowDebugAtProd": false,
      "type": "application"
    },
    "httpclient": {
      "enableDNSCache": false,
      "dnsCacheLookupInterval": 10000,
      "dnsCacheMaxLength": 1000,
      "request": {
        "timeout": 5000
      },
      "httpAgent": {
        "keepAlive": true,
        "freeSocketTimeout": 4000,
        "maxSockets": 9007199254740991,
        "maxFreeSockets": 256
      },
      "httpsAgent": {
        "keepAlive": true,
        "freeSocketTimeout": 4000,
        "maxSockets": 9007199254740991,
        "maxFreeSockets": 256
      }
    },
    "meta": {
      "enable": true,
      "logging": false
    },
    "coreMiddleware": [
      "cors",
      "meta",
      "siteFile",
      "notfound",
      "static",
      "bodyParser",
      "overrideMethod",
      "session",
      "securities",
      "i18n",
      "eggLoaderTrace"
    ],
    "workerStartTimeout": 600000,
    "serverTimeout": null,
    "cluster": {
      "listen": {
        "path": "",
        "port": 7001,
        "hostname": ""
      }
    },
    "clusterClient": {
      "maxWaitTime": 60000,
      "responseTimeout": 60000
    },
    "onClientError": null,
    "middleware": [
      "jwt",
      "errorHandler",
      "auth",
      "adminAuth",
      "adminSidebar"
    ],
    "webUrl": "http://127.0.0.1:7001",
    "auth": {
      "match": [
        "/api/logout",
        "/api/live/create",
        "/api/live/changestatus",
        "/api/gift/wxpay",
        "/api/user/info"
      ]
    },
    "adminAuth": {
      "ignore": [
        "/api",
        "/admin/login",
        "/admin/loginevent"
      ]
    },
    "adminSidebar": {
      "ignore": [
        "/api",
        "/admin/login",
        "/admin/loginevent",
        "/public"
      ]
    },
    "crypto": {
      "secret": "<String len: 34>"
    },
    "mediaServer": {
      "rtmp": {
        "port": 23480,
        "chunk_size": 60000,
        "gop_cache": true,
        "ping": 30,
        "ping_timeout": 60
      },
      "http": {
        "port": 23481,
        "allow_origin": "*"
      },
      "auth": {
        "play": true,
        "publish": true,
        "secret": "<String len: 45>"
      }
    },
    "coreMiddlewares": "~config~coreMiddleware",
    "appMiddlewares": "~config~middleware",
    "appMiddleware": "~config~middleware",
    "multipartParseOptions": {
      "autoFields": false,
      "defCharset": "utf8",
      "limits": {
        "fieldNameSize": 100,
        "fieldSize": 102400,
        "fields": 10,
        "fileSize": 52428800,
        "files": 10
      },
      "checkFile": "<Function checkFile>"
    }
  },
  "plugins": {
    "onerror": {
      "enable": true,
      "package": "egg-onerror",
      "name": "onerror",
      "dependencies": [],
      "optionalDependencies": [
        "jsonp"
      ],
      "env": [],
      "from": "F:\\egg-space\\live-stream\\node_modules\\egg\\config\\plugin.js",
      "path": "F:\\egg-space\\live-stream\\node_modules\\egg-onerror",
      "version": "2.1.0"
    },
    "session": {
      "enable": true,
      "package": "egg-session",
      "name": "session",
      "dependencies": [],
      "optionalDependencies": [],
      "env": [],
      "from": "F:\\egg-space\\live-stream\\node_modules\\egg\\config\\plugin.js",
      "path": "F:\\egg-space\\live-stream\\node_modules\\egg-session",
      "version": "3.2.0"
    },
    "i18n": {
      "enable": true,
      "package": "egg-i18n",
      "name": "i18n",
      "dependencies": [],
      "optionalDependencies": [],
      "env": [],
      "from": "F:\\egg-space\\live-stream\\node_modules\\egg\\config\\plugin.js",
      "path": "F:\\egg-space\\live-stream\\node_modules\\egg-i18n",
      "version": "2.1.1"
    },
    "watcher": {
      "enable": true,
      "package": "egg-watcher",
      "name": "watcher",
      "dependencies": [],
      "optionalDependencies": [],
      "env": [],
      "from": "F:\\egg-space\\live-stream\\node_modules\\egg\\config\\plugin.js",
      "path": "F:\\egg-space\\live-stream\\node_modules\\egg-watcher",
      "version": "3.1.1"
    },
    "multipart": {
      "enable": true,
      "package": "egg-multipart",
      "name": "multipart",
      "dependencies": [],
      "optionalDependencies": [
        "schedule"
      ],
      "env": [],
      "from": "F:\\egg-space\\live-stream\\node_modules\\egg\\config\\plugin.js",
      "path": "F:\\egg-space\\live-stream\\node_modules\\egg-multipart",
      "version": "2.10.3"
    },
    "security": {
      "enable": true,
      "package": "egg-security",
      "name": "security",
      "dependencies": [],
      "optionalDependencies": [
        "session"
      ],
      "env": [],
      "from": "F:\\egg-space\\live-stream\\node_modules\\egg\\config\\plugin.js",
      "path": "F:\\egg-space\\live-stream\\node_modules\\egg-security",
      "version": "2.8.0"
    },
    "development": {
      "enable": true,
      "package": "egg-development",
      "name": "development",
      "dependencies": [
        "watcher"
      ],
      "optionalDependencies": [],
      "env": [
        "local"
      ],
      "from": "F:\\egg-space\\live-stream\\node_modules\\egg\\config\\plugin.js",
      "path": "F:\\egg-space\\live-stream\\node_modules\\egg-development",
      "version": "2.7.0"
    },
    "logrotator": {
      "enable": true,
      "package": "egg-logrotator",
      "name": "logrotator",
      "dependencies": [
        "schedule"
      ],
      "optionalDependencies": [],
      "env": [],
      "from": "F:\\egg-space\\live-stream\\node_modules\\egg\\config\\plugin.js",
      "path": "F:\\egg-space\\live-stream\\node_modules\\egg-logrotator",
      "version": "3.1.0"
    },
    "schedule": {
      "enable": true,
      "package": "egg-schedule",
      "name": "schedule",
      "dependencies": [],
      "optionalDependencies": [],
      "env": [],
      "from": "F:\\egg-space\\live-stream\\node_modules\\egg\\config\\plugin.js",
      "path": "F:\\egg-space\\live-stream\\node_modules\\egg-schedule",
      "version": "3.6.6"
    },
    "static": {
      "enable": true,
      "package": "egg-static",
      "name": "static",
      "dependencies": [],
      "optionalDependencies": [],
      "env": [],
      "from": "F:\\egg-space\\live-stream\\node_modules\\egg\\config\\plugin.js",
      "path": "F:\\egg-space\\live-stream\\node_modules\\egg-static",
      "version": "2.2.0"
    },
    "jsonp": {
      "enable": true,
      "package": "egg-jsonp",
      "name": "jsonp",
      "dependencies": [],
      "optionalDependencies": [
        "security"
      ],
      "env": [],
      "from": "F:\\egg-space\\live-stream\\node_modules\\egg\\config\\plugin.js",
      "path": "F:\\egg-space\\live-stream\\node_modules\\egg-jsonp",
      "version": "2.0.0"
    },
    "view": {
      "enable": true,
      "package": "egg-view",
      "name": "view",
      "dependencies": [],
      "optionalDependencies": [],
      "env": [],
      "from": "F:\\egg-space\\live-stream\\node_modules\\egg\\config\\plugin.js",
      "path": "F:\\egg-space\\live-stream\\node_modules\\egg-view",
      "version": "2.1.2"
    },
    "cors": {
      "enable": true,
      "package": "egg-cors",
      "name": "cors",
      "dependencies": [],
      "optionalDependencies": [],
      "env": [],
      "from": "F:\\egg-space\\live-stream\\config\\plugin.js",
      "path": "F:\\egg-space\\live-stream\\node_modules\\egg-cors",
      "version": "2.2.3"
    },
    "sequelize": {
      "enable": true,
      "package": "egg-sequelize",
      "name": "sequelize",
      "dependencies": [],
      "optionalDependencies": [],
      "env": [],
      "from": "F:\\egg-space\\live-stream\\config\\plugin.js",
      "path": "F:\\egg-space\\live-stream\\node_modules\\egg-sequelize",
      "version": "6.0.0"
    },
    "valparams": {
      "enable": true,
      "package": "egg-valparams",
      "name": "valparams",
      "dependencies": [],
      "optionalDependencies": [],
      "env": [],
      "from": "F:\\egg-space\\live-stream\\config\\plugin.js",
      "path": "F:\\egg-space\\live-stream\\node_modules\\egg-valparams",
      "version": "1.4.3"
    },
    "jwt": {
      "enable": true,
      "package": "egg-jwt",
      "name": "jwt",
      "dependencies": [],
      "optionalDependencies": [
        "onerror"
      ],
      "env": [],
      "from": "F:\\egg-space\\live-stream\\config\\plugin.js",
      "path": "F:\\egg-space\\live-stream\\node_modules\\egg-jwt",
      "version": "3.1.7"
    },
    "redis": {
      "enable": true,
      "package": "egg-redis",
      "name": "redis",
      "dependencies": [],
      "optionalDependencies": [],
      "env": [],
      "from": "F:\\egg-space\\live-stream\\config\\plugin.js",
      "path": "F:\\egg-space\\live-stream\\node_modules\\egg-redis",
      "version": "2.4.0"
    },
    "io": {
      "enable": true,
      "package": "egg-socket.io",
      "name": "io",
      "dependencies": [
        "session"
      ],
      "optionalDependencies": [],
      "env": [],
      "from": "F:\\egg-space\\live-stream\\config\\plugin.js",
      "path": "F:\\egg-space\\live-stream\\node_modules\\egg-socket.io",
      "version": "4.1.6"
    },
    "nunjucks": {
      "enable": true,
      "package": "egg-view-nunjucks",
      "name": "nunjucks",
      "dependencies": [
        "security",
        "view"
      ],
      "optionalDependencies": [],
      "env": [],
      "from": "F:\\egg-space\\live-stream\\config\\plugin.js",
      "path": "F:\\egg-space\\live-stream\\node_modules\\egg-view-nunjucks",
      "version": "2.2.0"
    },
    "tenpay": {
      "enable": true,
      "package": "egg-tenpay",
      "name": "tenpay",
      "dependencies": [],
      "optionalDependencies": [],
      "env": [],
      "from": "F:\\egg-space\\live-stream\\config\\plugin.js",
      "path": "F:\\egg-space\\live-stream\\node_modules\\egg-tenpay",
      "version": "1.0.1"
    }
  }
}