[
  {
    "name": "Process Start",
    "start": 1604910148405,
    "end": 1604910149104,
    "duration": 699,
    "pid": 19424,
    "index": 0
  },
  {
    "name": "Application Start",
    "start": 1604910149105,
    "end": 1604910149930,
    "duration": 825,
    "pid": 19424,
    "index": 1
  },
  {
    "name": "Load Plugin",
    "start": 1604910149109,
    "end": 1604910149122,
    "duration": 13,
    "pid": 19424,
    "index": 2
  },
  {
    "name": "Load Config",
    "start": 1604910149122,
    "end": 1604910149148,
    "duration": 26,
    "pid": 19424,
    "index": 3
  },
  {
    "name": "Require(0) config/config.default.js",
    "start": 1604910149122,
    "end": 1604910149123,
    "duration": 1,
    "pid": 19424,
    "index": 4
  },
  {
    "name": "Require(1) node_modules/egg-session/config/config.default.js",
    "start": 1604910149125,
    "end": 1604910149125,
    "duration": 0,
    "pid": 19424,
    "index": 5
  },
  {
    "name": "Require(2) node_modules/egg-security/config/config.default.js",
    "start": 1604910149126,
    "end": 1604910149126,
    "duration": 0,
    "pid": 19424,
    "index": 6
  },
  {
    "name": "Require(3) node_modules/egg-jsonp/config/config.default.js",
    "start": 1604910149127,
    "end": 1604910149128,
    "duration": 1,
    "pid": 19424,
    "index": 7
  },
  {
    "name": "Require(4) node_modules/egg-onerror/config/config.default.js",
    "start": 1604910149128,
    "end": 1604910149129,
    "duration": 1,
    "pid": 19424,
    "index": 8
  },
  {
    "name": "Require(5) node_modules/egg-i18n/config/config.default.js",
    "start": 1604910149129,
    "end": 1604910149129,
    "duration": 0,
    "pid": 19424,
    "index": 9
  },
  {
    "name": "Require(6) node_modules/egg-watcher/config/config.default.js",
    "start": 1604910149130,
    "end": 1604910149130,
    "duration": 0,
    "pid": 19424,
    "index": 10
  },
  {
    "name": "Require(7) node_modules/egg-schedule/config/config.default.js",
    "start": 1604910149131,
    "end": 1604910149131,
    "duration": 0,
    "pid": 19424,
    "index": 11
  },
  {
    "name": "Require(8) node_modules/egg-multipart/config/config.default.js",
    "start": 1604910149132,
    "end": 1604910149132,
    "duration": 0,
    "pid": 19424,
    "index": 12
  },
  {
    "name": "Require(9) node_modules/egg-development/config/config.default.js",
    "start": 1604910149133,
    "end": 1604910149133,
    "duration": 0,
    "pid": 19424,
    "index": 13
  },
  {
    "name": "Require(10) node_modules/egg-logrotator/config/config.default.js",
    "start": 1604910149134,
    "end": 1604910149134,
    "duration": 0,
    "pid": 19424,
    "index": 14
  },
  {
    "name": "Require(11) node_modules/egg-static/config/config.default.js",
    "start": 1604910149135,
    "end": 1604910149135,
    "duration": 0,
    "pid": 19424,
    "index": 15
  },
  {
    "name": "Require(12) node_modules/egg-view/config/config.default.js",
    "start": 1604910149136,
    "end": 1604910149136,
    "duration": 0,
    "pid": 19424,
    "index": 16
  },
  {
    "name": "Require(13) node_modules/egg-cors/config/config.default.js",
    "start": 1604910149137,
    "end": 1604910149137,
    "duration": 0,
    "pid": 19424,
    "index": 17
  },
  {
    "name": "Require(14) node_modules/egg-sequelize/config/config.default.js",
    "start": 1604910149137,
    "end": 1604910149138,
    "duration": 1,
    "pid": 19424,
    "index": 18
  },
  {
    "name": "Require(15) node_modules/egg-valparams/config/config.default.js",
    "start": 1604910149138,
    "end": 1604910149139,
    "duration": 1,
    "pid": 19424,
    "index": 19
  },
  {
    "name": "Require(16) node_modules/egg-jwt/config/config.default.js",
    "start": 1604910149139,
    "end": 1604910149140,
    "duration": 1,
    "pid": 19424,
    "index": 20
  },
  {
    "name": "Require(17) node_modules/egg-redis/config/config.default.js",
    "start": 1604910149140,
    "end": 1604910149141,
    "duration": 1,
    "pid": 19424,
    "index": 21
  },
  {
    "name": "Require(18) node_modules/egg-socket.io/config/config.default.js",
    "start": 1604910149141,
    "end": 1604910149141,
    "duration": 0,
    "pid": 19424,
    "index": 22
  },
  {
    "name": "Require(19) node_modules/egg-view-nunjucks/config/config.default.js",
    "start": 1604910149141,
    "end": 1604910149142,
    "duration": 1,
    "pid": 19424,
    "index": 23
  },
  {
    "name": "Require(20) node_modules/egg-tenpay/config/config.default.js",
    "start": 1604910149142,
    "end": 1604910149142,
    "duration": 0,
    "pid": 19424,
    "index": 24
  },
  {
    "name": "Require(21) node_modules/egg/config/config.default.js",
    "start": 1604910149143,
    "end": 1604910149143,
    "duration": 0,
    "pid": 19424,
    "index": 25
  },
  {
    "name": "Require(22) config/config.default.js",
    "start": 1604910149144,
    "end": 1604910149144,
    "duration": 0,
    "pid": 19424,
    "index": 26
  },
  {
    "name": "Require(23) node_modules/egg-security/config/config.local.js",
    "start": 1604910149144,
    "end": 1604910149145,
    "duration": 1,
    "pid": 19424,
    "index": 27
  },
  {
    "name": "Require(24) node_modules/egg-watcher/config/config.local.js",
    "start": 1604910149145,
    "end": 1604910149146,
    "duration": 1,
    "pid": 19424,
    "index": 28
  },
  {
    "name": "Require(25) node_modules/egg-view/config/config.local.js",
    "start": 1604910149146,
    "end": 1604910149146,
    "duration": 0,
    "pid": 19424,
    "index": 29
  },
  {
    "name": "Require(26) node_modules/egg-view-nunjucks/config/config.local.js",
    "start": 1604910149147,
    "end": 1604910149148,
    "duration": 1,
    "pid": 19424,
    "index": 30
  },
  {
    "name": "Require(27) node_modules/egg/config/config.local.js",
    "start": 1604910149148,
    "end": 1604910149148,
    "duration": 0,
    "pid": 19424,
    "index": 31
  },
  {
    "name": "Load extend/application.js",
    "start": 1604910149149,
    "end": 1604910149237,
    "duration": 88,
    "pid": 19424,
    "index": 32
  },
  {
    "name": "Require(28) node_modules/egg-session/app/extend/application.js",
    "start": 1604910149149,
    "end": 1604910149150,
    "duration": 1,
    "pid": 19424,
    "index": 33
  },
  {
    "name": "Require(29) node_modules/egg-security/app/extend/application.js",
    "start": 1604910149150,
    "end": 1604910149151,
    "duration": 1,
    "pid": 19424,
    "index": 34
  },
  {
    "name": "Require(30) node_modules/egg-jsonp/app/extend/application.js",
    "start": 1604910149151,
    "end": 1604910149152,
    "duration": 1,
    "pid": 19424,
    "index": 35
  },
  {
    "name": "Require(31) node_modules/egg-logrotator/app/extend/application.js",
    "start": 1604910149153,
    "end": 1604910149154,
    "duration": 1,
    "pid": 19424,
    "index": 36
  },
  {
    "name": "Require(32) node_modules/egg-view/app/extend/application.js",
    "start": 1604910149154,
    "end": 1604910149155,
    "duration": 1,
    "pid": 19424,
    "index": 37
  },
  {
    "name": "Require(33) node_modules/egg-jwt/app/extend/application.js",
    "start": 1604910149156,
    "end": 1604910149180,
    "duration": 24,
    "pid": 19424,
    "index": 38
  },
  {
    "name": "Require(34) node_modules/egg-socket.io/app/extend/application.js",
    "start": 1604910149180,
    "end": 1604910149214,
    "duration": 34,
    "pid": 19424,
    "index": 39
  },
  {
    "name": "Require(35) node_modules/egg-view-nunjucks/app/extend/application.js",
    "start": 1604910149215,
    "end": 1604910149233,
    "duration": 18,
    "pid": 19424,
    "index": 40
  },
  {
    "name": "Require(36) app/extend/application.js",
    "start": 1604910149234,
    "end": 1604910149234,
    "duration": 0,
    "pid": 19424,
    "index": 41
  },
  {
    "name": "Load extend/request.js",
    "start": 1604910149237,
    "end": 1604910149243,
    "duration": 6,
    "pid": 19424,
    "index": 42
  },
  {
    "name": "Require(37) node_modules/egg/app/extend/request.js",
    "start": 1604910149240,
    "end": 1604910149240,
    "duration": 0,
    "pid": 19424,
    "index": 43
  },
  {
    "name": "Load extend/response.js",
    "start": 1604910149243,
    "end": 1604910149249,
    "duration": 6,
    "pid": 19424,
    "index": 44
  },
  {
    "name": "Require(38) node_modules/egg/app/extend/response.js",
    "start": 1604910149245,
    "end": 1604910149246,
    "duration": 1,
    "pid": 19424,
    "index": 45
  },
  {
    "name": "Load extend/context.js",
    "start": 1604910149249,
    "end": 1604910149307,
    "duration": 58,
    "pid": 19424,
    "index": 46
  },
  {
    "name": "Require(39) node_modules/egg-security/app/extend/context.js",
    "start": 1604910149249,
    "end": 1604910149255,
    "duration": 6,
    "pid": 19424,
    "index": 47
  },
  {
    "name": "Require(40) node_modules/egg-jsonp/app/extend/context.js",
    "start": 1604910149255,
    "end": 1604910149256,
    "duration": 1,
    "pid": 19424,
    "index": 48
  },
  {
    "name": "Require(41) node_modules/egg-i18n/app/extend/context.js",
    "start": 1604910149256,
    "end": 1604910149256,
    "duration": 0,
    "pid": 19424,
    "index": 49
  },
  {
    "name": "Require(42) node_modules/egg-multipart/app/extend/context.js",
    "start": 1604910149257,
    "end": 1604910149284,
    "duration": 27,
    "pid": 19424,
    "index": 50
  },
  {
    "name": "Require(43) node_modules/egg-view/app/extend/context.js",
    "start": 1604910149285,
    "end": 1604910149286,
    "duration": 1,
    "pid": 19424,
    "index": 51
  },
  {
    "name": "Require(44) node_modules/egg-valparams/app/extend/context.js",
    "start": 1604910149286,
    "end": 1604910149301,
    "duration": 15,
    "pid": 19424,
    "index": 52
  },
  {
    "name": "Require(45) node_modules/egg/app/extend/context.js",
    "start": 1604910149302,
    "end": 1604910149303,
    "duration": 1,
    "pid": 19424,
    "index": 53
  },
  {
    "name": "Require(46) app/extend/context.js",
    "start": 1604910149304,
    "end": 1604910149304,
    "duration": 0,
    "pid": 19424,
    "index": 54
  },
  {
    "name": "Load extend/helper.js",
    "start": 1604910149307,
    "end": 1604910149322,
    "duration": 15,
    "pid": 19424,
    "index": 55
  },
  {
    "name": "Require(47) node_modules/egg-security/app/extend/helper.js",
    "start": 1604910149307,
    "end": 1604910149317,
    "duration": 10,
    "pid": 19424,
    "index": 56
  },
  {
    "name": "Require(48) node_modules/egg/app/extend/helper.js",
    "start": 1604910149319,
    "end": 1604910149319,
    "duration": 0,
    "pid": 19424,
    "index": 57
  },
  {
    "name": "Require(49) app/extend/helper.js",
    "start": 1604910149320,
    "end": 1604910149320,
    "duration": 0,
    "pid": 19424,
    "index": 58
  },
  {
    "name": "Load app.js",
    "start": 1604910149322,
    "end": 1604910149534,
    "duration": 212,
    "pid": 19424,
    "index": 59
  },
  {
    "name": "Require(50) node_modules/egg-session/app.js",
    "start": 1604910149323,
    "end": 1604910149323,
    "duration": 0,
    "pid": 19424,
    "index": 60
  },
  {
    "name": "Require(51) node_modules/egg-security/app.js",
    "start": 1604910149323,
    "end": 1604910149324,
    "duration": 1,
    "pid": 19424,
    "index": 61
  },
  {
    "name": "Require(52) node_modules/egg-onerror/app.js",
    "start": 1604910149324,
    "end": 1604910149328,
    "duration": 4,
    "pid": 19424,
    "index": 62
  },
  {
    "name": "Require(53) node_modules/egg-i18n/app.js",
    "start": 1604910149328,
    "end": 1604910149339,
    "duration": 11,
    "pid": 19424,
    "index": 63
  },
  {
    "name": "Require(54) node_modules/egg-watcher/app.js",
    "start": 1604910149339,
    "end": 1604910149341,
    "duration": 2,
    "pid": 19424,
    "index": 64
  },
  {
    "name": "Require(55) node_modules/egg-schedule/app.js",
    "start": 1604910149341,
    "end": 1604910149342,
    "duration": 1,
    "pid": 19424,
    "index": 65
  },
  {
    "name": "Require(56) node_modules/egg-multipart/app.js",
    "start": 1604910149342,
    "end": 1604910149342,
    "duration": 0,
    "pid": 19424,
    "index": 66
  },
  {
    "name": "Require(57) node_modules/egg-development/app.js",
    "start": 1604910149343,
    "end": 1604910149343,
    "duration": 0,
    "pid": 19424,
    "index": 67
  },
  {
    "name": "Require(58) node_modules/egg-logrotator/app.js",
    "start": 1604910149343,
    "end": 1604910149343,
    "duration": 0,
    "pid": 19424,
    "index": 68
  },
  {
    "name": "Require(59) node_modules/egg-static/app.js",
    "start": 1604910149343,
    "end": 1604910149344,
    "duration": 1,
    "pid": 19424,
    "index": 69
  },
  {
    "name": "Require(60) node_modules/egg-cors/app.js",
    "start": 1604910149344,
    "end": 1604910149344,
    "duration": 0,
    "pid": 19424,
    "index": 70
  },
  {
    "name": "Require(61) node_modules/egg-sequelize/app.js",
    "start": 1604910149344,
    "end": 1604910149345,
    "duration": 1,
    "pid": 19424,
    "index": 71
  },
  {
    "name": "Require(62) node_modules/egg-valparams/app.js",
    "start": 1604910149345,
    "end": 1604910149477,
    "duration": 132,
    "pid": 19424,
    "index": 72
  },
  {
    "name": "Require(63) node_modules/egg-jwt/app.js",
    "start": 1604910149477,
    "end": 1604910149478,
    "duration": 1,
    "pid": 19424,
    "index": 73
  },
  {
    "name": "Require(64) node_modules/egg-redis/app.js",
    "start": 1604910149478,
    "end": 1604910149478,
    "duration": 0,
    "pid": 19424,
    "index": 74
  },
  {
    "name": "Require(65) node_modules/egg-socket.io/app.js",
    "start": 1604910149479,
    "end": 1604910149511,
    "duration": 32,
    "pid": 19424,
    "index": 75
  },
  {
    "name": "Require(66) node_modules/egg-view-nunjucks/app.js",
    "start": 1604910149511,
    "end": 1604910149512,
    "duration": 1,
    "pid": 19424,
    "index": 76
  },
  {
    "name": "Require(67) node_modules/egg-tenpay/app.js",
    "start": 1604910149512,
    "end": 1604910149533,
    "duration": 21,
    "pid": 19424,
    "index": 77
  },
  {
    "name": "Before Start in node_modules/egg-watcher/lib/init.js:15:14",
    "start": 1604910149542,
    "end": 1604910149920,
    "duration": 378,
    "pid": 19424,
    "index": 78
  },
  {
    "name": "Load \"Symbol(model)\" to Application",
    "start": 1604910149640,
    "end": 1604910149656,
    "duration": 16,
    "pid": 19424,
    "index": 79
  },
  {
    "name": "Before Start in node_modules/egg-sequelize/lib/loader.js:39:7",
    "start": 1604910149661,
    "end": 1604910149930,
    "duration": 269,
    "pid": 19424,
    "index": 80
  },
  {
    "name": "Before Start in node_modules/egg-redis/lib/redis.js:53:7",
    "start": 1604910149693,
    "end": 1604910149905,
    "duration": 212,
    "pid": 19424,
    "index": 81
  },
  {
    "name": "Load Controller",
    "start": 1604910149701,
    "end": 1604910149867,
    "duration": 166,
    "pid": 19424,
    "index": 82
  },
  {
    "name": "Load \"controller\" to Application",
    "start": 1604910149701,
    "end": 1604910149867,
    "duration": 166,
    "pid": 19424,
    "index": 83
  },
  {
    "name": "Before Start in node_modules/egg-socket.io/lib/io.js:26:7",
    "start": 1604910149708,
    "end": 1604910149897,
    "duration": 189,
    "pid": 19424,
    "index": 84
  },
  {
    "name": "Did Load in node_modules/egg-tenpay/app.js:didLoad",
    "start": 1604910149710,
    "end": 1604910149897,
    "duration": 187,
    "pid": 19424,
    "index": 85
  },
  {
    "name": "Load Service",
    "start": 1604910149711,
    "end": 1604910149783,
    "duration": 72,
    "pid": 19424,
    "index": 86
  },
  {
    "name": "Load \"service\" to Context",
    "start": 1604910149711,
    "end": 1604910149783,
    "duration": 72,
    "pid": 19424,
    "index": 87
  },
  {
    "name": "Load Middleware",
    "start": 1604910149783,
    "end": 1604910149867,
    "duration": 84,
    "pid": 19424,
    "index": 88
  },
  {
    "name": "Load \"middlewares\" to Application",
    "start": 1604910149783,
    "end": 1604910149855,
    "duration": 72,
    "pid": 19424,
    "index": 89
  },
  {
    "name": "Load Controller",
    "start": 1604910149867,
    "end": 1604910149881,
    "duration": 14,
    "pid": 19424,
    "index": 90
  },
  {
    "name": "Load \"controller\" to Application",
    "start": 1604910149867,
    "end": 1604910149881,
    "duration": 14,
    "pid": 19424,
    "index": 91
  },
  {
    "name": "Load Router",
    "start": 1604910149881,
    "end": 1604910149884,
    "duration": 3,
    "pid": 19424,
    "index": 92
  },
  {
    "name": "Require(68) app/router.js",
    "start": 1604910149882,
    "end": 1604910149882,
    "duration": 0,
    "pid": 19424,
    "index": 93
  },
  {
    "name": "Before Start in node_modules/egg-core/lib/egg.js:303:10",
    "start": 1604910149882,
    "end": 1604910149897,
    "duration": 15,
    "pid": 19424,
    "index": 94
  }
]