[
  {
    "name": "Process Start",
    "start": 1604910151501,
    "end": 1604910152257,
    "duration": 756,
    "pid": 8524,
    "index": 0
  },
  {
    "name": "Application Start",
    "start": 1604910152257,
    "end": 1604910153149,
    "duration": 892,
    "pid": 8524,
    "index": 1
  },
  {
    "name": "Load Plugin",
    "start": 1604910152261,
    "end": 1604910152274,
    "duration": 13,
    "pid": 8524,
    "index": 2
  },
  {
    "name": "Load Config",
    "start": 1604910152274,
    "end": 1604910152296,
    "duration": 22,
    "pid": 8524,
    "index": 3
  },
  {
    "name": "Require(0) config/config.default.js",
    "start": 1604910152274,
    "end": 1604910152274,
    "duration": 0,
    "pid": 8524,
    "index": 4
  },
  {
    "name": "Require(1) node_modules/egg-session/config/config.default.js",
    "start": 1604910152276,
    "end": 1604910152277,
    "duration": 1,
    "pid": 8524,
    "index": 5
  },
  {
    "name": "Require(2) node_modules/egg-security/config/config.default.js",
    "start": 1604910152277,
    "end": 1604910152277,
    "duration": 0,
    "pid": 8524,
    "index": 6
  },
  {
    "name": "Require(3) node_modules/egg-jsonp/config/config.default.js",
    "start": 1604910152278,
    "end": 1604910152279,
    "duration": 1,
    "pid": 8524,
    "index": 7
  },
  {
    "name": "Require(4) node_modules/egg-onerror/config/config.default.js",
    "start": 1604910152279,
    "end": 1604910152279,
    "duration": 0,
    "pid": 8524,
    "index": 8
  },
  {
    "name": "Require(5) node_modules/egg-i18n/config/config.default.js",
    "start": 1604910152280,
    "end": 1604910152280,
    "duration": 0,
    "pid": 8524,
    "index": 9
  },
  {
    "name": "Require(6) node_modules/egg-watcher/config/config.default.js",
    "start": 1604910152280,
    "end": 1604910152281,
    "duration": 1,
    "pid": 8524,
    "index": 10
  },
  {
    "name": "Require(7) node_modules/egg-schedule/config/config.default.js",
    "start": 1604910152281,
    "end": 1604910152281,
    "duration": 0,
    "pid": 8524,
    "index": 11
  },
  {
    "name": "Require(8) node_modules/egg-multipart/config/config.default.js",
    "start": 1604910152281,
    "end": 1604910152282,
    "duration": 1,
    "pid": 8524,
    "index": 12
  },
  {
    "name": "Require(9) node_modules/egg-development/config/config.default.js",
    "start": 1604910152282,
    "end": 1604910152283,
    "duration": 1,
    "pid": 8524,
    "index": 13
  },
  {
    "name": "Require(10) node_modules/egg-logrotator/config/config.default.js",
    "start": 1604910152283,
    "end": 1604910152283,
    "duration": 0,
    "pid": 8524,
    "index": 14
  },
  {
    "name": "Require(11) node_modules/egg-static/config/config.default.js",
    "start": 1604910152284,
    "end": 1604910152284,
    "duration": 0,
    "pid": 8524,
    "index": 15
  },
  {
    "name": "Require(12) node_modules/egg-view/config/config.default.js",
    "start": 1604910152284,
    "end": 1604910152285,
    "duration": 1,
    "pid": 8524,
    "index": 16
  },
  {
    "name": "Require(13) node_modules/egg-cors/config/config.default.js",
    "start": 1604910152285,
    "end": 1604910152285,
    "duration": 0,
    "pid": 8524,
    "index": 17
  },
  {
    "name": "Require(14) node_modules/egg-sequelize/config/config.default.js",
    "start": 1604910152285,
    "end": 1604910152286,
    "duration": 1,
    "pid": 8524,
    "index": 18
  },
  {
    "name": "Require(15) node_modules/egg-valparams/config/config.default.js",
    "start": 1604910152286,
    "end": 1604910152286,
    "duration": 0,
    "pid": 8524,
    "index": 19
  },
  {
    "name": "Require(16) node_modules/egg-jwt/config/config.default.js",
    "start": 1604910152287,
    "end": 1604910152287,
    "duration": 0,
    "pid": 8524,
    "index": 20
  },
  {
    "name": "Require(17) node_modules/egg-redis/config/config.default.js",
    "start": 1604910152287,
    "end": 1604910152287,
    "duration": 0,
    "pid": 8524,
    "index": 21
  },
  {
    "name": "Require(18) node_modules/egg-socket.io/config/config.default.js",
    "start": 1604910152288,
    "end": 1604910152288,
    "duration": 0,
    "pid": 8524,
    "index": 22
  },
  {
    "name": "Require(19) node_modules/egg-view-nunjucks/config/config.default.js",
    "start": 1604910152288,
    "end": 1604910152288,
    "duration": 0,
    "pid": 8524,
    "index": 23
  },
  {
    "name": "Require(20) node_modules/egg-tenpay/config/config.default.js",
    "start": 1604910152289,
    "end": 1604910152289,
    "duration": 0,
    "pid": 8524,
    "index": 24
  },
  {
    "name": "Require(21) node_modules/egg/config/config.default.js",
    "start": 1604910152289,
    "end": 1604910152289,
    "duration": 0,
    "pid": 8524,
    "index": 25
  },
  {
    "name": "Require(22) config/config.default.js",
    "start": 1604910152290,
    "end": 1604910152290,
    "duration": 0,
    "pid": 8524,
    "index": 26
  },
  {
    "name": "Require(23) node_modules/egg-security/config/config.local.js",
    "start": 1604910152291,
    "end": 1604910152292,
    "duration": 1,
    "pid": 8524,
    "index": 27
  },
  {
    "name": "Require(24) node_modules/egg-watcher/config/config.local.js",
    "start": 1604910152292,
    "end": 1604910152293,
    "duration": 1,
    "pid": 8524,
    "index": 28
  },
  {
    "name": "Require(25) node_modules/egg-view/config/config.local.js",
    "start": 1604910152293,
    "end": 1604910152294,
    "duration": 1,
    "pid": 8524,
    "index": 29
  },
  {
    "name": "Require(26) node_modules/egg-view-nunjucks/config/config.local.js",
    "start": 1604910152295,
    "end": 1604910152295,
    "duration": 0,
    "pid": 8524,
    "index": 30
  },
  {
    "name": "Require(27) node_modules/egg/config/config.local.js",
    "start": 1604910152295,
    "end": 1604910152295,
    "duration": 0,
    "pid": 8524,
    "index": 31
  },
  {
    "name": "Load extend/application.js",
    "start": 1604910152296,
    "end": 1604910152393,
    "duration": 97,
    "pid": 8524,
    "index": 32
  },
  {
    "name": "Require(28) node_modules/egg-session/app/extend/application.js",
    "start": 1604910152297,
    "end": 1604910152297,
    "duration": 0,
    "pid": 8524,
    "index": 33
  },
  {
    "name": "Require(29) node_modules/egg-security/app/extend/application.js",
    "start": 1604910152297,
    "end": 1604910152298,
    "duration": 1,
    "pid": 8524,
    "index": 34
  },
  {
    "name": "Require(30) node_modules/egg-jsonp/app/extend/application.js",
    "start": 1604910152298,
    "end": 1604910152299,
    "duration": 1,
    "pid": 8524,
    "index": 35
  },
  {
    "name": "Require(31) node_modules/egg-logrotator/app/extend/application.js",
    "start": 1604910152300,
    "end": 1604910152301,
    "duration": 1,
    "pid": 8524,
    "index": 36
  },
  {
    "name": "Require(32) node_modules/egg-view/app/extend/application.js",
    "start": 1604910152301,
    "end": 1604910152302,
    "duration": 1,
    "pid": 8524,
    "index": 37
  },
  {
    "name": "Require(33) node_modules/egg-jwt/app/extend/application.js",
    "start": 1604910152303,
    "end": 1604910152329,
    "duration": 26,
    "pid": 8524,
    "index": 38
  },
  {
    "name": "Require(34) node_modules/egg-socket.io/app/extend/application.js",
    "start": 1604910152329,
    "end": 1604910152370,
    "duration": 41,
    "pid": 8524,
    "index": 39
  },
  {
    "name": "Require(35) node_modules/egg-view-nunjucks/app/extend/application.js",
    "start": 1604910152370,
    "end": 1604910152389,
    "duration": 19,
    "pid": 8524,
    "index": 40
  },
  {
    "name": "Require(36) app/extend/application.js",
    "start": 1604910152390,
    "end": 1604910152390,
    "duration": 0,
    "pid": 8524,
    "index": 41
  },
  {
    "name": "Load extend/request.js",
    "start": 1604910152393,
    "end": 1604910152399,
    "duration": 6,
    "pid": 8524,
    "index": 42
  },
  {
    "name": "Require(37) node_modules/egg/app/extend/request.js",
    "start": 1604910152396,
    "end": 1604910152396,
    "duration": 0,
    "pid": 8524,
    "index": 43
  },
  {
    "name": "Load extend/response.js",
    "start": 1604910152399,
    "end": 1604910152405,
    "duration": 6,
    "pid": 8524,
    "index": 44
  },
  {
    "name": "Require(38) node_modules/egg/app/extend/response.js",
    "start": 1604910152401,
    "end": 1604910152402,
    "duration": 1,
    "pid": 8524,
    "index": 45
  },
  {
    "name": "Load extend/context.js",
    "start": 1604910152405,
    "end": 1604910152467,
    "duration": 62,
    "pid": 8524,
    "index": 46
  },
  {
    "name": "Require(39) node_modules/egg-security/app/extend/context.js",
    "start": 1604910152406,
    "end": 1604910152411,
    "duration": 5,
    "pid": 8524,
    "index": 47
  },
  {
    "name": "Require(40) node_modules/egg-jsonp/app/extend/context.js",
    "start": 1604910152411,
    "end": 1604910152412,
    "duration": 1,
    "pid": 8524,
    "index": 48
  },
  {
    "name": "Require(41) node_modules/egg-i18n/app/extend/context.js",
    "start": 1604910152413,
    "end": 1604910152413,
    "duration": 0,
    "pid": 8524,
    "index": 49
  },
  {
    "name": "Require(42) node_modules/egg-multipart/app/extend/context.js",
    "start": 1604910152414,
    "end": 1604910152442,
    "duration": 28,
    "pid": 8524,
    "index": 50
  },
  {
    "name": "Require(43) node_modules/egg-view/app/extend/context.js",
    "start": 1604910152443,
    "end": 1604910152444,
    "duration": 1,
    "pid": 8524,
    "index": 51
  },
  {
    "name": "Require(44) node_modules/egg-valparams/app/extend/context.js",
    "start": 1604910152444,
    "end": 1604910152462,
    "duration": 18,
    "pid": 8524,
    "index": 52
  },
  {
    "name": "Require(45) node_modules/egg/app/extend/context.js",
    "start": 1604910152463,
    "end": 1604910152464,
    "duration": 1,
    "pid": 8524,
    "index": 53
  },
  {
    "name": "Require(46) app/extend/context.js",
    "start": 1604910152464,
    "end": 1604910152464,
    "duration": 0,
    "pid": 8524,
    "index": 54
  },
  {
    "name": "Load extend/helper.js",
    "start": 1604910152467,
    "end": 1604910152484,
    "duration": 17,
    "pid": 8524,
    "index": 55
  },
  {
    "name": "Require(47) node_modules/egg-security/app/extend/helper.js",
    "start": 1604910152467,
    "end": 1604910152478,
    "duration": 11,
    "pid": 8524,
    "index": 56
  },
  {
    "name": "Require(48) node_modules/egg/app/extend/helper.js",
    "start": 1604910152480,
    "end": 1604910152481,
    "duration": 1,
    "pid": 8524,
    "index": 57
  },
  {
    "name": "Require(49) app/extend/helper.js",
    "start": 1604910152481,
    "end": 1604910152481,
    "duration": 0,
    "pid": 8524,
    "index": 58
  },
  {
    "name": "Load app.js",
    "start": 1604910152484,
    "end": 1604910152731,
    "duration": 247,
    "pid": 8524,
    "index": 59
  },
  {
    "name": "Require(50) node_modules/egg-session/app.js",
    "start": 1604910152484,
    "end": 1604910152484,
    "duration": 0,
    "pid": 8524,
    "index": 60
  },
  {
    "name": "Require(51) node_modules/egg-security/app.js",
    "start": 1604910152485,
    "end": 1604910152485,
    "duration": 0,
    "pid": 8524,
    "index": 61
  },
  {
    "name": "Require(52) node_modules/egg-onerror/app.js",
    "start": 1604910152486,
    "end": 1604910152490,
    "duration": 4,
    "pid": 8524,
    "index": 62
  },
  {
    "name": "Require(53) node_modules/egg-i18n/app.js",
    "start": 1604910152491,
    "end": 1604910152504,
    "duration": 13,
    "pid": 8524,
    "index": 63
  },
  {
    "name": "Require(54) node_modules/egg-watcher/app.js",
    "start": 1604910152504,
    "end": 1604910152507,
    "duration": 3,
    "pid": 8524,
    "index": 64
  },
  {
    "name": "Require(55) node_modules/egg-schedule/app.js",
    "start": 1604910152508,
    "end": 1604910152509,
    "duration": 1,
    "pid": 8524,
    "index": 65
  },
  {
    "name": "Require(56) node_modules/egg-multipart/app.js",
    "start": 1604910152510,
    "end": 1604910152510,
    "duration": 0,
    "pid": 8524,
    "index": 66
  },
  {
    "name": "Require(57) node_modules/egg-development/app.js",
    "start": 1604910152511,
    "end": 1604910152511,
    "duration": 0,
    "pid": 8524,
    "index": 67
  },
  {
    "name": "Require(58) node_modules/egg-logrotator/app.js",
    "start": 1604910152511,
    "end": 1604910152512,
    "duration": 1,
    "pid": 8524,
    "index": 68
  },
  {
    "name": "Require(59) node_modules/egg-static/app.js",
    "start": 1604910152512,
    "end": 1604910152512,
    "duration": 0,
    "pid": 8524,
    "index": 69
  },
  {
    "name": "Require(60) node_modules/egg-cors/app.js",
    "start": 1604910152513,
    "end": 1604910152514,
    "duration": 1,
    "pid": 8524,
    "index": 70
  },
  {
    "name": "Require(61) node_modules/egg-sequelize/app.js",
    "start": 1604910152514,
    "end": 1604910152514,
    "duration": 0,
    "pid": 8524,
    "index": 71
  },
  {
    "name": "Require(62) node_modules/egg-valparams/app.js",
    "start": 1604910152514,
    "end": 1604910152671,
    "duration": 157,
    "pid": 8524,
    "index": 72
  },
  {
    "name": "Require(63) node_modules/egg-jwt/app.js",
    "start": 1604910152671,
    "end": 1604910152671,
    "duration": 0,
    "pid": 8524,
    "index": 73
  },
  {
    "name": "Require(64) node_modules/egg-redis/app.js",
    "start": 1604910152671,
    "end": 1604910152672,
    "duration": 1,
    "pid": 8524,
    "index": 74
  },
  {
    "name": "Require(65) node_modules/egg-socket.io/app.js",
    "start": 1604910152672,
    "end": 1604910152708,
    "duration": 36,
    "pid": 8524,
    "index": 75
  },
  {
    "name": "Require(66) node_modules/egg-view-nunjucks/app.js",
    "start": 1604910152708,
    "end": 1604910152709,
    "duration": 1,
    "pid": 8524,
    "index": 76
  },
  {
    "name": "Require(67) node_modules/egg-tenpay/app.js",
    "start": 1604910152709,
    "end": 1604910152731,
    "duration": 22,
    "pid": 8524,
    "index": 77
  },
  {
    "name": "Before Start in node_modules/egg-watcher/lib/init.js:15:14",
    "start": 1604910152740,
    "end": 1604910153137,
    "duration": 397,
    "pid": 8524,
    "index": 78
  },
  {
    "name": "Load \"Symbol(model)\" to Application",
    "start": 1604910152852,
    "end": 1604910152870,
    "duration": 18,
    "pid": 8524,
    "index": 79
  },
  {
    "name": "Before Start in node_modules/egg-sequelize/lib/loader.js:39:7",
    "start": 1604910152876,
    "end": 1604910153149,
    "duration": 273,
    "pid": 8524,
    "index": 80
  },
  {
    "name": "Before Start in node_modules/egg-redis/lib/redis.js:53:7",
    "start": 1604910152909,
    "end": 1604910153117,
    "duration": 208,
    "pid": 8524,
    "index": 81
  },
  {
    "name": "Load Controller",
    "start": 1604910152920,
    "end": 1604910153078,
    "duration": 158,
    "pid": 8524,
    "index": 82
  },
  {
    "name": "Load \"controller\" to Application",
    "start": 1604910152920,
    "end": 1604910153078,
    "duration": 158,
    "pid": 8524,
    "index": 83
  },
  {
    "name": "Before Start in node_modules/egg-socket.io/lib/io.js:26:7",
    "start": 1604910152932,
    "end": 1604910153105,
    "duration": 173,
    "pid": 8524,
    "index": 84
  },
  {
    "name": "Did Load in node_modules/egg-tenpay/app.js:didLoad",
    "start": 1604910152935,
    "end": 1604910153105,
    "duration": 170,
    "pid": 8524,
    "index": 85
  },
  {
    "name": "Load Service",
    "start": 1604910152935,
    "end": 1604910153015,
    "duration": 80,
    "pid": 8524,
    "index": 86
  },
  {
    "name": "Load \"service\" to Context",
    "start": 1604910152935,
    "end": 1604910153015,
    "duration": 80,
    "pid": 8524,
    "index": 87
  },
  {
    "name": "Load Middleware",
    "start": 1604910153015,
    "end": 1604910153078,
    "duration": 63,
    "pid": 8524,
    "index": 88
  },
  {
    "name": "Load \"middlewares\" to Application",
    "start": 1604910153015,
    "end": 1604910153069,
    "duration": 54,
    "pid": 8524,
    "index": 89
  },
  {
    "name": "Load Controller",
    "start": 1604910153078,
    "end": 1604910153091,
    "duration": 13,
    "pid": 8524,
    "index": 90
  },
  {
    "name": "Load \"controller\" to Application",
    "start": 1604910153078,
    "end": 1604910153091,
    "duration": 13,
    "pid": 8524,
    "index": 91
  },
  {
    "name": "Load Router",
    "start": 1604910153091,
    "end": 1604910153093,
    "duration": 2,
    "pid": 8524,
    "index": 92
  },
  {
    "name": "Require(68) app/router.js",
    "start": 1604910153091,
    "end": 1604910153092,
    "duration": 1,
    "pid": 8524,
    "index": 93
  },
  {
    "name": "Before Start in node_modules/egg-core/lib/egg.js:303:10",
    "start": 1604910153092,
    "end": 1604910153105,
    "duration": 13,
    "pid": 8524,
    "index": 94
  }
]