[
  {
    "name": "Process Start",
    "start": 1604910259909,
    "end": 1604910260678,
    "duration": 769,
    "pid": 13236,
    "index": 0
  },
  {
    "name": "Application Start",
    "start": 1604910260679,
    "end": 1604910261536,
    "duration": 857,
    "pid": 13236,
    "index": 1
  },
  {
    "name": "Load Plugin",
    "start": 1604910260684,
    "end": 1604910260699,
    "duration": 15,
    "pid": 13236,
    "index": 2
  },
  {
    "name": "Load Config",
    "start": 1604910260699,
    "end": 1604910260724,
    "duration": 25,
    "pid": 13236,
    "index": 3
  },
  {
    "name": "Require(0) config/config.default.js",
    "start": 1604910260699,
    "end": 1604910260700,
    "duration": 1,
    "pid": 13236,
    "index": 4
  },
  {
    "name": "Require(1) node_modules/egg-session/config/config.default.js",
    "start": 1604910260702,
    "end": 1604910260702,
    "duration": 0,
    "pid": 13236,
    "index": 5
  },
  {
    "name": "Require(2) node_modules/egg-security/config/config.default.js",
    "start": 1604910260702,
    "end": 1604910260703,
    "duration": 1,
    "pid": 13236,
    "index": 6
  },
  {
    "name": "Require(3) node_modules/egg-jsonp/config/config.default.js",
    "start": 1604910260704,
    "end": 1604910260704,
    "duration": 0,
    "pid": 13236,
    "index": 7
  },
  {
    "name": "Require(4) node_modules/egg-onerror/config/config.default.js",
    "start": 1604910260704,
    "end": 1604910260705,
    "duration": 1,
    "pid": 13236,
    "index": 8
  },
  {
    "name": "Require(5) node_modules/egg-i18n/config/config.default.js",
    "start": 1604910260705,
    "end": 1604910260705,
    "duration": 0,
    "pid": 13236,
    "index": 9
  },
  {
    "name": "Require(6) node_modules/egg-watcher/config/config.default.js",
    "start": 1604910260705,
    "end": 1604910260706,
    "duration": 1,
    "pid": 13236,
    "index": 10
  },
  {
    "name": "Require(7) node_modules/egg-schedule/config/config.default.js",
    "start": 1604910260706,
    "end": 1604910260706,
    "duration": 0,
    "pid": 13236,
    "index": 11
  },
  {
    "name": "Require(8) node_modules/egg-multipart/config/config.default.js",
    "start": 1604910260707,
    "end": 1604910260707,
    "duration": 0,
    "pid": 13236,
    "index": 12
  },
  {
    "name": "Require(9) node_modules/egg-development/config/config.default.js",
    "start": 1604910260708,
    "end": 1604910260709,
    "duration": 1,
    "pid": 13236,
    "index": 13
  },
  {
    "name": "Require(10) node_modules/egg-logrotator/config/config.default.js",
    "start": 1604910260709,
    "end": 1604910260709,
    "duration": 0,
    "pid": 13236,
    "index": 14
  },
  {
    "name": "Require(11) node_modules/egg-static/config/config.default.js",
    "start": 1604910260710,
    "end": 1604910260710,
    "duration": 0,
    "pid": 13236,
    "index": 15
  },
  {
    "name": "Require(12) node_modules/egg-view/config/config.default.js",
    "start": 1604910260710,
    "end": 1604910260711,
    "duration": 1,
    "pid": 13236,
    "index": 16
  },
  {
    "name": "Require(13) node_modules/egg-cors/config/config.default.js",
    "start": 1604910260711,
    "end": 1604910260712,
    "duration": 1,
    "pid": 13236,
    "index": 17
  },
  {
    "name": "Require(14) node_modules/egg-sequelize/config/config.default.js",
    "start": 1604910260713,
    "end": 1604910260713,
    "duration": 0,
    "pid": 13236,
    "index": 18
  },
  {
    "name": "Require(15) node_modules/egg-valparams/config/config.default.js",
    "start": 1604910260714,
    "end": 1604910260714,
    "duration": 0,
    "pid": 13236,
    "index": 19
  },
  {
    "name": "Require(16) node_modules/egg-jwt/config/config.default.js",
    "start": 1604910260715,
    "end": 1604910260715,
    "duration": 0,
    "pid": 13236,
    "index": 20
  },
  {
    "name": "Require(17) node_modules/egg-redis/config/config.default.js",
    "start": 1604910260715,
    "end": 1604910260716,
    "duration": 1,
    "pid": 13236,
    "index": 21
  },
  {
    "name": "Require(18) node_modules/egg-socket.io/config/config.default.js",
    "start": 1604910260716,
    "end": 1604910260716,
    "duration": 0,
    "pid": 13236,
    "index": 22
  },
  {
    "name": "Require(19) node_modules/egg-view-nunjucks/config/config.default.js",
    "start": 1604910260716,
    "end": 1604910260717,
    "duration": 1,
    "pid": 13236,
    "index": 23
  },
  {
    "name": "Require(20) node_modules/egg-tenpay/config/config.default.js",
    "start": 1604910260717,
    "end": 1604910260717,
    "duration": 0,
    "pid": 13236,
    "index": 24
  },
  {
    "name": "Require(21) node_modules/egg/config/config.default.js",
    "start": 1604910260718,
    "end": 1604910260718,
    "duration": 0,
    "pid": 13236,
    "index": 25
  },
  {
    "name": "Require(22) config/config.default.js",
    "start": 1604910260720,
    "end": 1604910260720,
    "duration": 0,
    "pid": 13236,
    "index": 26
  },
  {
    "name": "Require(23) node_modules/egg-security/config/config.local.js",
    "start": 1604910260720,
    "end": 1604910260720,
    "duration": 0,
    "pid": 13236,
    "index": 27
  },
  {
    "name": "Require(24) node_modules/egg-watcher/config/config.local.js",
    "start": 1604910260721,
    "end": 1604910260721,
    "duration": 0,
    "pid": 13236,
    "index": 28
  },
  {
    "name": "Require(25) node_modules/egg-view/config/config.local.js",
    "start": 1604910260722,
    "end": 1604910260722,
    "duration": 0,
    "pid": 13236,
    "index": 29
  },
  {
    "name": "Require(26) node_modules/egg-view-nunjucks/config/config.local.js",
    "start": 1604910260723,
    "end": 1604910260724,
    "duration": 1,
    "pid": 13236,
    "index": 30
  },
  {
    "name": "Require(27) node_modules/egg/config/config.local.js",
    "start": 1604910260724,
    "end": 1604910260724,
    "duration": 0,
    "pid": 13236,
    "index": 31
  },
  {
    "name": "Load extend/application.js",
    "start": 1604910260725,
    "end": 1604910260815,
    "duration": 90,
    "pid": 13236,
    "index": 32
  },
  {
    "name": "Require(28) node_modules/egg-session/app/extend/application.js",
    "start": 1604910260726,
    "end": 1604910260726,
    "duration": 0,
    "pid": 13236,
    "index": 33
  },
  {
    "name": "Require(29) node_modules/egg-security/app/extend/application.js",
    "start": 1604910260726,
    "end": 1604910260727,
    "duration": 1,
    "pid": 13236,
    "index": 34
  },
  {
    "name": "Require(30) node_modules/egg-jsonp/app/extend/application.js",
    "start": 1604910260727,
    "end": 1604910260728,
    "duration": 1,
    "pid": 13236,
    "index": 35
  },
  {
    "name": "Require(31) node_modules/egg-logrotator/app/extend/application.js",
    "start": 1604910260729,
    "end": 1604910260730,
    "duration": 1,
    "pid": 13236,
    "index": 36
  },
  {
    "name": "Require(32) node_modules/egg-view/app/extend/application.js",
    "start": 1604910260730,
    "end": 1604910260731,
    "duration": 1,
    "pid": 13236,
    "index": 37
  },
  {
    "name": "Require(33) node_modules/egg-jwt/app/extend/application.js",
    "start": 1604910260732,
    "end": 1604910260756,
    "duration": 24,
    "pid": 13236,
    "index": 38
  },
  {
    "name": "Require(34) node_modules/egg-socket.io/app/extend/application.js",
    "start": 1604910260757,
    "end": 1604910260792,
    "duration": 35,
    "pid": 13236,
    "index": 39
  },
  {
    "name": "Require(35) node_modules/egg-view-nunjucks/app/extend/application.js",
    "start": 1604910260792,
    "end": 1604910260811,
    "duration": 19,
    "pid": 13236,
    "index": 40
  },
  {
    "name": "Require(36) app/extend/application.js",
    "start": 1604910260812,
    "end": 1604910260812,
    "duration": 0,
    "pid": 13236,
    "index": 41
  },
  {
    "name": "Load extend/request.js",
    "start": 1604910260815,
    "end": 1604910260821,
    "duration": 6,
    "pid": 13236,
    "index": 42
  },
  {
    "name": "Require(37) node_modules/egg/app/extend/request.js",
    "start": 1604910260818,
    "end": 1604910260818,
    "duration": 0,
    "pid": 13236,
    "index": 43
  },
  {
    "name": "Load extend/response.js",
    "start": 1604910260821,
    "end": 1604910260827,
    "duration": 6,
    "pid": 13236,
    "index": 44
  },
  {
    "name": "Require(38) node_modules/egg/app/extend/response.js",
    "start": 1604910260823,
    "end": 1604910260824,
    "duration": 1,
    "pid": 13236,
    "index": 45
  },
  {
    "name": "Load extend/context.js",
    "start": 1604910260827,
    "end": 1604910260884,
    "duration": 57,
    "pid": 13236,
    "index": 46
  },
  {
    "name": "Require(39) node_modules/egg-security/app/extend/context.js",
    "start": 1604910260827,
    "end": 1604910260833,
    "duration": 6,
    "pid": 13236,
    "index": 47
  },
  {
    "name": "Require(40) node_modules/egg-jsonp/app/extend/context.js",
    "start": 1604910260833,
    "end": 1604910260834,
    "duration": 1,
    "pid": 13236,
    "index": 48
  },
  {
    "name": "Require(41) node_modules/egg-i18n/app/extend/context.js",
    "start": 1604910260834,
    "end": 1604910260834,
    "duration": 0,
    "pid": 13236,
    "index": 49
  },
  {
    "name": "Require(42) node_modules/egg-multipart/app/extend/context.js",
    "start": 1604910260835,
    "end": 1604910260862,
    "duration": 27,
    "pid": 13236,
    "index": 50
  },
  {
    "name": "Require(43) node_modules/egg-view/app/extend/context.js",
    "start": 1604910260863,
    "end": 1604910260863,
    "duration": 0,
    "pid": 13236,
    "index": 51
  },
  {
    "name": "Require(44) node_modules/egg-valparams/app/extend/context.js",
    "start": 1604910260864,
    "end": 1604910260879,
    "duration": 15,
    "pid": 13236,
    "index": 52
  },
  {
    "name": "Require(45) node_modules/egg/app/extend/context.js",
    "start": 1604910260880,
    "end": 1604910260881,
    "duration": 1,
    "pid": 13236,
    "index": 53
  },
  {
    "name": "Require(46) app/extend/context.js",
    "start": 1604910260881,
    "end": 1604910260882,
    "duration": 1,
    "pid": 13236,
    "index": 54
  },
  {
    "name": "Load extend/helper.js",
    "start": 1604910260884,
    "end": 1604910260902,
    "duration": 18,
    "pid": 13236,
    "index": 55
  },
  {
    "name": "Require(47) node_modules/egg-security/app/extend/helper.js",
    "start": 1604910260885,
    "end": 1604910260895,
    "duration": 10,
    "pid": 13236,
    "index": 56
  },
  {
    "name": "Require(48) node_modules/egg/app/extend/helper.js",
    "start": 1604910260897,
    "end": 1604910260898,
    "duration": 1,
    "pid": 13236,
    "index": 57
  },
  {
    "name": "Require(49) app/extend/helper.js",
    "start": 1604910260898,
    "end": 1604910260898,
    "duration": 0,
    "pid": 13236,
    "index": 58
  },
  {
    "name": "Load app.js",
    "start": 1604910260902,
    "end": 1604910261148,
    "duration": 246,
    "pid": 13236,
    "index": 59
  },
  {
    "name": "Require(50) node_modules/egg-session/app.js",
    "start": 1604910260902,
    "end": 1604910260903,
    "duration": 1,
    "pid": 13236,
    "index": 60
  },
  {
    "name": "Require(51) node_modules/egg-security/app.js",
    "start": 1604910260903,
    "end": 1604910260904,
    "duration": 1,
    "pid": 13236,
    "index": 61
  },
  {
    "name": "Require(52) node_modules/egg-onerror/app.js",
    "start": 1604910260904,
    "end": 1604910260908,
    "duration": 4,
    "pid": 13236,
    "index": 62
  },
  {
    "name": "Require(53) node_modules/egg-i18n/app.js",
    "start": 1604910260908,
    "end": 1604910260922,
    "duration": 14,
    "pid": 13236,
    "index": 63
  },
  {
    "name": "Require(54) node_modules/egg-watcher/app.js",
    "start": 1604910260922,
    "end": 1604910260924,
    "duration": 2,
    "pid": 13236,
    "index": 64
  },
  {
    "name": "Require(55) node_modules/egg-schedule/app.js",
    "start": 1604910260925,
    "end": 1604910260926,
    "duration": 1,
    "pid": 13236,
    "index": 65
  },
  {
    "name": "Require(56) node_modules/egg-multipart/app.js",
    "start": 1604910260926,
    "end": 1604910260926,
    "duration": 0,
    "pid": 13236,
    "index": 66
  },
  {
    "name": "Require(57) node_modules/egg-development/app.js",
    "start": 1604910260927,
    "end": 1604910260927,
    "duration": 0,
    "pid": 13236,
    "index": 67
  },
  {
    "name": "Require(58) node_modules/egg-logrotator/app.js",
    "start": 1604910260927,
    "end": 1604910260927,
    "duration": 0,
    "pid": 13236,
    "index": 68
  },
  {
    "name": "Require(59) node_modules/egg-static/app.js",
    "start": 1604910260927,
    "end": 1604910260927,
    "duration": 0,
    "pid": 13236,
    "index": 69
  },
  {
    "name": "Require(60) node_modules/egg-cors/app.js",
    "start": 1604910260928,
    "end": 1604910260928,
    "duration": 0,
    "pid": 13236,
    "index": 70
  },
  {
    "name": "Require(61) node_modules/egg-sequelize/app.js",
    "start": 1604910260928,
    "end": 1604910260928,
    "duration": 0,
    "pid": 13236,
    "index": 71
  },
  {
    "name": "Require(62) node_modules/egg-valparams/app.js",
    "start": 1604910260929,
    "end": 1604910261087,
    "duration": 158,
    "pid": 13236,
    "index": 72
  },
  {
    "name": "Require(63) node_modules/egg-jwt/app.js",
    "start": 1604910261087,
    "end": 1604910261087,
    "duration": 0,
    "pid": 13236,
    "index": 73
  },
  {
    "name": "Require(64) node_modules/egg-redis/app.js",
    "start": 1604910261087,
    "end": 1604910261088,
    "duration": 1,
    "pid": 13236,
    "index": 74
  },
  {
    "name": "Require(65) node_modules/egg-socket.io/app.js",
    "start": 1604910261088,
    "end": 1604910261123,
    "duration": 35,
    "pid": 13236,
    "index": 75
  },
  {
    "name": "Require(66) node_modules/egg-view-nunjucks/app.js",
    "start": 1604910261123,
    "end": 1604910261123,
    "duration": 0,
    "pid": 13236,
    "index": 76
  },
  {
    "name": "Require(67) node_modules/egg-tenpay/app.js",
    "start": 1604910261124,
    "end": 1604910261147,
    "duration": 23,
    "pid": 13236,
    "index": 77
  },
  {
    "name": "Before Start in node_modules/egg-watcher/lib/init.js:15:14",
    "start": 1604910261156,
    "end": 1604910261525,
    "duration": 369,
    "pid": 13236,
    "index": 78
  },
  {
    "name": "Load \"Symbol(model)\" to Application",
    "start": 1604910261271,
    "end": 1604910261287,
    "duration": 16,
    "pid": 13236,
    "index": 79
  },
  {
    "name": "Before Start in node_modules/egg-sequelize/lib/loader.js:39:7",
    "start": 1604910261292,
    "end": 1604910261536,
    "duration": 244,
    "pid": 13236,
    "index": 80
  },
  {
    "name": "Before Start in node_modules/egg-redis/lib/redis.js:53:7",
    "start": 1604910261321,
    "end": 1604910261510,
    "duration": 189,
    "pid": 13236,
    "index": 81
  },
  {
    "name": "Load Controller",
    "start": 1604910261329,
    "end": 1604910261472,
    "duration": 143,
    "pid": 13236,
    "index": 82
  },
  {
    "name": "Load \"controller\" to Application",
    "start": 1604910261329,
    "end": 1604910261472,
    "duration": 143,
    "pid": 13236,
    "index": 83
  },
  {
    "name": "Before Start in node_modules/egg-socket.io/lib/io.js:26:7",
    "start": 1604910261335,
    "end": 1604910261502,
    "duration": 167,
    "pid": 13236,
    "index": 84
  },
  {
    "name": "Did Load in node_modules/egg-tenpay/app.js:didLoad",
    "start": 1604910261338,
    "end": 1604910261502,
    "duration": 164,
    "pid": 13236,
    "index": 85
  },
  {
    "name": "Load Service",
    "start": 1604910261338,
    "end": 1604910261406,
    "duration": 68,
    "pid": 13236,
    "index": 86
  },
  {
    "name": "Load \"service\" to Context",
    "start": 1604910261338,
    "end": 1604910261406,
    "duration": 68,
    "pid": 13236,
    "index": 87
  },
  {
    "name": "Load Middleware",
    "start": 1604910261406,
    "end": 1604910261472,
    "duration": 66,
    "pid": 13236,
    "index": 88
  },
  {
    "name": "Load \"middlewares\" to Application",
    "start": 1604910261406,
    "end": 1604910261462,
    "duration": 56,
    "pid": 13236,
    "index": 89
  },
  {
    "name": "Load Controller",
    "start": 1604910261472,
    "end": 1604910261485,
    "duration": 13,
    "pid": 13236,
    "index": 90
  },
  {
    "name": "Load \"controller\" to Application",
    "start": 1604910261472,
    "end": 1604910261485,
    "duration": 13,
    "pid": 13236,
    "index": 91
  },
  {
    "name": "Load Router",
    "start": 1604910261485,
    "end": 1604910261488,
    "duration": 3,
    "pid": 13236,
    "index": 92
  },
  {
    "name": "Require(68) app/router.js",
    "start": 1604910261485,
    "end": 1604910261486,
    "duration": 1,
    "pid": 13236,
    "index": 93
  },
  {
    "name": "Before Start in node_modules/egg-core/lib/egg.js:303:10",
    "start": 1604910261486,
    "end": 1604910261502,
    "duration": 16,
    "pid": 13236,
    "index": 94
  }
]