[
  {
    "name": "Process Start",
    "start": 1604910129053,
    "end": 1604910129741,
    "duration": 688,
    "pid": 16120,
    "index": 0
  },
  {
    "name": "Application Start",
    "start": 1604910129742,
    "end": 1604910130540,
    "duration": 798,
    "pid": 16120,
    "index": 1
  },
  {
    "name": "Load Plugin",
    "start": 1604910129746,
    "end": 1604910129760,
    "duration": 14,
    "pid": 16120,
    "index": 2
  },
  {
    "name": "Load Config",
    "start": 1604910129760,
    "end": 1604910129783,
    "duration": 23,
    "pid": 16120,
    "index": 3
  },
  {
    "name": "Require(0) config/config.default.js",
    "start": 1604910129760,
    "end": 1604910129761,
    "duration": 1,
    "pid": 16120,
    "index": 4
  },
  {
    "name": "Require(1) node_modules/egg-session/config/config.default.js",
    "start": 1604910129762,
    "end": 1604910129763,
    "duration": 1,
    "pid": 16120,
    "index": 5
  },
  {
    "name": "Require(2) node_modules/egg-security/config/config.default.js",
    "start": 1604910129763,
    "end": 1604910129764,
    "duration": 1,
    "pid": 16120,
    "index": 6
  },
  {
    "name": "Require(3) node_modules/egg-jsonp/config/config.default.js",
    "start": 1604910129764,
    "end": 1604910129765,
    "duration": 1,
    "pid": 16120,
    "index": 7
  },
  {
    "name": "Require(4) node_modules/egg-onerror/config/config.default.js",
    "start": 1604910129765,
    "end": 1604910129765,
    "duration": 0,
    "pid": 16120,
    "index": 8
  },
  {
    "name": "Require(5) node_modules/egg-i18n/config/config.default.js",
    "start": 1604910129766,
    "end": 1604910129766,
    "duration": 0,
    "pid": 16120,
    "index": 9
  },
  {
    "name": "Require(6) node_modules/egg-watcher/config/config.default.js",
    "start": 1604910129766,
    "end": 1604910129766,
    "duration": 0,
    "pid": 16120,
    "index": 10
  },
  {
    "name": "Require(7) node_modules/egg-schedule/config/config.default.js",
    "start": 1604910129767,
    "end": 1604910129767,
    "duration": 0,
    "pid": 16120,
    "index": 11
  },
  {
    "name": "Require(8) node_modules/egg-multipart/config/config.default.js",
    "start": 1604910129767,
    "end": 1604910129768,
    "duration": 1,
    "pid": 16120,
    "index": 12
  },
  {
    "name": "Require(9) node_modules/egg-development/config/config.default.js",
    "start": 1604910129768,
    "end": 1604910129768,
    "duration": 0,
    "pid": 16120,
    "index": 13
  },
  {
    "name": "Require(10) node_modules/egg-logrotator/config/config.default.js",
    "start": 1604910129769,
    "end": 1604910129769,
    "duration": 0,
    "pid": 16120,
    "index": 14
  },
  {
    "name": "Require(11) node_modules/egg-static/config/config.default.js",
    "start": 1604910129769,
    "end": 1604910129770,
    "duration": 1,
    "pid": 16120,
    "index": 15
  },
  {
    "name": "Require(12) node_modules/egg-view/config/config.default.js",
    "start": 1604910129770,
    "end": 1604910129770,
    "duration": 0,
    "pid": 16120,
    "index": 16
  },
  {
    "name": "Require(13) node_modules/egg-cors/config/config.default.js",
    "start": 1604910129771,
    "end": 1604910129771,
    "duration": 0,
    "pid": 16120,
    "index": 17
  },
  {
    "name": "Require(14) node_modules/egg-sequelize/config/config.default.js",
    "start": 1604910129771,
    "end": 1604910129771,
    "duration": 0,
    "pid": 16120,
    "index": 18
  },
  {
    "name": "Require(15) node_modules/egg-valparams/config/config.default.js",
    "start": 1604910129772,
    "end": 1604910129772,
    "duration": 0,
    "pid": 16120,
    "index": 19
  },
  {
    "name": "Require(16) node_modules/egg-jwt/config/config.default.js",
    "start": 1604910129772,
    "end": 1604910129773,
    "duration": 1,
    "pid": 16120,
    "index": 20
  },
  {
    "name": "Require(17) node_modules/egg-redis/config/config.default.js",
    "start": 1604910129773,
    "end": 1604910129773,
    "duration": 0,
    "pid": 16120,
    "index": 21
  },
  {
    "name": "Require(18) node_modules/egg-socket.io/config/config.default.js",
    "start": 1604910129773,
    "end": 1604910129774,
    "duration": 1,
    "pid": 16120,
    "index": 22
  },
  {
    "name": "Require(19) node_modules/egg-view-nunjucks/config/config.default.js",
    "start": 1604910129774,
    "end": 1604910129774,
    "duration": 0,
    "pid": 16120,
    "index": 23
  },
  {
    "name": "Require(20) node_modules/egg-tenpay/config/config.default.js",
    "start": 1604910129775,
    "end": 1604910129775,
    "duration": 0,
    "pid": 16120,
    "index": 24
  },
  {
    "name": "Require(21) node_modules/egg/config/config.default.js",
    "start": 1604910129776,
    "end": 1604910129776,
    "duration": 0,
    "pid": 16120,
    "index": 25
  },
  {
    "name": "Require(22) config/config.default.js",
    "start": 1604910129778,
    "end": 1604910129778,
    "duration": 0,
    "pid": 16120,
    "index": 26
  },
  {
    "name": "Require(23) node_modules/egg-security/config/config.local.js",
    "start": 1604910129779,
    "end": 1604910129779,
    "duration": 0,
    "pid": 16120,
    "index": 27
  },
  {
    "name": "Require(24) node_modules/egg-watcher/config/config.local.js",
    "start": 1604910129780,
    "end": 1604910129780,
    "duration": 0,
    "pid": 16120,
    "index": 28
  },
  {
    "name": "Require(25) node_modules/egg-view/config/config.local.js",
    "start": 1604910129781,
    "end": 1604910129781,
    "duration": 0,
    "pid": 16120,
    "index": 29
  },
  {
    "name": "Require(26) node_modules/egg-view-nunjucks/config/config.local.js",
    "start": 1604910129782,
    "end": 1604910129782,
    "duration": 0,
    "pid": 16120,
    "index": 30
  },
  {
    "name": "Require(27) node_modules/egg/config/config.local.js",
    "start": 1604910129782,
    "end": 1604910129782,
    "duration": 0,
    "pid": 16120,
    "index": 31
  },
  {
    "name": "Load extend/application.js",
    "start": 1604910129783,
    "end": 1604910129871,
    "duration": 88,
    "pid": 16120,
    "index": 32
  },
  {
    "name": "Require(28) node_modules/egg-session/app/extend/application.js",
    "start": 1604910129784,
    "end": 1604910129784,
    "duration": 0,
    "pid": 16120,
    "index": 33
  },
  {
    "name": "Require(29) node_modules/egg-security/app/extend/application.js",
    "start": 1604910129784,
    "end": 1604910129785,
    "duration": 1,
    "pid": 16120,
    "index": 34
  },
  {
    "name": "Require(30) node_modules/egg-jsonp/app/extend/application.js",
    "start": 1604910129785,
    "end": 1604910129786,
    "duration": 1,
    "pid": 16120,
    "index": 35
  },
  {
    "name": "Require(31) node_modules/egg-logrotator/app/extend/application.js",
    "start": 1604910129787,
    "end": 1604910129788,
    "duration": 1,
    "pid": 16120,
    "index": 36
  },
  {
    "name": "Require(32) node_modules/egg-view/app/extend/application.js",
    "start": 1604910129788,
    "end": 1604910129789,
    "duration": 1,
    "pid": 16120,
    "index": 37
  },
  {
    "name": "Require(33) node_modules/egg-jwt/app/extend/application.js",
    "start": 1604910129790,
    "end": 1604910129814,
    "duration": 24,
    "pid": 16120,
    "index": 38
  },
  {
    "name": "Require(34) node_modules/egg-socket.io/app/extend/application.js",
    "start": 1604910129814,
    "end": 1604910129848,
    "duration": 34,
    "pid": 16120,
    "index": 39
  },
  {
    "name": "Require(35) node_modules/egg-view-nunjucks/app/extend/application.js",
    "start": 1604910129848,
    "end": 1604910129867,
    "duration": 19,
    "pid": 16120,
    "index": 40
  },
  {
    "name": "Require(36) app/extend/application.js",
    "start": 1604910129868,
    "end": 1604910129868,
    "duration": 0,
    "pid": 16120,
    "index": 41
  },
  {
    "name": "Load extend/request.js",
    "start": 1604910129871,
    "end": 1604910129877,
    "duration": 6,
    "pid": 16120,
    "index": 42
  },
  {
    "name": "Require(37) node_modules/egg/app/extend/request.js",
    "start": 1604910129873,
    "end": 1604910129874,
    "duration": 1,
    "pid": 16120,
    "index": 43
  },
  {
    "name": "Load extend/response.js",
    "start": 1604910129877,
    "end": 1604910129883,
    "duration": 6,
    "pid": 16120,
    "index": 44
  },
  {
    "name": "Require(38) node_modules/egg/app/extend/response.js",
    "start": 1604910129879,
    "end": 1604910129880,
    "duration": 1,
    "pid": 16120,
    "index": 45
  },
  {
    "name": "Load extend/context.js",
    "start": 1604910129883,
    "end": 1604910129940,
    "duration": 57,
    "pid": 16120,
    "index": 46
  },
  {
    "name": "Require(39) node_modules/egg-security/app/extend/context.js",
    "start": 1604910129883,
    "end": 1604910129889,
    "duration": 6,
    "pid": 16120,
    "index": 47
  },
  {
    "name": "Require(40) node_modules/egg-jsonp/app/extend/context.js",
    "start": 1604910129889,
    "end": 1604910129890,
    "duration": 1,
    "pid": 16120,
    "index": 48
  },
  {
    "name": "Require(41) node_modules/egg-i18n/app/extend/context.js",
    "start": 1604910129890,
    "end": 1604910129891,
    "duration": 1,
    "pid": 16120,
    "index": 49
  },
  {
    "name": "Require(42) node_modules/egg-multipart/app/extend/context.js",
    "start": 1604910129891,
    "end": 1604910129918,
    "duration": 27,
    "pid": 16120,
    "index": 50
  },
  {
    "name": "Require(43) node_modules/egg-view/app/extend/context.js",
    "start": 1604910129919,
    "end": 1604910129919,
    "duration": 0,
    "pid": 16120,
    "index": 51
  },
  {
    "name": "Require(44) node_modules/egg-valparams/app/extend/context.js",
    "start": 1604910129920,
    "end": 1604910129935,
    "duration": 15,
    "pid": 16120,
    "index": 52
  },
  {
    "name": "Require(45) node_modules/egg/app/extend/context.js",
    "start": 1604910129936,
    "end": 1604910129936,
    "duration": 0,
    "pid": 16120,
    "index": 53
  },
  {
    "name": "Require(46) app/extend/context.js",
    "start": 1604910129937,
    "end": 1604910129937,
    "duration": 0,
    "pid": 16120,
    "index": 54
  },
  {
    "name": "Load extend/helper.js",
    "start": 1604910129940,
    "end": 1604910129956,
    "duration": 16,
    "pid": 16120,
    "index": 55
  },
  {
    "name": "Require(47) node_modules/egg-security/app/extend/helper.js",
    "start": 1604910129941,
    "end": 1604910129951,
    "duration": 10,
    "pid": 16120,
    "index": 56
  },
  {
    "name": "Require(48) node_modules/egg/app/extend/helper.js",
    "start": 1604910129953,
    "end": 1604910129954,
    "duration": 1,
    "pid": 16120,
    "index": 57
  },
  {
    "name": "Require(49) app/extend/helper.js",
    "start": 1604910129954,
    "end": 1604910129954,
    "duration": 0,
    "pid": 16120,
    "index": 58
  },
  {
    "name": "Load app.js",
    "start": 1604910129957,
    "end": 1604910130178,
    "duration": 221,
    "pid": 16120,
    "index": 59
  },
  {
    "name": "Require(50) node_modules/egg-session/app.js",
    "start": 1604910129957,
    "end": 1604910129957,
    "duration": 0,
    "pid": 16120,
    "index": 60
  },
  {
    "name": "Require(51) node_modules/egg-security/app.js",
    "start": 1604910129957,
    "end": 1604910129958,
    "duration": 1,
    "pid": 16120,
    "index": 61
  },
  {
    "name": "Require(52) node_modules/egg-onerror/app.js",
    "start": 1604910129958,
    "end": 1604910129962,
    "duration": 4,
    "pid": 16120,
    "index": 62
  },
  {
    "name": "Require(53) node_modules/egg-i18n/app.js",
    "start": 1604910129963,
    "end": 1604910129973,
    "duration": 10,
    "pid": 16120,
    "index": 63
  },
  {
    "name": "Require(54) node_modules/egg-watcher/app.js",
    "start": 1604910129974,
    "end": 1604910129975,
    "duration": 1,
    "pid": 16120,
    "index": 64
  },
  {
    "name": "Require(55) node_modules/egg-schedule/app.js",
    "start": 1604910129976,
    "end": 1604910129976,
    "duration": 0,
    "pid": 16120,
    "index": 65
  },
  {
    "name": "Require(56) node_modules/egg-multipart/app.js",
    "start": 1604910129977,
    "end": 1604910129977,
    "duration": 0,
    "pid": 16120,
    "index": 66
  },
  {
    "name": "Require(57) node_modules/egg-development/app.js",
    "start": 1604910129977,
    "end": 1604910129977,
    "duration": 0,
    "pid": 16120,
    "index": 67
  },
  {
    "name": "Require(58) node_modules/egg-logrotator/app.js",
    "start": 1604910129978,
    "end": 1604910129978,
    "duration": 0,
    "pid": 16120,
    "index": 68
  },
  {
    "name": "Require(59) node_modules/egg-static/app.js",
    "start": 1604910129978,
    "end": 1604910129978,
    "duration": 0,
    "pid": 16120,
    "index": 69
  },
  {
    "name": "Require(60) node_modules/egg-cors/app.js",
    "start": 1604910129978,
    "end": 1604910129979,
    "duration": 1,
    "pid": 16120,
    "index": 70
  },
  {
    "name": "Require(61) node_modules/egg-sequelize/app.js",
    "start": 1604910129979,
    "end": 1604910129979,
    "duration": 0,
    "pid": 16120,
    "index": 71
  },
  {
    "name": "Require(62) node_modules/egg-valparams/app.js",
    "start": 1604910129979,
    "end": 1604910130121,
    "duration": 142,
    "pid": 16120,
    "index": 72
  },
  {
    "name": "Require(63) node_modules/egg-jwt/app.js",
    "start": 1604910130121,
    "end": 1604910130121,
    "duration": 0,
    "pid": 16120,
    "index": 73
  },
  {
    "name": "Require(64) node_modules/egg-redis/app.js",
    "start": 1604910130121,
    "end": 1604910130122,
    "duration": 1,
    "pid": 16120,
    "index": 74
  },
  {
    "name": "Require(65) node_modules/egg-socket.io/app.js",
    "start": 1604910130123,
    "end": 1604910130155,
    "duration": 32,
    "pid": 16120,
    "index": 75
  },
  {
    "name": "Require(66) node_modules/egg-view-nunjucks/app.js",
    "start": 1604910130155,
    "end": 1604910130155,
    "duration": 0,
    "pid": 16120,
    "index": 76
  },
  {
    "name": "Require(67) node_modules/egg-tenpay/app.js",
    "start": 1604910130155,
    "end": 1604910130177,
    "duration": 22,
    "pid": 16120,
    "index": 77
  },
  {
    "name": "Before Start in node_modules/egg-watcher/lib/init.js:15:14",
    "start": 1604910130186,
    "end": 1604910130529,
    "duration": 343,
    "pid": 16120,
    "index": 78
  },
  {
    "name": "Load \"Symbol(model)\" to Application",
    "start": 1604910130285,
    "end": 1604910130301,
    "duration": 16,
    "pid": 16120,
    "index": 79
  },
  {
    "name": "Before Start in node_modules/egg-sequelize/lib/loader.js:39:7",
    "start": 1604910130306,
    "end": 1604910130540,
    "duration": 234,
    "pid": 16120,
    "index": 80
  },
  {
    "name": "Before Start in node_modules/egg-redis/lib/redis.js:53:7",
    "start": 1604910130334,
    "end": 1604910130512,
    "duration": 178,
    "pid": 16120,
    "index": 81
  },
  {
    "name": "Load Controller",
    "start": 1604910130342,
    "end": 1604910130480,
    "duration": 138,
    "pid": 16120,
    "index": 82
  },
  {
    "name": "Load \"controller\" to Application",
    "start": 1604910130342,
    "end": 1604910130480,
    "duration": 138,
    "pid": 16120,
    "index": 83
  },
  {
    "name": "Before Start in node_modules/egg-socket.io/lib/io.js:26:7",
    "start": 1604910130348,
    "end": 1604910130505,
    "duration": 157,
    "pid": 16120,
    "index": 84
  },
  {
    "name": "Did Load in node_modules/egg-tenpay/app.js:didLoad",
    "start": 1604910130351,
    "end": 1604910130505,
    "duration": 154,
    "pid": 16120,
    "index": 85
  },
  {
    "name": "Load Service",
    "start": 1604910130351,
    "end": 1604910130419,
    "duration": 68,
    "pid": 16120,
    "index": 86
  },
  {
    "name": "Load \"service\" to Context",
    "start": 1604910130351,
    "end": 1604910130419,
    "duration": 68,
    "pid": 16120,
    "index": 87
  },
  {
    "name": "Load Middleware",
    "start": 1604910130419,
    "end": 1604910130480,
    "duration": 61,
    "pid": 16120,
    "index": 88
  },
  {
    "name": "Load \"middlewares\" to Application",
    "start": 1604910130419,
    "end": 1604910130470,
    "duration": 51,
    "pid": 16120,
    "index": 89
  },
  {
    "name": "Load Controller",
    "start": 1604910130480,
    "end": 1604910130491,
    "duration": 11,
    "pid": 16120,
    "index": 90
  },
  {
    "name": "Load \"controller\" to Application",
    "start": 1604910130480,
    "end": 1604910130491,
    "duration": 11,
    "pid": 16120,
    "index": 91
  },
  {
    "name": "Load Router",
    "start": 1604910130491,
    "end": 1604910130494,
    "duration": 3,
    "pid": 16120,
    "index": 92
  },
  {
    "name": "Require(68) app/router.js",
    "start": 1604910130492,
    "end": 1604910130492,
    "duration": 0,
    "pid": 16120,
    "index": 93
  },
  {
    "name": "Before Start in node_modules/egg-core/lib/egg.js:303:10",
    "start": 1604910130492,
    "end": 1604910130505,
    "duration": 13,
    "pid": 16120,
    "index": 94
  }
]