[
  {
    "name": "Process Start",
    "start": 1604973042392,
    "end": 1604973043107,
    "duration": 715,
    "pid": 28412,
    "index": 0
  },
  {
    "name": "Application Start",
    "start": 1604973043108,
    "end": 1604973043894,
    "duration": 786,
    "pid": 28412,
    "index": 1
  },
  {
    "name": "Load Plugin",
    "start": 1604973043112,
    "end": 1604973043126,
    "duration": 14,
    "pid": 28412,
    "index": 2
  },
  {
    "name": "Load Config",
    "start": 1604973043126,
    "end": 1604973043147,
    "duration": 21,
    "pid": 28412,
    "index": 3
  },
  {
    "name": "Require(0) config/config.default.js",
    "start": 1604973043126,
    "end": 1604973043126,
    "duration": 0,
    "pid": 28412,
    "index": 4
  },
  {
    "name": "Require(1) node_modules/egg-session/config/config.default.js",
    "start": 1604973043128,
    "end": 1604973043128,
    "duration": 0,
    "pid": 28412,
    "index": 5
  },
  {
    "name": "Require(2) node_modules/egg-security/config/config.default.js",
    "start": 1604973043129,
    "end": 1604973043129,
    "duration": 0,
    "pid": 28412,
    "index": 6
  },
  {
    "name": "Require(3) node_modules/egg-jsonp/config/config.default.js",
    "start": 1604973043130,
    "end": 1604973043130,
    "duration": 0,
    "pid": 28412,
    "index": 7
  },
  {
    "name": "Require(4) node_modules/egg-onerror/config/config.default.js",
    "start": 1604973043131,
    "end": 1604973043131,
    "duration": 0,
    "pid": 28412,
    "index": 8
  },
  {
    "name": "Require(5) node_modules/egg-i18n/config/config.default.js",
    "start": 1604973043131,
    "end": 1604973043131,
    "duration": 0,
    "pid": 28412,
    "index": 9
  },
  {
    "name": "Require(6) node_modules/egg-watcher/config/config.default.js",
    "start": 1604973043132,
    "end": 1604973043132,
    "duration": 0,
    "pid": 28412,
    "index": 10
  },
  {
    "name": "Require(7) node_modules/egg-schedule/config/config.default.js",
    "start": 1604973043132,
    "end": 1604973043133,
    "duration": 1,
    "pid": 28412,
    "index": 11
  },
  {
    "name": "Require(8) node_modules/egg-multipart/config/config.default.js",
    "start": 1604973043133,
    "end": 1604973043133,
    "duration": 0,
    "pid": 28412,
    "index": 12
  },
  {
    "name": "Require(9) node_modules/egg-development/config/config.default.js",
    "start": 1604973043134,
    "end": 1604973043134,
    "duration": 0,
    "pid": 28412,
    "index": 13
  },
  {
    "name": "Require(10) node_modules/egg-logrotator/config/config.default.js",
    "start": 1604973043134,
    "end": 1604973043134,
    "duration": 0,
    "pid": 28412,
    "index": 14
  },
  {
    "name": "Require(11) node_modules/egg-static/config/config.default.js",
    "start": 1604973043135,
    "end": 1604973043135,
    "duration": 0,
    "pid": 28412,
    "index": 15
  },
  {
    "name": "Require(12) node_modules/egg-view/config/config.default.js",
    "start": 1604973043135,
    "end": 1604973043136,
    "duration": 1,
    "pid": 28412,
    "index": 16
  },
  {
    "name": "Require(13) node_modules/egg-cors/config/config.default.js",
    "start": 1604973043136,
    "end": 1604973043136,
    "duration": 0,
    "pid": 28412,
    "index": 17
  },
  {
    "name": "Require(14) node_modules/egg-sequelize/config/config.default.js",
    "start": 1604973043136,
    "end": 1604973043137,
    "duration": 1,
    "pid": 28412,
    "index": 18
  },
  {
    "name": "Require(15) node_modules/egg-valparams/config/config.default.js",
    "start": 1604973043137,
    "end": 1604973043137,
    "duration": 0,
    "pid": 28412,
    "index": 19
  },
  {
    "name": "Require(16) node_modules/egg-jwt/config/config.default.js",
    "start": 1604973043137,
    "end": 1604973043138,
    "duration": 1,
    "pid": 28412,
    "index": 20
  },
  {
    "name": "Require(17) node_modules/egg-redis/config/config.default.js",
    "start": 1604973043138,
    "end": 1604973043138,
    "duration": 0,
    "pid": 28412,
    "index": 21
  },
  {
    "name": "Require(18) node_modules/egg-socket.io/config/config.default.js",
    "start": 1604973043139,
    "end": 1604973043139,
    "duration": 0,
    "pid": 28412,
    "index": 22
  },
  {
    "name": "Require(19) node_modules/egg-view-nunjucks/config/config.default.js",
    "start": 1604973043139,
    "end": 1604973043139,
    "duration": 0,
    "pid": 28412,
    "index": 23
  },
  {
    "name": "Require(20) node_modules/egg-tenpay/config/config.default.js",
    "start": 1604973043140,
    "end": 1604973043140,
    "duration": 0,
    "pid": 28412,
    "index": 24
  },
  {
    "name": "Require(21) node_modules/egg/config/config.default.js",
    "start": 1604973043140,
    "end": 1604973043140,
    "duration": 0,
    "pid": 28412,
    "index": 25
  },
  {
    "name": "Require(22) config/config.default.js",
    "start": 1604973043141,
    "end": 1604973043141,
    "duration": 0,
    "pid": 28412,
    "index": 26
  },
  {
    "name": "Require(23) node_modules/egg-security/config/config.local.js",
    "start": 1604973043142,
    "end": 1604973043142,
    "duration": 0,
    "pid": 28412,
    "index": 27
  },
  {
    "name": "Require(24) node_modules/egg-watcher/config/config.local.js",
    "start": 1604973043143,
    "end": 1604973043143,
    "duration": 0,
    "pid": 28412,
    "index": 28
  },
  {
    "name": "Require(25) node_modules/egg-view/config/config.local.js",
    "start": 1604973043144,
    "end": 1604973043144,
    "duration": 0,
    "pid": 28412,
    "index": 29
  },
  {
    "name": "Require(26) node_modules/egg-view-nunjucks/config/config.local.js",
    "start": 1604973043145,
    "end": 1604973043146,
    "duration": 1,
    "pid": 28412,
    "index": 30
  },
  {
    "name": "Require(27) node_modules/egg/config/config.local.js",
    "start": 1604973043147,
    "end": 1604973043147,
    "duration": 0,
    "pid": 28412,
    "index": 31
  },
  {
    "name": "Load extend/application.js",
    "start": 1604973043148,
    "end": 1604973043235,
    "duration": 87,
    "pid": 28412,
    "index": 32
  },
  {
    "name": "Require(28) node_modules/egg-session/app/extend/application.js",
    "start": 1604973043149,
    "end": 1604973043149,
    "duration": 0,
    "pid": 28412,
    "index": 33
  },
  {
    "name": "Require(29) node_modules/egg-security/app/extend/application.js",
    "start": 1604973043149,
    "end": 1604973043150,
    "duration": 1,
    "pid": 28412,
    "index": 34
  },
  {
    "name": "Require(30) node_modules/egg-jsonp/app/extend/application.js",
    "start": 1604973043150,
    "end": 1604973043151,
    "duration": 1,
    "pid": 28412,
    "index": 35
  },
  {
    "name": "Require(31) node_modules/egg-logrotator/app/extend/application.js",
    "start": 1604973043152,
    "end": 1604973043153,
    "duration": 1,
    "pid": 28412,
    "index": 36
  },
  {
    "name": "Require(32) node_modules/egg-view/app/extend/application.js",
    "start": 1604973043153,
    "end": 1604973043154,
    "duration": 1,
    "pid": 28412,
    "index": 37
  },
  {
    "name": "Require(33) node_modules/egg-jwt/app/extend/application.js",
    "start": 1604973043155,
    "end": 1604973043178,
    "duration": 23,
    "pid": 28412,
    "index": 38
  },
  {
    "name": "Require(34) node_modules/egg-socket.io/app/extend/application.js",
    "start": 1604973043178,
    "end": 1604973043213,
    "duration": 35,
    "pid": 28412,
    "index": 39
  },
  {
    "name": "Require(35) node_modules/egg-view-nunjucks/app/extend/application.js",
    "start": 1604973043213,
    "end": 1604973043232,
    "duration": 19,
    "pid": 28412,
    "index": 40
  },
  {
    "name": "Require(36) app/extend/application.js",
    "start": 1604973043232,
    "end": 1604973043232,
    "duration": 0,
    "pid": 28412,
    "index": 41
  },
  {
    "name": "Load extend/request.js",
    "start": 1604973043235,
    "end": 1604973043241,
    "duration": 6,
    "pid": 28412,
    "index": 42
  },
  {
    "name": "Require(37) node_modules/egg/app/extend/request.js",
    "start": 1604973043238,
    "end": 1604973043238,
    "duration": 0,
    "pid": 28412,
    "index": 43
  },
  {
    "name": "Load extend/response.js",
    "start": 1604973043241,
    "end": 1604973043248,
    "duration": 7,
    "pid": 28412,
    "index": 44
  },
  {
    "name": "Require(38) node_modules/egg/app/extend/response.js",
    "start": 1604973043244,
    "end": 1604973043245,
    "duration": 1,
    "pid": 28412,
    "index": 45
  },
  {
    "name": "Load extend/context.js",
    "start": 1604973043248,
    "end": 1604973043312,
    "duration": 64,
    "pid": 28412,
    "index": 46
  },
  {
    "name": "Require(39) node_modules/egg-security/app/extend/context.js",
    "start": 1604973043249,
    "end": 1604973043254,
    "duration": 5,
    "pid": 28412,
    "index": 47
  },
  {
    "name": "Require(40) node_modules/egg-jsonp/app/extend/context.js",
    "start": 1604973043255,
    "end": 1604973043255,
    "duration": 0,
    "pid": 28412,
    "index": 48
  },
  {
    "name": "Require(41) node_modules/egg-i18n/app/extend/context.js",
    "start": 1604973043256,
    "end": 1604973043256,
    "duration": 0,
    "pid": 28412,
    "index": 49
  },
  {
    "name": "Require(42) node_modules/egg-multipart/app/extend/context.js",
    "start": 1604973043257,
    "end": 1604973043285,
    "duration": 28,
    "pid": 28412,
    "index": 50
  },
  {
    "name": "Require(43) node_modules/egg-view/app/extend/context.js",
    "start": 1604973043286,
    "end": 1604973043287,
    "duration": 1,
    "pid": 28412,
    "index": 51
  },
  {
    "name": "Require(44) node_modules/egg-valparams/app/extend/context.js",
    "start": 1604973043287,
    "end": 1604973043306,
    "duration": 19,
    "pid": 28412,
    "index": 52
  },
  {
    "name": "Require(45) node_modules/egg/app/extend/context.js",
    "start": 1604973043307,
    "end": 1604973043308,
    "duration": 1,
    "pid": 28412,
    "index": 53
  },
  {
    "name": "Require(46) app/extend/context.js",
    "start": 1604973043308,
    "end": 1604973043309,
    "duration": 1,
    "pid": 28412,
    "index": 54
  },
  {
    "name": "Load extend/helper.js",
    "start": 1604973043312,
    "end": 1604973043327,
    "duration": 15,
    "pid": 28412,
    "index": 55
  },
  {
    "name": "Require(47) node_modules/egg-security/app/extend/helper.js",
    "start": 1604973043312,
    "end": 1604973043322,
    "duration": 10,
    "pid": 28412,
    "index": 56
  },
  {
    "name": "Require(48) node_modules/egg/app/extend/helper.js",
    "start": 1604973043324,
    "end": 1604973043325,
    "duration": 1,
    "pid": 28412,
    "index": 57
  },
  {
    "name": "Require(49) app/extend/helper.js",
    "start": 1604973043325,
    "end": 1604973043325,
    "duration": 0,
    "pid": 28412,
    "index": 58
  },
  {
    "name": "Load app.js",
    "start": 1604973043328,
    "end": 1604973043542,
    "duration": 214,
    "pid": 28412,
    "index": 59
  },
  {
    "name": "Require(50) node_modules/egg-session/app.js",
    "start": 1604973043328,
    "end": 1604973043328,
    "duration": 0,
    "pid": 28412,
    "index": 60
  },
  {
    "name": "Require(51) node_modules/egg-security/app.js",
    "start": 1604973043328,
    "end": 1604973043329,
    "duration": 1,
    "pid": 28412,
    "index": 61
  },
  {
    "name": "Require(52) node_modules/egg-onerror/app.js",
    "start": 1604973043329,
    "end": 1604973043333,
    "duration": 4,
    "pid": 28412,
    "index": 62
  },
  {
    "name": "Require(53) node_modules/egg-i18n/app.js",
    "start": 1604973043333,
    "end": 1604973043344,
    "duration": 11,
    "pid": 28412,
    "index": 63
  },
  {
    "name": "Require(54) node_modules/egg-watcher/app.js",
    "start": 1604973043344,
    "end": 1604973043346,
    "duration": 2,
    "pid": 28412,
    "index": 64
  },
  {
    "name": "Require(55) node_modules/egg-schedule/app.js",
    "start": 1604973043346,
    "end": 1604973043347,
    "duration": 1,
    "pid": 28412,
    "index": 65
  },
  {
    "name": "Require(56) node_modules/egg-multipart/app.js",
    "start": 1604973043347,
    "end": 1604973043347,
    "duration": 0,
    "pid": 28412,
    "index": 66
  },
  {
    "name": "Require(57) node_modules/egg-development/app.js",
    "start": 1604973043348,
    "end": 1604973043348,
    "duration": 0,
    "pid": 28412,
    "index": 67
  },
  {
    "name": "Require(58) node_modules/egg-logrotator/app.js",
    "start": 1604973043348,
    "end": 1604973043348,
    "duration": 0,
    "pid": 28412,
    "index": 68
  },
  {
    "name": "Require(59) node_modules/egg-static/app.js",
    "start": 1604973043348,
    "end": 1604973043348,
    "duration": 0,
    "pid": 28412,
    "index": 69
  },
  {
    "name": "Require(60) node_modules/egg-cors/app.js",
    "start": 1604973043349,
    "end": 1604973043349,
    "duration": 0,
    "pid": 28412,
    "index": 70
  },
  {
    "name": "Require(61) node_modules/egg-sequelize/app.js",
    "start": 1604973043349,
    "end": 1604973043349,
    "duration": 0,
    "pid": 28412,
    "index": 71
  },
  {
    "name": "Require(62) node_modules/egg-valparams/app.js",
    "start": 1604973043350,
    "end": 1604973043485,
    "duration": 135,
    "pid": 28412,
    "index": 72
  },
  {
    "name": "Require(63) node_modules/egg-jwt/app.js",
    "start": 1604973043485,
    "end": 1604973043486,
    "duration": 1,
    "pid": 28412,
    "index": 73
  },
  {
    "name": "Require(64) node_modules/egg-redis/app.js",
    "start": 1604973043486,
    "end": 1604973043486,
    "duration": 0,
    "pid": 28412,
    "index": 74
  },
  {
    "name": "Require(65) node_modules/egg-socket.io/app.js",
    "start": 1604973043487,
    "end": 1604973043519,
    "duration": 32,
    "pid": 28412,
    "index": 75
  },
  {
    "name": "Require(66) node_modules/egg-view-nunjucks/app.js",
    "start": 1604973043519,
    "end": 1604973043519,
    "duration": 0,
    "pid": 28412,
    "index": 76
  },
  {
    "name": "Require(67) node_modules/egg-tenpay/app.js",
    "start": 1604973043520,
    "end": 1604973043541,
    "duration": 21,
    "pid": 28412,
    "index": 77
  },
  {
    "name": "Before Start in node_modules/egg-watcher/lib/init.js:15:14",
    "start": 1604973043550,
    "end": 1604973043884,
    "duration": 334,
    "pid": 28412,
    "index": 78
  },
  {
    "name": "Load \"Symbol(model)\" to Application",
    "start": 1604973043647,
    "end": 1604973043662,
    "duration": 15,
    "pid": 28412,
    "index": 79
  },
  {
    "name": "Before Start in node_modules/egg-sequelize/lib/loader.js:39:7",
    "start": 1604973043666,
    "end": 1604973043894,
    "duration": 228,
    "pid": 28412,
    "index": 80
  },
  {
    "name": "Before Start in node_modules/egg-redis/lib/redis.js:53:7",
    "start": 1604973043694,
    "end": 1604973043869,
    "duration": 175,
    "pid": 28412,
    "index": 81
  },
  {
    "name": "Load Controller",
    "start": 1604973043702,
    "end": 1604973043837,
    "duration": 135,
    "pid": 28412,
    "index": 82
  },
  {
    "name": "Load \"controller\" to Application",
    "start": 1604973043702,
    "end": 1604973043837,
    "duration": 135,
    "pid": 28412,
    "index": 83
  },
  {
    "name": "Before Start in node_modules/egg-socket.io/lib/io.js:26:7",
    "start": 1604973043708,
    "end": 1604973043861,
    "duration": 153,
    "pid": 28412,
    "index": 84
  },
  {
    "name": "Did Load in node_modules/egg-tenpay/app.js:didLoad",
    "start": 1604973043711,
    "end": 1604973043861,
    "duration": 150,
    "pid": 28412,
    "index": 85
  },
  {
    "name": "Load Service",
    "start": 1604973043711,
    "end": 1604973043778,
    "duration": 67,
    "pid": 28412,
    "index": 86
  },
  {
    "name": "Load \"service\" to Context",
    "start": 1604973043711,
    "end": 1604973043778,
    "duration": 67,
    "pid": 28412,
    "index": 87
  },
  {
    "name": "Load Middleware",
    "start": 1604973043778,
    "end": 1604973043836,
    "duration": 58,
    "pid": 28412,
    "index": 88
  },
  {
    "name": "Load \"middlewares\" to Application",
    "start": 1604973043778,
    "end": 1604973043827,
    "duration": 49,
    "pid": 28412,
    "index": 89
  },
  {
    "name": "Load Controller",
    "start": 1604973043837,
    "end": 1604973043848,
    "duration": 11,
    "pid": 28412,
    "index": 90
  },
  {
    "name": "Load \"controller\" to Application",
    "start": 1604973043837,
    "end": 1604973043848,
    "duration": 11,
    "pid": 28412,
    "index": 91
  },
  {
    "name": "Load Router",
    "start": 1604973043848,
    "end": 1604973043850,
    "duration": 2,
    "pid": 28412,
    "index": 92
  },
  {
    "name": "Require(68) app/router.js",
    "start": 1604973043848,
    "end": 1604973043849,
    "duration": 1,
    "pid": 28412,
    "index": 93
  },
  {
    "name": "Before Start in node_modules/egg-core/lib/egg.js:303:10",
    "start": 1604973043849,
    "end": 1604973043861,
    "duration": 12,
    "pid": 28412,
    "index": 94
  }
]