[
  {
    "name": "Process Start",
    "start": 1604910137994,
    "end": 1604910138701,
    "duration": 707,
    "pid": 21360,
    "index": 0
  },
  {
    "name": "Application Start",
    "start": 1604910138702,
    "end": 1604910139511,
    "duration": 809,
    "pid": 21360,
    "index": 1
  },
  {
    "name": "Load Plugin",
    "start": 1604910138706,
    "end": 1604910138718,
    "duration": 12,
    "pid": 21360,
    "index": 2
  },
  {
    "name": "Load Config",
    "start": 1604910138718,
    "end": 1604910138738,
    "duration": 20,
    "pid": 21360,
    "index": 3
  },
  {
    "name": "Require(0) config/config.default.js",
    "start": 1604910138719,
    "end": 1604910138719,
    "duration": 0,
    "pid": 21360,
    "index": 4
  },
  {
    "name": "Require(1) node_modules/egg-session/config/config.default.js",
    "start": 1604910138721,
    "end": 1604910138721,
    "duration": 0,
    "pid": 21360,
    "index": 5
  },
  {
    "name": "Require(2) node_modules/egg-security/config/config.default.js",
    "start": 1604910138721,
    "end": 1604910138721,
    "duration": 0,
    "pid": 21360,
    "index": 6
  },
  {
    "name": "Require(3) node_modules/egg-jsonp/config/config.default.js",
    "start": 1604910138722,
    "end": 1604910138722,
    "duration": 0,
    "pid": 21360,
    "index": 7
  },
  {
    "name": "Require(4) node_modules/egg-onerror/config/config.default.js",
    "start": 1604910138723,
    "end": 1604910138723,
    "duration": 0,
    "pid": 21360,
    "index": 8
  },
  {
    "name": "Require(5) node_modules/egg-i18n/config/config.default.js",
    "start": 1604910138723,
    "end": 1604910138724,
    "duration": 1,
    "pid": 21360,
    "index": 9
  },
  {
    "name": "Require(6) node_modules/egg-watcher/config/config.default.js",
    "start": 1604910138724,
    "end": 1604910138724,
    "duration": 0,
    "pid": 21360,
    "index": 10
  },
  {
    "name": "Require(7) node_modules/egg-schedule/config/config.default.js",
    "start": 1604910138724,
    "end": 1604910138725,
    "duration": 1,
    "pid": 21360,
    "index": 11
  },
  {
    "name": "Require(8) node_modules/egg-multipart/config/config.default.js",
    "start": 1604910138725,
    "end": 1604910138725,
    "duration": 0,
    "pid": 21360,
    "index": 12
  },
  {
    "name": "Require(9) node_modules/egg-development/config/config.default.js",
    "start": 1604910138726,
    "end": 1604910138726,
    "duration": 0,
    "pid": 21360,
    "index": 13
  },
  {
    "name": "Require(10) node_modules/egg-logrotator/config/config.default.js",
    "start": 1604910138726,
    "end": 1604910138727,
    "duration": 1,
    "pid": 21360,
    "index": 14
  },
  {
    "name": "Require(11) node_modules/egg-static/config/config.default.js",
    "start": 1604910138727,
    "end": 1604910138727,
    "duration": 0,
    "pid": 21360,
    "index": 15
  },
  {
    "name": "Require(12) node_modules/egg-view/config/config.default.js",
    "start": 1604910138728,
    "end": 1604910138728,
    "duration": 0,
    "pid": 21360,
    "index": 16
  },
  {
    "name": "Require(13) node_modules/egg-cors/config/config.default.js",
    "start": 1604910138728,
    "end": 1604910138728,
    "duration": 0,
    "pid": 21360,
    "index": 17
  },
  {
    "name": "Require(14) node_modules/egg-sequelize/config/config.default.js",
    "start": 1604910138729,
    "end": 1604910138729,
    "duration": 0,
    "pid": 21360,
    "index": 18
  },
  {
    "name": "Require(15) node_modules/egg-valparams/config/config.default.js",
    "start": 1604910138729,
    "end": 1604910138729,
    "duration": 0,
    "pid": 21360,
    "index": 19
  },
  {
    "name": "Require(16) node_modules/egg-jwt/config/config.default.js",
    "start": 1604910138730,
    "end": 1604910138730,
    "duration": 0,
    "pid": 21360,
    "index": 20
  },
  {
    "name": "Require(17) node_modules/egg-redis/config/config.default.js",
    "start": 1604910138730,
    "end": 1604910138731,
    "duration": 1,
    "pid": 21360,
    "index": 21
  },
  {
    "name": "Require(18) node_modules/egg-socket.io/config/config.default.js",
    "start": 1604910138731,
    "end": 1604910138731,
    "duration": 0,
    "pid": 21360,
    "index": 22
  },
  {
    "name": "Require(19) node_modules/egg-view-nunjucks/config/config.default.js",
    "start": 1604910138731,
    "end": 1604910138732,
    "duration": 1,
    "pid": 21360,
    "index": 23
  },
  {
    "name": "Require(20) node_modules/egg-tenpay/config/config.default.js",
    "start": 1604910138732,
    "end": 1604910138732,
    "duration": 0,
    "pid": 21360,
    "index": 24
  },
  {
    "name": "Require(21) node_modules/egg/config/config.default.js",
    "start": 1604910138732,
    "end": 1604910138733,
    "duration": 1,
    "pid": 21360,
    "index": 25
  },
  {
    "name": "Require(22) config/config.default.js",
    "start": 1604910138734,
    "end": 1604910138734,
    "duration": 0,
    "pid": 21360,
    "index": 26
  },
  {
    "name": "Require(23) node_modules/egg-security/config/config.local.js",
    "start": 1604910138734,
    "end": 1604910138734,
    "duration": 0,
    "pid": 21360,
    "index": 27
  },
  {
    "name": "Require(24) node_modules/egg-watcher/config/config.local.js",
    "start": 1604910138735,
    "end": 1604910138735,
    "duration": 0,
    "pid": 21360,
    "index": 28
  },
  {
    "name": "Require(25) node_modules/egg-view/config/config.local.js",
    "start": 1604910138736,
    "end": 1604910138736,
    "duration": 0,
    "pid": 21360,
    "index": 29
  },
  {
    "name": "Require(26) node_modules/egg-view-nunjucks/config/config.local.js",
    "start": 1604910138737,
    "end": 1604910138738,
    "duration": 1,
    "pid": 21360,
    "index": 30
  },
  {
    "name": "Require(27) node_modules/egg/config/config.local.js",
    "start": 1604910138738,
    "end": 1604910138738,
    "duration": 0,
    "pid": 21360,
    "index": 31
  },
  {
    "name": "Load extend/application.js",
    "start": 1604910138739,
    "end": 1604910138826,
    "duration": 87,
    "pid": 21360,
    "index": 32
  },
  {
    "name": "Require(28) node_modules/egg-session/app/extend/application.js",
    "start": 1604910138739,
    "end": 1604910138740,
    "duration": 1,
    "pid": 21360,
    "index": 33
  },
  {
    "name": "Require(29) node_modules/egg-security/app/extend/application.js",
    "start": 1604910138740,
    "end": 1604910138741,
    "duration": 1,
    "pid": 21360,
    "index": 34
  },
  {
    "name": "Require(30) node_modules/egg-jsonp/app/extend/application.js",
    "start": 1604910138741,
    "end": 1604910138742,
    "duration": 1,
    "pid": 21360,
    "index": 35
  },
  {
    "name": "Require(31) node_modules/egg-logrotator/app/extend/application.js",
    "start": 1604910138743,
    "end": 1604910138744,
    "duration": 1,
    "pid": 21360,
    "index": 36
  },
  {
    "name": "Require(32) node_modules/egg-view/app/extend/application.js",
    "start": 1604910138744,
    "end": 1604910138745,
    "duration": 1,
    "pid": 21360,
    "index": 37
  },
  {
    "name": "Require(33) node_modules/egg-jwt/app/extend/application.js",
    "start": 1604910138745,
    "end": 1604910138769,
    "duration": 24,
    "pid": 21360,
    "index": 38
  },
  {
    "name": "Require(34) node_modules/egg-socket.io/app/extend/application.js",
    "start": 1604910138769,
    "end": 1604910138804,
    "duration": 35,
    "pid": 21360,
    "index": 39
  },
  {
    "name": "Require(35) node_modules/egg-view-nunjucks/app/extend/application.js",
    "start": 1604910138804,
    "end": 1604910138823,
    "duration": 19,
    "pid": 21360,
    "index": 40
  },
  {
    "name": "Require(36) app/extend/application.js",
    "start": 1604910138823,
    "end": 1604910138823,
    "duration": 0,
    "pid": 21360,
    "index": 41
  },
  {
    "name": "Load extend/request.js",
    "start": 1604910138826,
    "end": 1604910138832,
    "duration": 6,
    "pid": 21360,
    "index": 42
  },
  {
    "name": "Require(37) node_modules/egg/app/extend/request.js",
    "start": 1604910138829,
    "end": 1604910138829,
    "duration": 0,
    "pid": 21360,
    "index": 43
  },
  {
    "name": "Load extend/response.js",
    "start": 1604910138832,
    "end": 1604910138839,
    "duration": 7,
    "pid": 21360,
    "index": 44
  },
  {
    "name": "Require(38) node_modules/egg/app/extend/response.js",
    "start": 1604910138835,
    "end": 1604910138836,
    "duration": 1,
    "pid": 21360,
    "index": 45
  },
  {
    "name": "Load extend/context.js",
    "start": 1604910138839,
    "end": 1604910138899,
    "duration": 60,
    "pid": 21360,
    "index": 46
  },
  {
    "name": "Require(39) node_modules/egg-security/app/extend/context.js",
    "start": 1604910138840,
    "end": 1604910138846,
    "duration": 6,
    "pid": 21360,
    "index": 47
  },
  {
    "name": "Require(40) node_modules/egg-jsonp/app/extend/context.js",
    "start": 1604910138846,
    "end": 1604910138847,
    "duration": 1,
    "pid": 21360,
    "index": 48
  },
  {
    "name": "Require(41) node_modules/egg-i18n/app/extend/context.js",
    "start": 1604910138847,
    "end": 1604910138848,
    "duration": 1,
    "pid": 21360,
    "index": 49
  },
  {
    "name": "Require(42) node_modules/egg-multipart/app/extend/context.js",
    "start": 1604910138848,
    "end": 1604910138875,
    "duration": 27,
    "pid": 21360,
    "index": 50
  },
  {
    "name": "Require(43) node_modules/egg-view/app/extend/context.js",
    "start": 1604910138876,
    "end": 1604910138876,
    "duration": 0,
    "pid": 21360,
    "index": 51
  },
  {
    "name": "Require(44) node_modules/egg-valparams/app/extend/context.js",
    "start": 1604910138877,
    "end": 1604910138893,
    "duration": 16,
    "pid": 21360,
    "index": 52
  },
  {
    "name": "Require(45) node_modules/egg/app/extend/context.js",
    "start": 1604910138894,
    "end": 1604910138894,
    "duration": 0,
    "pid": 21360,
    "index": 53
  },
  {
    "name": "Require(46) app/extend/context.js",
    "start": 1604910138895,
    "end": 1604910138896,
    "duration": 1,
    "pid": 21360,
    "index": 54
  },
  {
    "name": "Load extend/helper.js",
    "start": 1604910138899,
    "end": 1604910138918,
    "duration": 19,
    "pid": 21360,
    "index": 55
  },
  {
    "name": "Require(47) node_modules/egg-security/app/extend/helper.js",
    "start": 1604910138899,
    "end": 1604910138912,
    "duration": 13,
    "pid": 21360,
    "index": 56
  },
  {
    "name": "Require(48) node_modules/egg/app/extend/helper.js",
    "start": 1604910138915,
    "end": 1604910138915,
    "duration": 0,
    "pid": 21360,
    "index": 57
  },
  {
    "name": "Require(49) app/extend/helper.js",
    "start": 1604910138915,
    "end": 1604910138915,
    "duration": 0,
    "pid": 21360,
    "index": 58
  },
  {
    "name": "Load app.js",
    "start": 1604910138918,
    "end": 1604910139143,
    "duration": 225,
    "pid": 21360,
    "index": 59
  },
  {
    "name": "Require(50) node_modules/egg-session/app.js",
    "start": 1604910138918,
    "end": 1604910138919,
    "duration": 1,
    "pid": 21360,
    "index": 60
  },
  {
    "name": "Require(51) node_modules/egg-security/app.js",
    "start": 1604910138919,
    "end": 1604910138920,
    "duration": 1,
    "pid": 21360,
    "index": 61
  },
  {
    "name": "Require(52) node_modules/egg-onerror/app.js",
    "start": 1604910138921,
    "end": 1604910138925,
    "duration": 4,
    "pid": 21360,
    "index": 62
  },
  {
    "name": "Require(53) node_modules/egg-i18n/app.js",
    "start": 1604910138926,
    "end": 1604910138938,
    "duration": 12,
    "pid": 21360,
    "index": 63
  },
  {
    "name": "Require(54) node_modules/egg-watcher/app.js",
    "start": 1604910138938,
    "end": 1604910138940,
    "duration": 2,
    "pid": 21360,
    "index": 64
  },
  {
    "name": "Require(55) node_modules/egg-schedule/app.js",
    "start": 1604910138940,
    "end": 1604910138941,
    "duration": 1,
    "pid": 21360,
    "index": 65
  },
  {
    "name": "Require(56) node_modules/egg-multipart/app.js",
    "start": 1604910138941,
    "end": 1604910138942,
    "duration": 1,
    "pid": 21360,
    "index": 66
  },
  {
    "name": "Require(57) node_modules/egg-development/app.js",
    "start": 1604910138942,
    "end": 1604910138942,
    "duration": 0,
    "pid": 21360,
    "index": 67
  },
  {
    "name": "Require(58) node_modules/egg-logrotator/app.js",
    "start": 1604910138942,
    "end": 1604910138942,
    "duration": 0,
    "pid": 21360,
    "index": 68
  },
  {
    "name": "Require(59) node_modules/egg-static/app.js",
    "start": 1604910138943,
    "end": 1604910138943,
    "duration": 0,
    "pid": 21360,
    "index": 69
  },
  {
    "name": "Require(60) node_modules/egg-cors/app.js",
    "start": 1604910138943,
    "end": 1604910138943,
    "duration": 0,
    "pid": 21360,
    "index": 70
  },
  {
    "name": "Require(61) node_modules/egg-sequelize/app.js",
    "start": 1604910138944,
    "end": 1604910138944,
    "duration": 0,
    "pid": 21360,
    "index": 71
  },
  {
    "name": "Require(62) node_modules/egg-valparams/app.js",
    "start": 1604910138944,
    "end": 1604910139081,
    "duration": 137,
    "pid": 21360,
    "index": 72
  },
  {
    "name": "Require(63) node_modules/egg-jwt/app.js",
    "start": 1604910139081,
    "end": 1604910139082,
    "duration": 1,
    "pid": 21360,
    "index": 73
  },
  {
    "name": "Require(64) node_modules/egg-redis/app.js",
    "start": 1604910139082,
    "end": 1604910139083,
    "duration": 1,
    "pid": 21360,
    "index": 74
  },
  {
    "name": "Require(65) node_modules/egg-socket.io/app.js",
    "start": 1604910139083,
    "end": 1604910139118,
    "duration": 35,
    "pid": 21360,
    "index": 75
  },
  {
    "name": "Require(66) node_modules/egg-view-nunjucks/app.js",
    "start": 1604910139119,
    "end": 1604910139119,
    "duration": 0,
    "pid": 21360,
    "index": 76
  },
  {
    "name": "Require(67) node_modules/egg-tenpay/app.js",
    "start": 1604910139119,
    "end": 1604910139142,
    "duration": 23,
    "pid": 21360,
    "index": 77
  },
  {
    "name": "Before Start in node_modules/egg-watcher/lib/init.js:15:14",
    "start": 1604910139151,
    "end": 1604910139501,
    "duration": 350,
    "pid": 21360,
    "index": 78
  },
  {
    "name": "Load \"Symbol(model)\" to Application",
    "start": 1604910139253,
    "end": 1604910139270,
    "duration": 17,
    "pid": 21360,
    "index": 79
  },
  {
    "name": "Before Start in node_modules/egg-sequelize/lib/loader.js:39:7",
    "start": 1604910139275,
    "end": 1604910139511,
    "duration": 236,
    "pid": 21360,
    "index": 80
  },
  {
    "name": "Before Start in node_modules/egg-redis/lib/redis.js:53:7",
    "start": 1604910139303,
    "end": 1604910139486,
    "duration": 183,
    "pid": 21360,
    "index": 81
  },
  {
    "name": "Load Controller",
    "start": 1604910139311,
    "end": 1604910139452,
    "duration": 141,
    "pid": 21360,
    "index": 82
  },
  {
    "name": "Load \"controller\" to Application",
    "start": 1604910139311,
    "end": 1604910139452,
    "duration": 141,
    "pid": 21360,
    "index": 83
  },
  {
    "name": "Before Start in node_modules/egg-socket.io/lib/io.js:26:7",
    "start": 1604910139317,
    "end": 1604910139479,
    "duration": 162,
    "pid": 21360,
    "index": 84
  },
  {
    "name": "Did Load in node_modules/egg-tenpay/app.js:didLoad",
    "start": 1604910139321,
    "end": 1604910139479,
    "duration": 158,
    "pid": 21360,
    "index": 85
  },
  {
    "name": "Load Service",
    "start": 1604910139321,
    "end": 1604910139392,
    "duration": 71,
    "pid": 21360,
    "index": 86
  },
  {
    "name": "Load \"service\" to Context",
    "start": 1604910139321,
    "end": 1604910139392,
    "duration": 71,
    "pid": 21360,
    "index": 87
  },
  {
    "name": "Load Middleware",
    "start": 1604910139392,
    "end": 1604910139452,
    "duration": 60,
    "pid": 21360,
    "index": 88
  },
  {
    "name": "Load \"middlewares\" to Application",
    "start": 1604910139392,
    "end": 1604910139443,
    "duration": 51,
    "pid": 21360,
    "index": 89
  },
  {
    "name": "Load Controller",
    "start": 1604910139452,
    "end": 1604910139464,
    "duration": 12,
    "pid": 21360,
    "index": 90
  },
  {
    "name": "Load \"controller\" to Application",
    "start": 1604910139452,
    "end": 1604910139464,
    "duration": 12,
    "pid": 21360,
    "index": 91
  },
  {
    "name": "Load Router",
    "start": 1604910139465,
    "end": 1604910139467,
    "duration": 2,
    "pid": 21360,
    "index": 92
  },
  {
    "name": "Require(68) app/router.js",
    "start": 1604910139465,
    "end": 1604910139465,
    "duration": 0,
    "pid": 21360,
    "index": 93
  },
  {
    "name": "Before Start in node_modules/egg-core/lib/egg.js:303:10",
    "start": 1604910139465,
    "end": 1604910139479,
    "duration": 14,
    "pid": 21360,
    "index": 94
  }
]