[
  {
    "name": "Process Start",
    "start": 1604910164017,
    "end": 1604910164765,
    "duration": 748,
    "pid": 12412,
    "index": 0
  },
  {
    "name": "Application Start",
    "start": 1604910164766,
    "end": 1604910165601,
    "duration": 835,
    "pid": 12412,
    "index": 1
  },
  {
    "name": "Load Plugin",
    "start": 1604910164769,
    "end": 1604910164782,
    "duration": 13,
    "pid": 12412,
    "index": 2
  },
  {
    "name": "Load Config",
    "start": 1604910164782,
    "end": 1604910164802,
    "duration": 20,
    "pid": 12412,
    "index": 3
  },
  {
    "name": "Require(0) config/config.default.js",
    "start": 1604910164782,
    "end": 1604910164783,
    "duration": 1,
    "pid": 12412,
    "index": 4
  },
  {
    "name": "Require(1) node_modules/egg-session/config/config.default.js",
    "start": 1604910164784,
    "end": 1604910164785,
    "duration": 1,
    "pid": 12412,
    "index": 5
  },
  {
    "name": "Require(2) node_modules/egg-security/config/config.default.js",
    "start": 1604910164785,
    "end": 1604910164785,
    "duration": 0,
    "pid": 12412,
    "index": 6
  },
  {
    "name": "Require(3) node_modules/egg-jsonp/config/config.default.js",
    "start": 1604910164786,
    "end": 1604910164786,
    "duration": 0,
    "pid": 12412,
    "index": 7
  },
  {
    "name": "Require(4) node_modules/egg-onerror/config/config.default.js",
    "start": 1604910164787,
    "end": 1604910164787,
    "duration": 0,
    "pid": 12412,
    "index": 8
  },
  {
    "name": "Require(5) node_modules/egg-i18n/config/config.default.js",
    "start": 1604910164787,
    "end": 1604910164788,
    "duration": 1,
    "pid": 12412,
    "index": 9
  },
  {
    "name": "Require(6) node_modules/egg-watcher/config/config.default.js",
    "start": 1604910164788,
    "end": 1604910164788,
    "duration": 0,
    "pid": 12412,
    "index": 10
  },
  {
    "name": "Require(7) node_modules/egg-schedule/config/config.default.js",
    "start": 1604910164789,
    "end": 1604910164789,
    "duration": 0,
    "pid": 12412,
    "index": 11
  },
  {
    "name": "Require(8) node_modules/egg-multipart/config/config.default.js",
    "start": 1604910164789,
    "end": 1604910164789,
    "duration": 0,
    "pid": 12412,
    "index": 12
  },
  {
    "name": "Require(9) node_modules/egg-development/config/config.default.js",
    "start": 1604910164790,
    "end": 1604910164790,
    "duration": 0,
    "pid": 12412,
    "index": 13
  },
  {
    "name": "Require(10) node_modules/egg-logrotator/config/config.default.js",
    "start": 1604910164790,
    "end": 1604910164791,
    "duration": 1,
    "pid": 12412,
    "index": 14
  },
  {
    "name": "Require(11) node_modules/egg-static/config/config.default.js",
    "start": 1604910164791,
    "end": 1604910164791,
    "duration": 0,
    "pid": 12412,
    "index": 15
  },
  {
    "name": "Require(12) node_modules/egg-view/config/config.default.js",
    "start": 1604910164792,
    "end": 1604910164792,
    "duration": 0,
    "pid": 12412,
    "index": 16
  },
  {
    "name": "Require(13) node_modules/egg-cors/config/config.default.js",
    "start": 1604910164792,
    "end": 1604910164792,
    "duration": 0,
    "pid": 12412,
    "index": 17
  },
  {
    "name": "Require(14) node_modules/egg-sequelize/config/config.default.js",
    "start": 1604910164793,
    "end": 1604910164793,
    "duration": 0,
    "pid": 12412,
    "index": 18
  },
  {
    "name": "Require(15) node_modules/egg-valparams/config/config.default.js",
    "start": 1604910164793,
    "end": 1604910164793,
    "duration": 0,
    "pid": 12412,
    "index": 19
  },
  {
    "name": "Require(16) node_modules/egg-jwt/config/config.default.js",
    "start": 1604910164794,
    "end": 1604910164794,
    "duration": 0,
    "pid": 12412,
    "index": 20
  },
  {
    "name": "Require(17) node_modules/egg-redis/config/config.default.js",
    "start": 1604910164794,
    "end": 1604910164794,
    "duration": 0,
    "pid": 12412,
    "index": 21
  },
  {
    "name": "Require(18) node_modules/egg-socket.io/config/config.default.js",
    "start": 1604910164795,
    "end": 1604910164795,
    "duration": 0,
    "pid": 12412,
    "index": 22
  },
  {
    "name": "Require(19) node_modules/egg-view-nunjucks/config/config.default.js",
    "start": 1604910164795,
    "end": 1604910164796,
    "duration": 1,
    "pid": 12412,
    "index": 23
  },
  {
    "name": "Require(20) node_modules/egg-tenpay/config/config.default.js",
    "start": 1604910164796,
    "end": 1604910164796,
    "duration": 0,
    "pid": 12412,
    "index": 24
  },
  {
    "name": "Require(21) node_modules/egg/config/config.default.js",
    "start": 1604910164796,
    "end": 1604910164797,
    "duration": 1,
    "pid": 12412,
    "index": 25
  },
  {
    "name": "Require(22) config/config.default.js",
    "start": 1604910164798,
    "end": 1604910164798,
    "duration": 0,
    "pid": 12412,
    "index": 26
  },
  {
    "name": "Require(23) node_modules/egg-security/config/config.local.js",
    "start": 1604910164798,
    "end": 1604910164798,
    "duration": 0,
    "pid": 12412,
    "index": 27
  },
  {
    "name": "Require(24) node_modules/egg-watcher/config/config.local.js",
    "start": 1604910164799,
    "end": 1604910164799,
    "duration": 0,
    "pid": 12412,
    "index": 28
  },
  {
    "name": "Require(25) node_modules/egg-view/config/config.local.js",
    "start": 1604910164800,
    "end": 1604910164800,
    "duration": 0,
    "pid": 12412,
    "index": 29
  },
  {
    "name": "Require(26) node_modules/egg-view-nunjucks/config/config.local.js",
    "start": 1604910164801,
    "end": 1604910164801,
    "duration": 0,
    "pid": 12412,
    "index": 30
  },
  {
    "name": "Require(27) node_modules/egg/config/config.local.js",
    "start": 1604910164802,
    "end": 1604910164802,
    "duration": 0,
    "pid": 12412,
    "index": 31
  },
  {
    "name": "Load extend/application.js",
    "start": 1604910164803,
    "end": 1604910164892,
    "duration": 89,
    "pid": 12412,
    "index": 32
  },
  {
    "name": "Require(28) node_modules/egg-session/app/extend/application.js",
    "start": 1604910164803,
    "end": 1604910164804,
    "duration": 1,
    "pid": 12412,
    "index": 33
  },
  {
    "name": "Require(29) node_modules/egg-security/app/extend/application.js",
    "start": 1604910164804,
    "end": 1604910164804,
    "duration": 0,
    "pid": 12412,
    "index": 34
  },
  {
    "name": "Require(30) node_modules/egg-jsonp/app/extend/application.js",
    "start": 1604910164805,
    "end": 1604910164805,
    "duration": 0,
    "pid": 12412,
    "index": 35
  },
  {
    "name": "Require(31) node_modules/egg-logrotator/app/extend/application.js",
    "start": 1604910164806,
    "end": 1604910164807,
    "duration": 1,
    "pid": 12412,
    "index": 36
  },
  {
    "name": "Require(32) node_modules/egg-view/app/extend/application.js",
    "start": 1604910164808,
    "end": 1604910164809,
    "duration": 1,
    "pid": 12412,
    "index": 37
  },
  {
    "name": "Require(33) node_modules/egg-jwt/app/extend/application.js",
    "start": 1604910164809,
    "end": 1604910164832,
    "duration": 23,
    "pid": 12412,
    "index": 38
  },
  {
    "name": "Require(34) node_modules/egg-socket.io/app/extend/application.js",
    "start": 1604910164833,
    "end": 1604910164868,
    "duration": 35,
    "pid": 12412,
    "index": 39
  },
  {
    "name": "Require(35) node_modules/egg-view-nunjucks/app/extend/application.js",
    "start": 1604910164868,
    "end": 1604910164888,
    "duration": 20,
    "pid": 12412,
    "index": 40
  },
  {
    "name": "Require(36) app/extend/application.js",
    "start": 1604910164889,
    "end": 1604910164889,
    "duration": 0,
    "pid": 12412,
    "index": 41
  },
  {
    "name": "Load extend/request.js",
    "start": 1604910164892,
    "end": 1604910164898,
    "duration": 6,
    "pid": 12412,
    "index": 42
  },
  {
    "name": "Require(37) node_modules/egg/app/extend/request.js",
    "start": 1604910164894,
    "end": 1604910164895,
    "duration": 1,
    "pid": 12412,
    "index": 43
  },
  {
    "name": "Load extend/response.js",
    "start": 1604910164898,
    "end": 1604910164904,
    "duration": 6,
    "pid": 12412,
    "index": 44
  },
  {
    "name": "Require(38) node_modules/egg/app/extend/response.js",
    "start": 1604910164900,
    "end": 1604910164901,
    "duration": 1,
    "pid": 12412,
    "index": 45
  },
  {
    "name": "Load extend/context.js",
    "start": 1604910164904,
    "end": 1604910164962,
    "duration": 58,
    "pid": 12412,
    "index": 46
  },
  {
    "name": "Require(39) node_modules/egg-security/app/extend/context.js",
    "start": 1604910164904,
    "end": 1604910164910,
    "duration": 6,
    "pid": 12412,
    "index": 47
  },
  {
    "name": "Require(40) node_modules/egg-jsonp/app/extend/context.js",
    "start": 1604910164910,
    "end": 1604910164911,
    "duration": 1,
    "pid": 12412,
    "index": 48
  },
  {
    "name": "Require(41) node_modules/egg-i18n/app/extend/context.js",
    "start": 1604910164911,
    "end": 1604910164911,
    "duration": 0,
    "pid": 12412,
    "index": 49
  },
  {
    "name": "Require(42) node_modules/egg-multipart/app/extend/context.js",
    "start": 1604910164912,
    "end": 1604910164939,
    "duration": 27,
    "pid": 12412,
    "index": 50
  },
  {
    "name": "Require(43) node_modules/egg-view/app/extend/context.js",
    "start": 1604910164940,
    "end": 1604910164941,
    "duration": 1,
    "pid": 12412,
    "index": 51
  },
  {
    "name": "Require(44) node_modules/egg-valparams/app/extend/context.js",
    "start": 1604910164941,
    "end": 1604910164956,
    "duration": 15,
    "pid": 12412,
    "index": 52
  },
  {
    "name": "Require(45) node_modules/egg/app/extend/context.js",
    "start": 1604910164957,
    "end": 1604910164958,
    "duration": 1,
    "pid": 12412,
    "index": 53
  },
  {
    "name": "Require(46) app/extend/context.js",
    "start": 1604910164958,
    "end": 1604910164959,
    "duration": 1,
    "pid": 12412,
    "index": 54
  },
  {
    "name": "Load extend/helper.js",
    "start": 1604910164962,
    "end": 1604910164977,
    "duration": 15,
    "pid": 12412,
    "index": 55
  },
  {
    "name": "Require(47) node_modules/egg-security/app/extend/helper.js",
    "start": 1604910164962,
    "end": 1604910164972,
    "duration": 10,
    "pid": 12412,
    "index": 56
  },
  {
    "name": "Require(48) node_modules/egg/app/extend/helper.js",
    "start": 1604910164974,
    "end": 1604910164974,
    "duration": 0,
    "pid": 12412,
    "index": 57
  },
  {
    "name": "Require(49) app/extend/helper.js",
    "start": 1604910164975,
    "end": 1604910164975,
    "duration": 0,
    "pid": 12412,
    "index": 58
  },
  {
    "name": "Load app.js",
    "start": 1604910164977,
    "end": 1604910165203,
    "duration": 226,
    "pid": 12412,
    "index": 59
  },
  {
    "name": "Require(50) node_modules/egg-session/app.js",
    "start": 1604910164978,
    "end": 1604910164978,
    "duration": 0,
    "pid": 12412,
    "index": 60
  },
  {
    "name": "Require(51) node_modules/egg-security/app.js",
    "start": 1604910164978,
    "end": 1604910164979,
    "duration": 1,
    "pid": 12412,
    "index": 61
  },
  {
    "name": "Require(52) node_modules/egg-onerror/app.js",
    "start": 1604910164979,
    "end": 1604910164983,
    "duration": 4,
    "pid": 12412,
    "index": 62
  },
  {
    "name": "Require(53) node_modules/egg-i18n/app.js",
    "start": 1604910164983,
    "end": 1604910164994,
    "duration": 11,
    "pid": 12412,
    "index": 63
  },
  {
    "name": "Require(54) node_modules/egg-watcher/app.js",
    "start": 1604910164994,
    "end": 1604910164996,
    "duration": 2,
    "pid": 12412,
    "index": 64
  },
  {
    "name": "Require(55) node_modules/egg-schedule/app.js",
    "start": 1604910164996,
    "end": 1604910164997,
    "duration": 1,
    "pid": 12412,
    "index": 65
  },
  {
    "name": "Require(56) node_modules/egg-multipart/app.js",
    "start": 1604910164997,
    "end": 1604910164998,
    "duration": 1,
    "pid": 12412,
    "index": 66
  },
  {
    "name": "Require(57) node_modules/egg-development/app.js",
    "start": 1604910164998,
    "end": 1604910164998,
    "duration": 0,
    "pid": 12412,
    "index": 67
  },
  {
    "name": "Require(58) node_modules/egg-logrotator/app.js",
    "start": 1604910164998,
    "end": 1604910164998,
    "duration": 0,
    "pid": 12412,
    "index": 68
  },
  {
    "name": "Require(59) node_modules/egg-static/app.js",
    "start": 1604910164999,
    "end": 1604910164999,
    "duration": 0,
    "pid": 12412,
    "index": 69
  },
  {
    "name": "Require(60) node_modules/egg-cors/app.js",
    "start": 1604910164999,
    "end": 1604910164999,
    "duration": 0,
    "pid": 12412,
    "index": 70
  },
  {
    "name": "Require(61) node_modules/egg-sequelize/app.js",
    "start": 1604910165000,
    "end": 1604910165000,
    "duration": 0,
    "pid": 12412,
    "index": 71
  },
  {
    "name": "Require(62) node_modules/egg-valparams/app.js",
    "start": 1604910165000,
    "end": 1604910165144,
    "duration": 144,
    "pid": 12412,
    "index": 72
  },
  {
    "name": "Require(63) node_modules/egg-jwt/app.js",
    "start": 1604910165144,
    "end": 1604910165144,
    "duration": 0,
    "pid": 12412,
    "index": 73
  },
  {
    "name": "Require(64) node_modules/egg-redis/app.js",
    "start": 1604910165145,
    "end": 1604910165145,
    "duration": 0,
    "pid": 12412,
    "index": 74
  },
  {
    "name": "Require(65) node_modules/egg-socket.io/app.js",
    "start": 1604910165146,
    "end": 1604910165179,
    "duration": 33,
    "pid": 12412,
    "index": 75
  },
  {
    "name": "Require(66) node_modules/egg-view-nunjucks/app.js",
    "start": 1604910165179,
    "end": 1604910165180,
    "duration": 1,
    "pid": 12412,
    "index": 76
  },
  {
    "name": "Require(67) node_modules/egg-tenpay/app.js",
    "start": 1604910165180,
    "end": 1604910165202,
    "duration": 22,
    "pid": 12412,
    "index": 77
  },
  {
    "name": "Before Start in node_modules/egg-watcher/lib/init.js:15:14",
    "start": 1604910165211,
    "end": 1604910165590,
    "duration": 379,
    "pid": 12412,
    "index": 78
  },
  {
    "name": "Load \"Symbol(model)\" to Application",
    "start": 1604910165327,
    "end": 1604910165344,
    "duration": 17,
    "pid": 12412,
    "index": 79
  },
  {
    "name": "Before Start in node_modules/egg-sequelize/lib/loader.js:39:7",
    "start": 1604910165349,
    "end": 1604910165600,
    "duration": 251,
    "pid": 12412,
    "index": 80
  },
  {
    "name": "Before Start in node_modules/egg-redis/lib/redis.js:53:7",
    "start": 1604910165380,
    "end": 1604910165572,
    "duration": 192,
    "pid": 12412,
    "index": 81
  },
  {
    "name": "Load Controller",
    "start": 1604910165389,
    "end": 1604910165537,
    "duration": 148,
    "pid": 12412,
    "index": 82
  },
  {
    "name": "Load \"controller\" to Application",
    "start": 1604910165389,
    "end": 1604910165537,
    "duration": 148,
    "pid": 12412,
    "index": 83
  },
  {
    "name": "Before Start in node_modules/egg-socket.io/lib/io.js:26:7",
    "start": 1604910165396,
    "end": 1604910165565,
    "duration": 169,
    "pid": 12412,
    "index": 84
  },
  {
    "name": "Did Load in node_modules/egg-tenpay/app.js:didLoad",
    "start": 1604910165399,
    "end": 1604910165565,
    "duration": 166,
    "pid": 12412,
    "index": 85
  },
  {
    "name": "Load Service",
    "start": 1604910165399,
    "end": 1604910165474,
    "duration": 75,
    "pid": 12412,
    "index": 86
  },
  {
    "name": "Load \"service\" to Context",
    "start": 1604910165399,
    "end": 1604910165474,
    "duration": 75,
    "pid": 12412,
    "index": 87
  },
  {
    "name": "Load Middleware",
    "start": 1604910165474,
    "end": 1604910165537,
    "duration": 63,
    "pid": 12412,
    "index": 88
  },
  {
    "name": "Load \"middlewares\" to Application",
    "start": 1604910165474,
    "end": 1604910165527,
    "duration": 53,
    "pid": 12412,
    "index": 89
  },
  {
    "name": "Load Controller",
    "start": 1604910165537,
    "end": 1604910165550,
    "duration": 13,
    "pid": 12412,
    "index": 90
  },
  {
    "name": "Load \"controller\" to Application",
    "start": 1604910165537,
    "end": 1604910165550,
    "duration": 13,
    "pid": 12412,
    "index": 91
  },
  {
    "name": "Load Router",
    "start": 1604910165550,
    "end": 1604910165552,
    "duration": 2,
    "pid": 12412,
    "index": 92
  },
  {
    "name": "Require(68) app/router.js",
    "start": 1604910165550,
    "end": 1604910165550,
    "duration": 0,
    "pid": 12412,
    "index": 93
  },
  {
    "name": "Before Start in node_modules/egg-core/lib/egg.js:303:10",
    "start": 1604910165551,
    "end": 1604910165565,
    "duration": 14,
    "pid": 12412,
    "index": 94
  }
]