[
  {
    "name": "Process Start",
    "start": 1604910157684,
    "end": 1604910158474,
    "duration": 790,
    "pid": 3460,
    "index": 0
  },
  {
    "name": "Application Start",
    "start": 1604910158475,
    "end": 1604910159292,
    "duration": 817,
    "pid": 3460,
    "index": 1
  },
  {
    "name": "Load Plugin",
    "start": 1604910158479,
    "end": 1604910158495,
    "duration": 16,
    "pid": 3460,
    "index": 2
  },
  {
    "name": "Load Config",
    "start": 1604910158495,
    "end": 1604910158519,
    "duration": 24,
    "pid": 3460,
    "index": 3
  },
  {
    "name": "Require(0) config/config.default.js",
    "start": 1604910158495,
    "end": 1604910158496,
    "duration": 1,
    "pid": 3460,
    "index": 4
  },
  {
    "name": "Require(1) node_modules/egg-session/config/config.default.js",
    "start": 1604910158498,
    "end": 1604910158499,
    "duration": 1,
    "pid": 3460,
    "index": 5
  },
  {
    "name": "Require(2) node_modules/egg-security/config/config.default.js",
    "start": 1604910158499,
    "end": 1604910158499,
    "duration": 0,
    "pid": 3460,
    "index": 6
  },
  {
    "name": "Require(3) node_modules/egg-jsonp/config/config.default.js",
    "start": 1604910158500,
    "end": 1604910158501,
    "duration": 1,
    "pid": 3460,
    "index": 7
  },
  {
    "name": "Require(4) node_modules/egg-onerror/config/config.default.js",
    "start": 1604910158501,
    "end": 1604910158501,
    "duration": 0,
    "pid": 3460,
    "index": 8
  },
  {
    "name": "Require(5) node_modules/egg-i18n/config/config.default.js",
    "start": 1604910158502,
    "end": 1604910158502,
    "duration": 0,
    "pid": 3460,
    "index": 9
  },
  {
    "name": "Require(6) node_modules/egg-watcher/config/config.default.js",
    "start": 1604910158502,
    "end": 1604910158502,
    "duration": 0,
    "pid": 3460,
    "index": 10
  },
  {
    "name": "Require(7) node_modules/egg-schedule/config/config.default.js",
    "start": 1604910158503,
    "end": 1604910158503,
    "duration": 0,
    "pid": 3460,
    "index": 11
  },
  {
    "name": "Require(8) node_modules/egg-multipart/config/config.default.js",
    "start": 1604910158503,
    "end": 1604910158504,
    "duration": 1,
    "pid": 3460,
    "index": 12
  },
  {
    "name": "Require(9) node_modules/egg-development/config/config.default.js",
    "start": 1604910158504,
    "end": 1604910158505,
    "duration": 1,
    "pid": 3460,
    "index": 13
  },
  {
    "name": "Require(10) node_modules/egg-logrotator/config/config.default.js",
    "start": 1604910158505,
    "end": 1604910158505,
    "duration": 0,
    "pid": 3460,
    "index": 14
  },
  {
    "name": "Require(11) node_modules/egg-static/config/config.default.js",
    "start": 1604910158506,
    "end": 1604910158506,
    "duration": 0,
    "pid": 3460,
    "index": 15
  },
  {
    "name": "Require(12) node_modules/egg-view/config/config.default.js",
    "start": 1604910158506,
    "end": 1604910158507,
    "duration": 1,
    "pid": 3460,
    "index": 16
  },
  {
    "name": "Require(13) node_modules/egg-cors/config/config.default.js",
    "start": 1604910158507,
    "end": 1604910158507,
    "duration": 0,
    "pid": 3460,
    "index": 17
  },
  {
    "name": "Require(14) node_modules/egg-sequelize/config/config.default.js",
    "start": 1604910158508,
    "end": 1604910158508,
    "duration": 0,
    "pid": 3460,
    "index": 18
  },
  {
    "name": "Require(15) node_modules/egg-valparams/config/config.default.js",
    "start": 1604910158508,
    "end": 1604910158508,
    "duration": 0,
    "pid": 3460,
    "index": 19
  },
  {
    "name": "Require(16) node_modules/egg-jwt/config/config.default.js",
    "start": 1604910158509,
    "end": 1604910158509,
    "duration": 0,
    "pid": 3460,
    "index": 20
  },
  {
    "name": "Require(17) node_modules/egg-redis/config/config.default.js",
    "start": 1604910158509,
    "end": 1604910158510,
    "duration": 1,
    "pid": 3460,
    "index": 21
  },
  {
    "name": "Require(18) node_modules/egg-socket.io/config/config.default.js",
    "start": 1604910158510,
    "end": 1604910158510,
    "duration": 0,
    "pid": 3460,
    "index": 22
  },
  {
    "name": "Require(19) node_modules/egg-view-nunjucks/config/config.default.js",
    "start": 1604910158511,
    "end": 1604910158511,
    "duration": 0,
    "pid": 3460,
    "index": 23
  },
  {
    "name": "Require(20) node_modules/egg-tenpay/config/config.default.js",
    "start": 1604910158511,
    "end": 1604910158512,
    "duration": 1,
    "pid": 3460,
    "index": 24
  },
  {
    "name": "Require(21) node_modules/egg/config/config.default.js",
    "start": 1604910158512,
    "end": 1604910158512,
    "duration": 0,
    "pid": 3460,
    "index": 25
  },
  {
    "name": "Require(22) config/config.default.js",
    "start": 1604910158514,
    "end": 1604910158514,
    "duration": 0,
    "pid": 3460,
    "index": 26
  },
  {
    "name": "Require(23) node_modules/egg-security/config/config.local.js",
    "start": 1604910158515,
    "end": 1604910158515,
    "duration": 0,
    "pid": 3460,
    "index": 27
  },
  {
    "name": "Require(24) node_modules/egg-watcher/config/config.local.js",
    "start": 1604910158516,
    "end": 1604910158516,
    "duration": 0,
    "pid": 3460,
    "index": 28
  },
  {
    "name": "Require(25) node_modules/egg-view/config/config.local.js",
    "start": 1604910158517,
    "end": 1604910158517,
    "duration": 0,
    "pid": 3460,
    "index": 29
  },
  {
    "name": "Require(26) node_modules/egg-view-nunjucks/config/config.local.js",
    "start": 1604910158518,
    "end": 1604910158518,
    "duration": 0,
    "pid": 3460,
    "index": 30
  },
  {
    "name": "Require(27) node_modules/egg/config/config.local.js",
    "start": 1604910158519,
    "end": 1604910158519,
    "duration": 0,
    "pid": 3460,
    "index": 31
  },
  {
    "name": "Load extend/application.js",
    "start": 1604910158520,
    "end": 1604910158615,
    "duration": 95,
    "pid": 3460,
    "index": 32
  },
  {
    "name": "Require(28) node_modules/egg-session/app/extend/application.js",
    "start": 1604910158520,
    "end": 1604910158520,
    "duration": 0,
    "pid": 3460,
    "index": 33
  },
  {
    "name": "Require(29) node_modules/egg-security/app/extend/application.js",
    "start": 1604910158521,
    "end": 1604910158521,
    "duration": 0,
    "pid": 3460,
    "index": 34
  },
  {
    "name": "Require(30) node_modules/egg-jsonp/app/extend/application.js",
    "start": 1604910158522,
    "end": 1604910158522,
    "duration": 0,
    "pid": 3460,
    "index": 35
  },
  {
    "name": "Require(31) node_modules/egg-logrotator/app/extend/application.js",
    "start": 1604910158523,
    "end": 1604910158524,
    "duration": 1,
    "pid": 3460,
    "index": 36
  },
  {
    "name": "Require(32) node_modules/egg-view/app/extend/application.js",
    "start": 1604910158525,
    "end": 1604910158526,
    "duration": 1,
    "pid": 3460,
    "index": 37
  },
  {
    "name": "Require(33) node_modules/egg-jwt/app/extend/application.js",
    "start": 1604910158526,
    "end": 1604910158551,
    "duration": 25,
    "pid": 3460,
    "index": 38
  },
  {
    "name": "Require(34) node_modules/egg-socket.io/app/extend/application.js",
    "start": 1604910158552,
    "end": 1604910158590,
    "duration": 38,
    "pid": 3460,
    "index": 39
  },
  {
    "name": "Require(35) node_modules/egg-view-nunjucks/app/extend/application.js",
    "start": 1604910158590,
    "end": 1604910158611,
    "duration": 21,
    "pid": 3460,
    "index": 40
  },
  {
    "name": "Require(36) app/extend/application.js",
    "start": 1604910158611,
    "end": 1604910158612,
    "duration": 1,
    "pid": 3460,
    "index": 41
  },
  {
    "name": "Load extend/request.js",
    "start": 1604910158615,
    "end": 1604910158622,
    "duration": 7,
    "pid": 3460,
    "index": 42
  },
  {
    "name": "Require(37) node_modules/egg/app/extend/request.js",
    "start": 1604910158618,
    "end": 1604910158619,
    "duration": 1,
    "pid": 3460,
    "index": 43
  },
  {
    "name": "Load extend/response.js",
    "start": 1604910158622,
    "end": 1604910158629,
    "duration": 7,
    "pid": 3460,
    "index": 44
  },
  {
    "name": "Require(38) node_modules/egg/app/extend/response.js",
    "start": 1604910158625,
    "end": 1604910158626,
    "duration": 1,
    "pid": 3460,
    "index": 45
  },
  {
    "name": "Load extend/context.js",
    "start": 1604910158629,
    "end": 1604910158691,
    "duration": 62,
    "pid": 3460,
    "index": 46
  },
  {
    "name": "Require(39) node_modules/egg-security/app/extend/context.js",
    "start": 1604910158629,
    "end": 1604910158636,
    "duration": 7,
    "pid": 3460,
    "index": 47
  },
  {
    "name": "Require(40) node_modules/egg-jsonp/app/extend/context.js",
    "start": 1604910158636,
    "end": 1604910158637,
    "duration": 1,
    "pid": 3460,
    "index": 48
  },
  {
    "name": "Require(41) node_modules/egg-i18n/app/extend/context.js",
    "start": 1604910158638,
    "end": 1604910158638,
    "duration": 0,
    "pid": 3460,
    "index": 49
  },
  {
    "name": "Require(42) node_modules/egg-multipart/app/extend/context.js",
    "start": 1604910158639,
    "end": 1604910158668,
    "duration": 29,
    "pid": 3460,
    "index": 50
  },
  {
    "name": "Require(43) node_modules/egg-view/app/extend/context.js",
    "start": 1604910158668,
    "end": 1604910158669,
    "duration": 1,
    "pid": 3460,
    "index": 51
  },
  {
    "name": "Require(44) node_modules/egg-valparams/app/extend/context.js",
    "start": 1604910158670,
    "end": 1604910158686,
    "duration": 16,
    "pid": 3460,
    "index": 52
  },
  {
    "name": "Require(45) node_modules/egg/app/extend/context.js",
    "start": 1604910158687,
    "end": 1604910158687,
    "duration": 0,
    "pid": 3460,
    "index": 53
  },
  {
    "name": "Require(46) app/extend/context.js",
    "start": 1604910158688,
    "end": 1604910158688,
    "duration": 0,
    "pid": 3460,
    "index": 54
  },
  {
    "name": "Load extend/helper.js",
    "start": 1604910158691,
    "end": 1604910158708,
    "duration": 17,
    "pid": 3460,
    "index": 55
  },
  {
    "name": "Require(47) node_modules/egg-security/app/extend/helper.js",
    "start": 1604910158692,
    "end": 1604910158702,
    "duration": 10,
    "pid": 3460,
    "index": 56
  },
  {
    "name": "Require(48) node_modules/egg/app/extend/helper.js",
    "start": 1604910158705,
    "end": 1604910158705,
    "duration": 0,
    "pid": 3460,
    "index": 57
  },
  {
    "name": "Require(49) app/extend/helper.js",
    "start": 1604910158705,
    "end": 1604910158706,
    "duration": 1,
    "pid": 3460,
    "index": 58
  },
  {
    "name": "Load app.js",
    "start": 1604910158709,
    "end": 1604910158924,
    "duration": 215,
    "pid": 3460,
    "index": 59
  },
  {
    "name": "Require(50) node_modules/egg-session/app.js",
    "start": 1604910158709,
    "end": 1604910158709,
    "duration": 0,
    "pid": 3460,
    "index": 60
  },
  {
    "name": "Require(51) node_modules/egg-security/app.js",
    "start": 1604910158709,
    "end": 1604910158710,
    "duration": 1,
    "pid": 3460,
    "index": 61
  },
  {
    "name": "Require(52) node_modules/egg-onerror/app.js",
    "start": 1604910158711,
    "end": 1604910158715,
    "duration": 4,
    "pid": 3460,
    "index": 62
  },
  {
    "name": "Require(53) node_modules/egg-i18n/app.js",
    "start": 1604910158715,
    "end": 1604910158726,
    "duration": 11,
    "pid": 3460,
    "index": 63
  },
  {
    "name": "Require(54) node_modules/egg-watcher/app.js",
    "start": 1604910158727,
    "end": 1604910158729,
    "duration": 2,
    "pid": 3460,
    "index": 64
  },
  {
    "name": "Require(55) node_modules/egg-schedule/app.js",
    "start": 1604910158729,
    "end": 1604910158730,
    "duration": 1,
    "pid": 3460,
    "index": 65
  },
  {
    "name": "Require(56) node_modules/egg-multipart/app.js",
    "start": 1604910158730,
    "end": 1604910158730,
    "duration": 0,
    "pid": 3460,
    "index": 66
  },
  {
    "name": "Require(57) node_modules/egg-development/app.js",
    "start": 1604910158730,
    "end": 1604910158731,
    "duration": 1,
    "pid": 3460,
    "index": 67
  },
  {
    "name": "Require(58) node_modules/egg-logrotator/app.js",
    "start": 1604910158731,
    "end": 1604910158731,
    "duration": 0,
    "pid": 3460,
    "index": 68
  },
  {
    "name": "Require(59) node_modules/egg-static/app.js",
    "start": 1604910158731,
    "end": 1604910158731,
    "duration": 0,
    "pid": 3460,
    "index": 69
  },
  {
    "name": "Require(60) node_modules/egg-cors/app.js",
    "start": 1604910158732,
    "end": 1604910158732,
    "duration": 0,
    "pid": 3460,
    "index": 70
  },
  {
    "name": "Require(61) node_modules/egg-sequelize/app.js",
    "start": 1604910158732,
    "end": 1604910158732,
    "duration": 0,
    "pid": 3460,
    "index": 71
  },
  {
    "name": "Require(62) node_modules/egg-valparams/app.js",
    "start": 1604910158733,
    "end": 1604910158867,
    "duration": 134,
    "pid": 3460,
    "index": 72
  },
  {
    "name": "Require(63) node_modules/egg-jwt/app.js",
    "start": 1604910158867,
    "end": 1604910158867,
    "duration": 0,
    "pid": 3460,
    "index": 73
  },
  {
    "name": "Require(64) node_modules/egg-redis/app.js",
    "start": 1604910158868,
    "end": 1604910158868,
    "duration": 0,
    "pid": 3460,
    "index": 74
  },
  {
    "name": "Require(65) node_modules/egg-socket.io/app.js",
    "start": 1604910158869,
    "end": 1604910158901,
    "duration": 32,
    "pid": 3460,
    "index": 75
  },
  {
    "name": "Require(66) node_modules/egg-view-nunjucks/app.js",
    "start": 1604910158901,
    "end": 1604910158901,
    "duration": 0,
    "pid": 3460,
    "index": 76
  },
  {
    "name": "Require(67) node_modules/egg-tenpay/app.js",
    "start": 1604910158902,
    "end": 1604910158924,
    "duration": 22,
    "pid": 3460,
    "index": 77
  },
  {
    "name": "Before Start in node_modules/egg-watcher/lib/init.js:15:14",
    "start": 1604910158933,
    "end": 1604910159281,
    "duration": 348,
    "pid": 3460,
    "index": 78
  },
  {
    "name": "Load \"Symbol(model)\" to Application",
    "start": 1604910159033,
    "end": 1604910159049,
    "duration": 16,
    "pid": 3460,
    "index": 79
  },
  {
    "name": "Before Start in node_modules/egg-sequelize/lib/loader.js:39:7",
    "start": 1604910159054,
    "end": 1604910159291,
    "duration": 237,
    "pid": 3460,
    "index": 80
  },
  {
    "name": "Before Start in node_modules/egg-redis/lib/redis.js:53:7",
    "start": 1604910159081,
    "end": 1604910159266,
    "duration": 185,
    "pid": 3460,
    "index": 81
  },
  {
    "name": "Load Controller",
    "start": 1604910159090,
    "end": 1604910159234,
    "duration": 144,
    "pid": 3460,
    "index": 82
  },
  {
    "name": "Load \"controller\" to Application",
    "start": 1604910159090,
    "end": 1604910159234,
    "duration": 144,
    "pid": 3460,
    "index": 83
  },
  {
    "name": "Before Start in node_modules/egg-socket.io/lib/io.js:26:7",
    "start": 1604910159096,
    "end": 1604910159259,
    "duration": 163,
    "pid": 3460,
    "index": 84
  },
  {
    "name": "Did Load in node_modules/egg-tenpay/app.js:didLoad",
    "start": 1604910159099,
    "end": 1604910159259,
    "duration": 160,
    "pid": 3460,
    "index": 85
  },
  {
    "name": "Load Service",
    "start": 1604910159099,
    "end": 1604910159173,
    "duration": 74,
    "pid": 3460,
    "index": 86
  },
  {
    "name": "Load \"service\" to Context",
    "start": 1604910159099,
    "end": 1604910159173,
    "duration": 74,
    "pid": 3460,
    "index": 87
  },
  {
    "name": "Load Middleware",
    "start": 1604910159173,
    "end": 1604910159234,
    "duration": 61,
    "pid": 3460,
    "index": 88
  },
  {
    "name": "Load \"middlewares\" to Application",
    "start": 1604910159173,
    "end": 1604910159225,
    "duration": 52,
    "pid": 3460,
    "index": 89
  },
  {
    "name": "Load Controller",
    "start": 1604910159234,
    "end": 1604910159246,
    "duration": 12,
    "pid": 3460,
    "index": 90
  },
  {
    "name": "Load \"controller\" to Application",
    "start": 1604910159234,
    "end": 1604910159246,
    "duration": 12,
    "pid": 3460,
    "index": 91
  },
  {
    "name": "Load Router",
    "start": 1604910159246,
    "end": 1604910159248,
    "duration": 2,
    "pid": 3460,
    "index": 92
  },
  {
    "name": "Require(68) app/router.js",
    "start": 1604910159246,
    "end": 1604910159246,
    "duration": 0,
    "pid": 3460,
    "index": 93
  },
  {
    "name": "Before Start in node_modules/egg-core/lib/egg.js:303:10",
    "start": 1604910159247,
    "end": 1604910159259,
    "duration": 12,
    "pid": 3460,
    "index": 94
  }
]