[
  {
    "name": "Process Start",
    "start": 1604910135538,
    "end": 1604910136282,
    "duration": 744,
    "pid": 3096,
    "index": 0
  },
  {
    "name": "Application Start",
    "start": 1604910136282,
    "end": 1604910137209,
    "duration": 927,
    "pid": 3096,
    "index": 1
  },
  {
    "name": "Load Plugin",
    "start": 1604910136287,
    "end": 1604910136305,
    "duration": 18,
    "pid": 3096,
    "index": 2
  },
  {
    "name": "Load Config",
    "start": 1604910136305,
    "end": 1604910136337,
    "duration": 32,
    "pid": 3096,
    "index": 3
  },
  {
    "name": "Require(0) config/config.default.js",
    "start": 1604910136306,
    "end": 1604910136307,
    "duration": 1,
    "pid": 3096,
    "index": 4
  },
  {
    "name": "Require(1) node_modules/egg-session/config/config.default.js",
    "start": 1604910136309,
    "end": 1604910136310,
    "duration": 1,
    "pid": 3096,
    "index": 5
  },
  {
    "name": "Require(2) node_modules/egg-security/config/config.default.js",
    "start": 1604910136310,
    "end": 1604910136310,
    "duration": 0,
    "pid": 3096,
    "index": 6
  },
  {
    "name": "Require(3) node_modules/egg-jsonp/config/config.default.js",
    "start": 1604910136311,
    "end": 1604910136312,
    "duration": 1,
    "pid": 3096,
    "index": 7
  },
  {
    "name": "Require(4) node_modules/egg-onerror/config/config.default.js",
    "start": 1604910136312,
    "end": 1604910136313,
    "duration": 1,
    "pid": 3096,
    "index": 8
  },
  {
    "name": "Require(5) node_modules/egg-i18n/config/config.default.js",
    "start": 1604910136313,
    "end": 1604910136314,
    "duration": 1,
    "pid": 3096,
    "index": 9
  },
  {
    "name": "Require(6) node_modules/egg-watcher/config/config.default.js",
    "start": 1604910136314,
    "end": 1604910136315,
    "duration": 1,
    "pid": 3096,
    "index": 10
  },
  {
    "name": "Require(7) node_modules/egg-schedule/config/config.default.js",
    "start": 1604910136315,
    "end": 1604910136316,
    "duration": 1,
    "pid": 3096,
    "index": 11
  },
  {
    "name": "Require(8) node_modules/egg-multipart/config/config.default.js",
    "start": 1604910136317,
    "end": 1604910136317,
    "duration": 0,
    "pid": 3096,
    "index": 12
  },
  {
    "name": "Require(9) node_modules/egg-development/config/config.default.js",
    "start": 1604910136318,
    "end": 1604910136319,
    "duration": 1,
    "pid": 3096,
    "index": 13
  },
  {
    "name": "Require(10) node_modules/egg-logrotator/config/config.default.js",
    "start": 1604910136319,
    "end": 1604910136319,
    "duration": 0,
    "pid": 3096,
    "index": 14
  },
  {
    "name": "Require(11) node_modules/egg-static/config/config.default.js",
    "start": 1604910136320,
    "end": 1604910136320,
    "duration": 0,
    "pid": 3096,
    "index": 15
  },
  {
    "name": "Require(12) node_modules/egg-view/config/config.default.js",
    "start": 1604910136321,
    "end": 1604910136322,
    "duration": 1,
    "pid": 3096,
    "index": 16
  },
  {
    "name": "Require(13) node_modules/egg-cors/config/config.default.js",
    "start": 1604910136322,
    "end": 1604910136323,
    "duration": 1,
    "pid": 3096,
    "index": 17
  },
  {
    "name": "Require(14) node_modules/egg-sequelize/config/config.default.js",
    "start": 1604910136323,
    "end": 1604910136323,
    "duration": 0,
    "pid": 3096,
    "index": 18
  },
  {
    "name": "Require(15) node_modules/egg-valparams/config/config.default.js",
    "start": 1604910136324,
    "end": 1604910136324,
    "duration": 0,
    "pid": 3096,
    "index": 19
  },
  {
    "name": "Require(16) node_modules/egg-jwt/config/config.default.js",
    "start": 1604910136325,
    "end": 1604910136325,
    "duration": 0,
    "pid": 3096,
    "index": 20
  },
  {
    "name": "Require(17) node_modules/egg-redis/config/config.default.js",
    "start": 1604910136326,
    "end": 1604910136326,
    "duration": 0,
    "pid": 3096,
    "index": 21
  },
  {
    "name": "Require(18) node_modules/egg-socket.io/config/config.default.js",
    "start": 1604910136327,
    "end": 1604910136327,
    "duration": 0,
    "pid": 3096,
    "index": 22
  },
  {
    "name": "Require(19) node_modules/egg-view-nunjucks/config/config.default.js",
    "start": 1604910136327,
    "end": 1604910136328,
    "duration": 1,
    "pid": 3096,
    "index": 23
  },
  {
    "name": "Require(20) node_modules/egg-tenpay/config/config.default.js",
    "start": 1604910136328,
    "end": 1604910136328,
    "duration": 0,
    "pid": 3096,
    "index": 24
  },
  {
    "name": "Require(21) node_modules/egg/config/config.default.js",
    "start": 1604910136328,
    "end": 1604910136329,
    "duration": 1,
    "pid": 3096,
    "index": 25
  },
  {
    "name": "Require(22) config/config.default.js",
    "start": 1604910136330,
    "end": 1604910136330,
    "duration": 0,
    "pid": 3096,
    "index": 26
  },
  {
    "name": "Require(23) node_modules/egg-security/config/config.local.js",
    "start": 1604910136331,
    "end": 1604910136331,
    "duration": 0,
    "pid": 3096,
    "index": 27
  },
  {
    "name": "Require(24) node_modules/egg-watcher/config/config.local.js",
    "start": 1604910136332,
    "end": 1604910136333,
    "duration": 1,
    "pid": 3096,
    "index": 28
  },
  {
    "name": "Require(25) node_modules/egg-view/config/config.local.js",
    "start": 1604910136334,
    "end": 1604910136334,
    "duration": 0,
    "pid": 3096,
    "index": 29
  },
  {
    "name": "Require(26) node_modules/egg-view-nunjucks/config/config.local.js",
    "start": 1604910136335,
    "end": 1604910136336,
    "duration": 1,
    "pid": 3096,
    "index": 30
  },
  {
    "name": "Require(27) node_modules/egg/config/config.local.js",
    "start": 1604910136336,
    "end": 1604910136336,
    "duration": 0,
    "pid": 3096,
    "index": 31
  },
  {
    "name": "Load extend/application.js",
    "start": 1604910136338,
    "end": 1604910136486,
    "duration": 148,
    "pid": 3096,
    "index": 32
  },
  {
    "name": "Require(28) node_modules/egg-session/app/extend/application.js",
    "start": 1604910136339,
    "end": 1604910136339,
    "duration": 0,
    "pid": 3096,
    "index": 33
  },
  {
    "name": "Require(29) node_modules/egg-security/app/extend/application.js",
    "start": 1604910136340,
    "end": 1604910136341,
    "duration": 1,
    "pid": 3096,
    "index": 34
  },
  {
    "name": "Require(30) node_modules/egg-jsonp/app/extend/application.js",
    "start": 1604910136341,
    "end": 1604910136342,
    "duration": 1,
    "pid": 3096,
    "index": 35
  },
  {
    "name": "Require(31) node_modules/egg-logrotator/app/extend/application.js",
    "start": 1604910136344,
    "end": 1604910136345,
    "duration": 1,
    "pid": 3096,
    "index": 36
  },
  {
    "name": "Require(32) node_modules/egg-view/app/extend/application.js",
    "start": 1604910136346,
    "end": 1604910136347,
    "duration": 1,
    "pid": 3096,
    "index": 37
  },
  {
    "name": "Require(33) node_modules/egg-jwt/app/extend/application.js",
    "start": 1604910136348,
    "end": 1604910136391,
    "duration": 43,
    "pid": 3096,
    "index": 38
  },
  {
    "name": "Require(34) node_modules/egg-socket.io/app/extend/application.js",
    "start": 1604910136392,
    "end": 1604910136454,
    "duration": 62,
    "pid": 3096,
    "index": 39
  },
  {
    "name": "Require(35) node_modules/egg-view-nunjucks/app/extend/application.js",
    "start": 1604910136454,
    "end": 1604910136483,
    "duration": 29,
    "pid": 3096,
    "index": 40
  },
  {
    "name": "Require(36) app/extend/application.js",
    "start": 1604910136483,
    "end": 1604910136483,
    "duration": 0,
    "pid": 3096,
    "index": 41
  },
  {
    "name": "Load extend/request.js",
    "start": 1604910136486,
    "end": 1604910136493,
    "duration": 7,
    "pid": 3096,
    "index": 42
  },
  {
    "name": "Require(37) node_modules/egg/app/extend/request.js",
    "start": 1604910136489,
    "end": 1604910136490,
    "duration": 1,
    "pid": 3096,
    "index": 43
  },
  {
    "name": "Load extend/response.js",
    "start": 1604910136494,
    "end": 1604910136501,
    "duration": 7,
    "pid": 3096,
    "index": 44
  },
  {
    "name": "Require(38) node_modules/egg/app/extend/response.js",
    "start": 1604910136497,
    "end": 1604910136498,
    "duration": 1,
    "pid": 3096,
    "index": 45
  },
  {
    "name": "Load extend/context.js",
    "start": 1604910136501,
    "end": 1604910136575,
    "duration": 74,
    "pid": 3096,
    "index": 46
  },
  {
    "name": "Require(39) node_modules/egg-security/app/extend/context.js",
    "start": 1604910136501,
    "end": 1604910136511,
    "duration": 10,
    "pid": 3096,
    "index": 47
  },
  {
    "name": "Require(40) node_modules/egg-jsonp/app/extend/context.js",
    "start": 1604910136512,
    "end": 1604910136514,
    "duration": 2,
    "pid": 3096,
    "index": 48
  },
  {
    "name": "Require(41) node_modules/egg-i18n/app/extend/context.js",
    "start": 1604910136514,
    "end": 1604910136515,
    "duration": 1,
    "pid": 3096,
    "index": 49
  },
  {
    "name": "Require(42) node_modules/egg-multipart/app/extend/context.js",
    "start": 1604910136516,
    "end": 1604910136550,
    "duration": 34,
    "pid": 3096,
    "index": 50
  },
  {
    "name": "Require(43) node_modules/egg-view/app/extend/context.js",
    "start": 1604910136551,
    "end": 1604910136552,
    "duration": 1,
    "pid": 3096,
    "index": 51
  },
  {
    "name": "Require(44) node_modules/egg-valparams/app/extend/context.js",
    "start": 1604910136552,
    "end": 1604910136569,
    "duration": 17,
    "pid": 3096,
    "index": 52
  },
  {
    "name": "Require(45) node_modules/egg/app/extend/context.js",
    "start": 1604910136570,
    "end": 1604910136571,
    "duration": 1,
    "pid": 3096,
    "index": 53
  },
  {
    "name": "Require(46) app/extend/context.js",
    "start": 1604910136571,
    "end": 1604910136572,
    "duration": 1,
    "pid": 3096,
    "index": 54
  },
  {
    "name": "Load extend/helper.js",
    "start": 1604910136575,
    "end": 1604910136592,
    "duration": 17,
    "pid": 3096,
    "index": 55
  },
  {
    "name": "Require(47) node_modules/egg-security/app/extend/helper.js",
    "start": 1604910136575,
    "end": 1604910136585,
    "duration": 10,
    "pid": 3096,
    "index": 56
  },
  {
    "name": "Require(48) node_modules/egg/app/extend/helper.js",
    "start": 1604910136588,
    "end": 1604910136588,
    "duration": 0,
    "pid": 3096,
    "index": 57
  },
  {
    "name": "Require(49) app/extend/helper.js",
    "start": 1604910136589,
    "end": 1604910136589,
    "duration": 0,
    "pid": 3096,
    "index": 58
  },
  {
    "name": "Load app.js",
    "start": 1604910136592,
    "end": 1604910136830,
    "duration": 238,
    "pid": 3096,
    "index": 59
  },
  {
    "name": "Require(50) node_modules/egg-session/app.js",
    "start": 1604910136592,
    "end": 1604910136593,
    "duration": 1,
    "pid": 3096,
    "index": 60
  },
  {
    "name": "Require(51) node_modules/egg-security/app.js",
    "start": 1604910136593,
    "end": 1604910136594,
    "duration": 1,
    "pid": 3096,
    "index": 61
  },
  {
    "name": "Require(52) node_modules/egg-onerror/app.js",
    "start": 1604910136595,
    "end": 1604910136599,
    "duration": 4,
    "pid": 3096,
    "index": 62
  },
  {
    "name": "Require(53) node_modules/egg-i18n/app.js",
    "start": 1604910136600,
    "end": 1604910136611,
    "duration": 11,
    "pid": 3096,
    "index": 63
  },
  {
    "name": "Require(54) node_modules/egg-watcher/app.js",
    "start": 1604910136611,
    "end": 1604910136613,
    "duration": 2,
    "pid": 3096,
    "index": 64
  },
  {
    "name": "Require(55) node_modules/egg-schedule/app.js",
    "start": 1604910136614,
    "end": 1604910136614,
    "duration": 0,
    "pid": 3096,
    "index": 65
  },
  {
    "name": "Require(56) node_modules/egg-multipart/app.js",
    "start": 1604910136615,
    "end": 1604910136615,
    "duration": 0,
    "pid": 3096,
    "index": 66
  },
  {
    "name": "Require(57) node_modules/egg-development/app.js",
    "start": 1604910136615,
    "end": 1604910136616,
    "duration": 1,
    "pid": 3096,
    "index": 67
  },
  {
    "name": "Require(58) node_modules/egg-logrotator/app.js",
    "start": 1604910136616,
    "end": 1604910136616,
    "duration": 0,
    "pid": 3096,
    "index": 68
  },
  {
    "name": "Require(59) node_modules/egg-static/app.js",
    "start": 1604910136616,
    "end": 1604910136616,
    "duration": 0,
    "pid": 3096,
    "index": 69
  },
  {
    "name": "Require(60) node_modules/egg-cors/app.js",
    "start": 1604910136617,
    "end": 1604910136617,
    "duration": 0,
    "pid": 3096,
    "index": 70
  },
  {
    "name": "Require(61) node_modules/egg-sequelize/app.js",
    "start": 1604910136617,
    "end": 1604910136617,
    "duration": 0,
    "pid": 3096,
    "index": 71
  },
  {
    "name": "Require(62) node_modules/egg-valparams/app.js",
    "start": 1604910136617,
    "end": 1604910136769,
    "duration": 152,
    "pid": 3096,
    "index": 72
  },
  {
    "name": "Require(63) node_modules/egg-jwt/app.js",
    "start": 1604910136770,
    "end": 1604910136770,
    "duration": 0,
    "pid": 3096,
    "index": 73
  },
  {
    "name": "Require(64) node_modules/egg-redis/app.js",
    "start": 1604910136770,
    "end": 1604910136771,
    "duration": 1,
    "pid": 3096,
    "index": 74
  },
  {
    "name": "Require(65) node_modules/egg-socket.io/app.js",
    "start": 1604910136771,
    "end": 1604910136806,
    "duration": 35,
    "pid": 3096,
    "index": 75
  },
  {
    "name": "Require(66) node_modules/egg-view-nunjucks/app.js",
    "start": 1604910136807,
    "end": 1604910136807,
    "duration": 0,
    "pid": 3096,
    "index": 76
  },
  {
    "name": "Require(67) node_modules/egg-tenpay/app.js",
    "start": 1604910136807,
    "end": 1604910136829,
    "duration": 22,
    "pid": 3096,
    "index": 77
  },
  {
    "name": "Before Start in node_modules/egg-watcher/lib/init.js:15:14",
    "start": 1604910136837,
    "end": 1604910137199,
    "duration": 362,
    "pid": 3096,
    "index": 78
  },
  {
    "name": "Load \"Symbol(model)\" to Application",
    "start": 1604910136935,
    "end": 1604910136954,
    "duration": 19,
    "pid": 3096,
    "index": 79
  },
  {
    "name": "Before Start in node_modules/egg-sequelize/lib/loader.js:39:7",
    "start": 1604910136959,
    "end": 1604910137208,
    "duration": 249,
    "pid": 3096,
    "index": 80
  },
  {
    "name": "Before Start in node_modules/egg-redis/lib/redis.js:53:7",
    "start": 1604910136988,
    "end": 1604910137183,
    "duration": 195,
    "pid": 3096,
    "index": 81
  },
  {
    "name": "Load Controller",
    "start": 1604910136997,
    "end": 1604910137146,
    "duration": 149,
    "pid": 3096,
    "index": 82
  },
  {
    "name": "Load \"controller\" to Application",
    "start": 1604910136997,
    "end": 1604910137146,
    "duration": 149,
    "pid": 3096,
    "index": 83
  },
  {
    "name": "Before Start in node_modules/egg-socket.io/lib/io.js:26:7",
    "start": 1604910137003,
    "end": 1604910137175,
    "duration": 172,
    "pid": 3096,
    "index": 84
  },
  {
    "name": "Did Load in node_modules/egg-tenpay/app.js:didLoad",
    "start": 1604910137005,
    "end": 1604910137175,
    "duration": 170,
    "pid": 3096,
    "index": 85
  },
  {
    "name": "Load Service",
    "start": 1604910137005,
    "end": 1604910137079,
    "duration": 74,
    "pid": 3096,
    "index": 86
  },
  {
    "name": "Load \"service\" to Context",
    "start": 1604910137006,
    "end": 1604910137079,
    "duration": 73,
    "pid": 3096,
    "index": 87
  },
  {
    "name": "Load Middleware",
    "start": 1604910137079,
    "end": 1604910137146,
    "duration": 67,
    "pid": 3096,
    "index": 88
  },
  {
    "name": "Load \"middlewares\" to Application",
    "start": 1604910137079,
    "end": 1604910137136,
    "duration": 57,
    "pid": 3096,
    "index": 89
  },
  {
    "name": "Load Controller",
    "start": 1604910137146,
    "end": 1604910137158,
    "duration": 12,
    "pid": 3096,
    "index": 90
  },
  {
    "name": "Load \"controller\" to Application",
    "start": 1604910137146,
    "end": 1604910137158,
    "duration": 12,
    "pid": 3096,
    "index": 91
  },
  {
    "name": "Load Router",
    "start": 1604910137158,
    "end": 1604910137160,
    "duration": 2,
    "pid": 3096,
    "index": 92
  },
  {
    "name": "Require(68) app/router.js",
    "start": 1604910137159,
    "end": 1604910137159,
    "duration": 0,
    "pid": 3096,
    "index": 93
  },
  {
    "name": "Before Start in node_modules/egg-core/lib/egg.js:303:10",
    "start": 1604910137159,
    "end": 1604910137175,
    "duration": 16,
    "pid": 3096,
    "index": 94
  }
]