[
  {
    "name": "Process Start",
    "start": 1604910133056,
    "end": 1604910133757,
    "duration": 701,
    "pid": 22024,
    "index": 0
  },
  {
    "name": "Application Start",
    "start": 1604910133758,
    "end": 1604910134575,
    "duration": 817,
    "pid": 22024,
    "index": 1
  },
  {
    "name": "Load Plugin",
    "start": 1604910133762,
    "end": 1604910133775,
    "duration": 13,
    "pid": 22024,
    "index": 2
  },
  {
    "name": "Load Config",
    "start": 1604910133775,
    "end": 1604910133795,
    "duration": 20,
    "pid": 22024,
    "index": 3
  },
  {
    "name": "Require(0) config/config.default.js",
    "start": 1604910133775,
    "end": 1604910133776,
    "duration": 1,
    "pid": 22024,
    "index": 4
  },
  {
    "name": "Require(1) node_modules/egg-session/config/config.default.js",
    "start": 1604910133777,
    "end": 1604910133778,
    "duration": 1,
    "pid": 22024,
    "index": 5
  },
  {
    "name": "Require(2) node_modules/egg-security/config/config.default.js",
    "start": 1604910133778,
    "end": 1604910133778,
    "duration": 0,
    "pid": 22024,
    "index": 6
  },
  {
    "name": "Require(3) node_modules/egg-jsonp/config/config.default.js",
    "start": 1604910133779,
    "end": 1604910133779,
    "duration": 0,
    "pid": 22024,
    "index": 7
  },
  {
    "name": "Require(4) node_modules/egg-onerror/config/config.default.js",
    "start": 1604910133779,
    "end": 1604910133780,
    "duration": 1,
    "pid": 22024,
    "index": 8
  },
  {
    "name": "Require(5) node_modules/egg-i18n/config/config.default.js",
    "start": 1604910133780,
    "end": 1604910133780,
    "duration": 0,
    "pid": 22024,
    "index": 9
  },
  {
    "name": "Require(6) node_modules/egg-watcher/config/config.default.js",
    "start": 1604910133781,
    "end": 1604910133781,
    "duration": 0,
    "pid": 22024,
    "index": 10
  },
  {
    "name": "Require(7) node_modules/egg-schedule/config/config.default.js",
    "start": 1604910133781,
    "end": 1604910133781,
    "duration": 0,
    "pid": 22024,
    "index": 11
  },
  {
    "name": "Require(8) node_modules/egg-multipart/config/config.default.js",
    "start": 1604910133782,
    "end": 1604910133782,
    "duration": 0,
    "pid": 22024,
    "index": 12
  },
  {
    "name": "Require(9) node_modules/egg-development/config/config.default.js",
    "start": 1604910133783,
    "end": 1604910133783,
    "duration": 0,
    "pid": 22024,
    "index": 13
  },
  {
    "name": "Require(10) node_modules/egg-logrotator/config/config.default.js",
    "start": 1604910133783,
    "end": 1604910133783,
    "duration": 0,
    "pid": 22024,
    "index": 14
  },
  {
    "name": "Require(11) node_modules/egg-static/config/config.default.js",
    "start": 1604910133784,
    "end": 1604910133784,
    "duration": 0,
    "pid": 22024,
    "index": 15
  },
  {
    "name": "Require(12) node_modules/egg-view/config/config.default.js",
    "start": 1604910133784,
    "end": 1604910133785,
    "duration": 1,
    "pid": 22024,
    "index": 16
  },
  {
    "name": "Require(13) node_modules/egg-cors/config/config.default.js",
    "start": 1604910133785,
    "end": 1604910133785,
    "duration": 0,
    "pid": 22024,
    "index": 17
  },
  {
    "name": "Require(14) node_modules/egg-sequelize/config/config.default.js",
    "start": 1604910133785,
    "end": 1604910133786,
    "duration": 1,
    "pid": 22024,
    "index": 18
  },
  {
    "name": "Require(15) node_modules/egg-valparams/config/config.default.js",
    "start": 1604910133786,
    "end": 1604910133786,
    "duration": 0,
    "pid": 22024,
    "index": 19
  },
  {
    "name": "Require(16) node_modules/egg-jwt/config/config.default.js",
    "start": 1604910133787,
    "end": 1604910133787,
    "duration": 0,
    "pid": 22024,
    "index": 20
  },
  {
    "name": "Require(17) node_modules/egg-redis/config/config.default.js",
    "start": 1604910133787,
    "end": 1604910133788,
    "duration": 1,
    "pid": 22024,
    "index": 21
  },
  {
    "name": "Require(18) node_modules/egg-socket.io/config/config.default.js",
    "start": 1604910133788,
    "end": 1604910133788,
    "duration": 0,
    "pid": 22024,
    "index": 22
  },
  {
    "name": "Require(19) node_modules/egg-view-nunjucks/config/config.default.js",
    "start": 1604910133788,
    "end": 1604910133789,
    "duration": 1,
    "pid": 22024,
    "index": 23
  },
  {
    "name": "Require(20) node_modules/egg-tenpay/config/config.default.js",
    "start": 1604910133789,
    "end": 1604910133789,
    "duration": 0,
    "pid": 22024,
    "index": 24
  },
  {
    "name": "Require(21) node_modules/egg/config/config.default.js",
    "start": 1604910133789,
    "end": 1604910133790,
    "duration": 1,
    "pid": 22024,
    "index": 25
  },
  {
    "name": "Require(22) config/config.default.js",
    "start": 1604910133791,
    "end": 1604910133791,
    "duration": 0,
    "pid": 22024,
    "index": 26
  },
  {
    "name": "Require(23) node_modules/egg-security/config/config.local.js",
    "start": 1604910133791,
    "end": 1604910133791,
    "duration": 0,
    "pid": 22024,
    "index": 27
  },
  {
    "name": "Require(24) node_modules/egg-watcher/config/config.local.js",
    "start": 1604910133792,
    "end": 1604910133792,
    "duration": 0,
    "pid": 22024,
    "index": 28
  },
  {
    "name": "Require(25) node_modules/egg-view/config/config.local.js",
    "start": 1604910133793,
    "end": 1604910133793,
    "duration": 0,
    "pid": 22024,
    "index": 29
  },
  {
    "name": "Require(26) node_modules/egg-view-nunjucks/config/config.local.js",
    "start": 1604910133794,
    "end": 1604910133794,
    "duration": 0,
    "pid": 22024,
    "index": 30
  },
  {
    "name": "Require(27) node_modules/egg/config/config.local.js",
    "start": 1604910133795,
    "end": 1604910133795,
    "duration": 0,
    "pid": 22024,
    "index": 31
  },
  {
    "name": "Load extend/application.js",
    "start": 1604910133796,
    "end": 1604910133883,
    "duration": 87,
    "pid": 22024,
    "index": 32
  },
  {
    "name": "Require(28) node_modules/egg-session/app/extend/application.js",
    "start": 1604910133796,
    "end": 1604910133796,
    "duration": 0,
    "pid": 22024,
    "index": 33
  },
  {
    "name": "Require(29) node_modules/egg-security/app/extend/application.js",
    "start": 1604910133797,
    "end": 1604910133797,
    "duration": 0,
    "pid": 22024,
    "index": 34
  },
  {
    "name": "Require(30) node_modules/egg-jsonp/app/extend/application.js",
    "start": 1604910133798,
    "end": 1604910133798,
    "duration": 0,
    "pid": 22024,
    "index": 35
  },
  {
    "name": "Require(31) node_modules/egg-logrotator/app/extend/application.js",
    "start": 1604910133799,
    "end": 1604910133800,
    "duration": 1,
    "pid": 22024,
    "index": 36
  },
  {
    "name": "Require(32) node_modules/egg-view/app/extend/application.js",
    "start": 1604910133801,
    "end": 1604910133802,
    "duration": 1,
    "pid": 22024,
    "index": 37
  },
  {
    "name": "Require(33) node_modules/egg-jwt/app/extend/application.js",
    "start": 1604910133802,
    "end": 1604910133826,
    "duration": 24,
    "pid": 22024,
    "index": 38
  },
  {
    "name": "Require(34) node_modules/egg-socket.io/app/extend/application.js",
    "start": 1604910133826,
    "end": 1604910133860,
    "duration": 34,
    "pid": 22024,
    "index": 39
  },
  {
    "name": "Require(35) node_modules/egg-view-nunjucks/app/extend/application.js",
    "start": 1604910133860,
    "end": 1604910133879,
    "duration": 19,
    "pid": 22024,
    "index": 40
  },
  {
    "name": "Require(36) app/extend/application.js",
    "start": 1604910133880,
    "end": 1604910133880,
    "duration": 0,
    "pid": 22024,
    "index": 41
  },
  {
    "name": "Load extend/request.js",
    "start": 1604910133883,
    "end": 1604910133889,
    "duration": 6,
    "pid": 22024,
    "index": 42
  },
  {
    "name": "Require(37) node_modules/egg/app/extend/request.js",
    "start": 1604910133886,
    "end": 1604910133886,
    "duration": 0,
    "pid": 22024,
    "index": 43
  },
  {
    "name": "Load extend/response.js",
    "start": 1604910133889,
    "end": 1604910133895,
    "duration": 6,
    "pid": 22024,
    "index": 44
  },
  {
    "name": "Require(38) node_modules/egg/app/extend/response.js",
    "start": 1604910133892,
    "end": 1604910133893,
    "duration": 1,
    "pid": 22024,
    "index": 45
  },
  {
    "name": "Load extend/context.js",
    "start": 1604910133895,
    "end": 1604910133955,
    "duration": 60,
    "pid": 22024,
    "index": 46
  },
  {
    "name": "Require(39) node_modules/egg-security/app/extend/context.js",
    "start": 1604910133896,
    "end": 1604910133902,
    "duration": 6,
    "pid": 22024,
    "index": 47
  },
  {
    "name": "Require(40) node_modules/egg-jsonp/app/extend/context.js",
    "start": 1604910133902,
    "end": 1604910133903,
    "duration": 1,
    "pid": 22024,
    "index": 48
  },
  {
    "name": "Require(41) node_modules/egg-i18n/app/extend/context.js",
    "start": 1604910133903,
    "end": 1604910133903,
    "duration": 0,
    "pid": 22024,
    "index": 49
  },
  {
    "name": "Require(42) node_modules/egg-multipart/app/extend/context.js",
    "start": 1604910133904,
    "end": 1604910133931,
    "duration": 27,
    "pid": 22024,
    "index": 50
  },
  {
    "name": "Require(43) node_modules/egg-view/app/extend/context.js",
    "start": 1604910133932,
    "end": 1604910133932,
    "duration": 0,
    "pid": 22024,
    "index": 51
  },
  {
    "name": "Require(44) node_modules/egg-valparams/app/extend/context.js",
    "start": 1604910133933,
    "end": 1604910133950,
    "duration": 17,
    "pid": 22024,
    "index": 52
  },
  {
    "name": "Require(45) node_modules/egg/app/extend/context.js",
    "start": 1604910133950,
    "end": 1604910133951,
    "duration": 1,
    "pid": 22024,
    "index": 53
  },
  {
    "name": "Require(46) app/extend/context.js",
    "start": 1604910133952,
    "end": 1604910133952,
    "duration": 0,
    "pid": 22024,
    "index": 54
  },
  {
    "name": "Load extend/helper.js",
    "start": 1604910133955,
    "end": 1604910133971,
    "duration": 16,
    "pid": 22024,
    "index": 55
  },
  {
    "name": "Require(47) node_modules/egg-security/app/extend/helper.js",
    "start": 1604910133955,
    "end": 1604910133966,
    "duration": 11,
    "pid": 22024,
    "index": 56
  },
  {
    "name": "Require(48) node_modules/egg/app/extend/helper.js",
    "start": 1604910133968,
    "end": 1604910133968,
    "duration": 0,
    "pid": 22024,
    "index": 57
  },
  {
    "name": "Require(49) app/extend/helper.js",
    "start": 1604910133968,
    "end": 1604910133968,
    "duration": 0,
    "pid": 22024,
    "index": 58
  },
  {
    "name": "Load app.js",
    "start": 1604910133971,
    "end": 1604910134191,
    "duration": 220,
    "pid": 22024,
    "index": 59
  },
  {
    "name": "Require(50) node_modules/egg-session/app.js",
    "start": 1604910133971,
    "end": 1604910133972,
    "duration": 1,
    "pid": 22024,
    "index": 60
  },
  {
    "name": "Require(51) node_modules/egg-security/app.js",
    "start": 1604910133972,
    "end": 1604910133973,
    "duration": 1,
    "pid": 22024,
    "index": 61
  },
  {
    "name": "Require(52) node_modules/egg-onerror/app.js",
    "start": 1604910133973,
    "end": 1604910133977,
    "duration": 4,
    "pid": 22024,
    "index": 62
  },
  {
    "name": "Require(53) node_modules/egg-i18n/app.js",
    "start": 1604910133977,
    "end": 1604910133988,
    "duration": 11,
    "pid": 22024,
    "index": 63
  },
  {
    "name": "Require(54) node_modules/egg-watcher/app.js",
    "start": 1604910133988,
    "end": 1604910133990,
    "duration": 2,
    "pid": 22024,
    "index": 64
  },
  {
    "name": "Require(55) node_modules/egg-schedule/app.js",
    "start": 1604910133990,
    "end": 1604910133991,
    "duration": 1,
    "pid": 22024,
    "index": 65
  },
  {
    "name": "Require(56) node_modules/egg-multipart/app.js",
    "start": 1604910133991,
    "end": 1604910133992,
    "duration": 1,
    "pid": 22024,
    "index": 66
  },
  {
    "name": "Require(57) node_modules/egg-development/app.js",
    "start": 1604910133992,
    "end": 1604910133992,
    "duration": 0,
    "pid": 22024,
    "index": 67
  },
  {
    "name": "Require(58) node_modules/egg-logrotator/app.js",
    "start": 1604910133992,
    "end": 1604910133993,
    "duration": 1,
    "pid": 22024,
    "index": 68
  },
  {
    "name": "Require(59) node_modules/egg-static/app.js",
    "start": 1604910133993,
    "end": 1604910133993,
    "duration": 0,
    "pid": 22024,
    "index": 69
  },
  {
    "name": "Require(60) node_modules/egg-cors/app.js",
    "start": 1604910133993,
    "end": 1604910133993,
    "duration": 0,
    "pid": 22024,
    "index": 70
  },
  {
    "name": "Require(61) node_modules/egg-sequelize/app.js",
    "start": 1604910133994,
    "end": 1604910133994,
    "duration": 0,
    "pid": 22024,
    "index": 71
  },
  {
    "name": "Require(62) node_modules/egg-valparams/app.js",
    "start": 1604910133994,
    "end": 1604910134130,
    "duration": 136,
    "pid": 22024,
    "index": 72
  },
  {
    "name": "Require(63) node_modules/egg-jwt/app.js",
    "start": 1604910134131,
    "end": 1604910134131,
    "duration": 0,
    "pid": 22024,
    "index": 73
  },
  {
    "name": "Require(64) node_modules/egg-redis/app.js",
    "start": 1604910134131,
    "end": 1604910134132,
    "duration": 1,
    "pid": 22024,
    "index": 74
  },
  {
    "name": "Require(65) node_modules/egg-socket.io/app.js",
    "start": 1604910134132,
    "end": 1604910134167,
    "duration": 35,
    "pid": 22024,
    "index": 75
  },
  {
    "name": "Require(66) node_modules/egg-view-nunjucks/app.js",
    "start": 1604910134167,
    "end": 1604910134167,
    "duration": 0,
    "pid": 22024,
    "index": 76
  },
  {
    "name": "Require(67) node_modules/egg-tenpay/app.js",
    "start": 1604910134167,
    "end": 1604910134190,
    "duration": 23,
    "pid": 22024,
    "index": 77
  },
  {
    "name": "Before Start in node_modules/egg-watcher/lib/init.js:15:14",
    "start": 1604910134199,
    "end": 1604910134564,
    "duration": 365,
    "pid": 22024,
    "index": 78
  },
  {
    "name": "Load \"Symbol(model)\" to Application",
    "start": 1604910134304,
    "end": 1604910134321,
    "duration": 17,
    "pid": 22024,
    "index": 79
  },
  {
    "name": "Before Start in node_modules/egg-sequelize/lib/loader.js:39:7",
    "start": 1604910134326,
    "end": 1604910134575,
    "duration": 249,
    "pid": 22024,
    "index": 80
  },
  {
    "name": "Before Start in node_modules/egg-redis/lib/redis.js:53:7",
    "start": 1604910134356,
    "end": 1604910134548,
    "duration": 192,
    "pid": 22024,
    "index": 81
  },
  {
    "name": "Load Controller",
    "start": 1604910134365,
    "end": 1604910134508,
    "duration": 143,
    "pid": 22024,
    "index": 82
  },
  {
    "name": "Load \"controller\" to Application",
    "start": 1604910134365,
    "end": 1604910134508,
    "duration": 143,
    "pid": 22024,
    "index": 83
  },
  {
    "name": "Before Start in node_modules/egg-socket.io/lib/io.js:26:7",
    "start": 1604910134371,
    "end": 1604910134541,
    "duration": 170,
    "pid": 22024,
    "index": 84
  },
  {
    "name": "Did Load in node_modules/egg-tenpay/app.js:didLoad",
    "start": 1604910134374,
    "end": 1604910134541,
    "duration": 167,
    "pid": 22024,
    "index": 85
  },
  {
    "name": "Load Service",
    "start": 1604910134374,
    "end": 1604910134444,
    "duration": 70,
    "pid": 22024,
    "index": 86
  },
  {
    "name": "Load \"service\" to Context",
    "start": 1604910134374,
    "end": 1604910134444,
    "duration": 70,
    "pid": 22024,
    "index": 87
  },
  {
    "name": "Load Middleware",
    "start": 1604910134444,
    "end": 1604910134508,
    "duration": 64,
    "pid": 22024,
    "index": 88
  },
  {
    "name": "Load \"middlewares\" to Application",
    "start": 1604910134444,
    "end": 1604910134498,
    "duration": 54,
    "pid": 22024,
    "index": 89
  },
  {
    "name": "Load Controller",
    "start": 1604910134508,
    "end": 1604910134522,
    "duration": 14,
    "pid": 22024,
    "index": 90
  },
  {
    "name": "Load \"controller\" to Application",
    "start": 1604910134508,
    "end": 1604910134522,
    "duration": 14,
    "pid": 22024,
    "index": 91
  },
  {
    "name": "Load Router",
    "start": 1604910134522,
    "end": 1604910134525,
    "duration": 3,
    "pid": 22024,
    "index": 92
  },
  {
    "name": "Require(68) app/router.js",
    "start": 1604910134523,
    "end": 1604910134523,
    "duration": 0,
    "pid": 22024,
    "index": 93
  },
  {
    "name": "Before Start in node_modules/egg-core/lib/egg.js:303:10",
    "start": 1604910134524,
    "end": 1604910134541,
    "duration": 17,
    "pid": 22024,
    "index": 94
  }
]