[
  {
    "name": "Process Start",
    "start": 1604910171262,
    "end": 1604910171972,
    "duration": 710,
    "pid": 10456,
    "index": 0
  },
  {
    "name": "Application Start",
    "start": 1604910171973,
    "end": 1604910172773,
    "duration": 800,
    "pid": 10456,
    "index": 1
  },
  {
    "name": "Load Plugin",
    "start": 1604910171976,
    "end": 1604910171989,
    "duration": 13,
    "pid": 10456,
    "index": 2
  },
  {
    "name": "Load Config",
    "start": 1604910171989,
    "end": 1604910172010,
    "duration": 21,
    "pid": 10456,
    "index": 3
  },
  {
    "name": "Require(0) config/config.default.js",
    "start": 1604910171990,
    "end": 1604910171990,
    "duration": 0,
    "pid": 10456,
    "index": 4
  },
  {
    "name": "Require(1) node_modules/egg-session/config/config.default.js",
    "start": 1604910171992,
    "end": 1604910171992,
    "duration": 0,
    "pid": 10456,
    "index": 5
  },
  {
    "name": "Require(2) node_modules/egg-security/config/config.default.js",
    "start": 1604910171992,
    "end": 1604910171992,
    "duration": 0,
    "pid": 10456,
    "index": 6
  },
  {
    "name": "Require(3) node_modules/egg-jsonp/config/config.default.js",
    "start": 1604910171993,
    "end": 1604910171993,
    "duration": 0,
    "pid": 10456,
    "index": 7
  },
  {
    "name": "Require(4) node_modules/egg-onerror/config/config.default.js",
    "start": 1604910171994,
    "end": 1604910171994,
    "duration": 0,
    "pid": 10456,
    "index": 8
  },
  {
    "name": "Require(5) node_modules/egg-i18n/config/config.default.js",
    "start": 1604910171994,
    "end": 1604910171995,
    "duration": 1,
    "pid": 10456,
    "index": 9
  },
  {
    "name": "Require(6) node_modules/egg-watcher/config/config.default.js",
    "start": 1604910171995,
    "end": 1604910171995,
    "duration": 0,
    "pid": 10456,
    "index": 10
  },
  {
    "name": "Require(7) node_modules/egg-schedule/config/config.default.js",
    "start": 1604910171996,
    "end": 1604910171996,
    "duration": 0,
    "pid": 10456,
    "index": 11
  },
  {
    "name": "Require(8) node_modules/egg-multipart/config/config.default.js",
    "start": 1604910171996,
    "end": 1604910171996,
    "duration": 0,
    "pid": 10456,
    "index": 12
  },
  {
    "name": "Require(9) node_modules/egg-development/config/config.default.js",
    "start": 1604910171997,
    "end": 1604910171997,
    "duration": 0,
    "pid": 10456,
    "index": 13
  },
  {
    "name": "Require(10) node_modules/egg-logrotator/config/config.default.js",
    "start": 1604910171997,
    "end": 1604910171998,
    "duration": 1,
    "pid": 10456,
    "index": 14
  },
  {
    "name": "Require(11) node_modules/egg-static/config/config.default.js",
    "start": 1604910171998,
    "end": 1604910171998,
    "duration": 0,
    "pid": 10456,
    "index": 15
  },
  {
    "name": "Require(12) node_modules/egg-view/config/config.default.js",
    "start": 1604910171999,
    "end": 1604910171999,
    "duration": 0,
    "pid": 10456,
    "index": 16
  },
  {
    "name": "Require(13) node_modules/egg-cors/config/config.default.js",
    "start": 1604910171999,
    "end": 1604910172000,
    "duration": 1,
    "pid": 10456,
    "index": 17
  },
  {
    "name": "Require(14) node_modules/egg-sequelize/config/config.default.js",
    "start": 1604910172000,
    "end": 1604910172000,
    "duration": 0,
    "pid": 10456,
    "index": 18
  },
  {
    "name": "Require(15) node_modules/egg-valparams/config/config.default.js",
    "start": 1604910172000,
    "end": 1604910172001,
    "duration": 1,
    "pid": 10456,
    "index": 19
  },
  {
    "name": "Require(16) node_modules/egg-jwt/config/config.default.js",
    "start": 1604910172001,
    "end": 1604910172001,
    "duration": 0,
    "pid": 10456,
    "index": 20
  },
  {
    "name": "Require(17) node_modules/egg-redis/config/config.default.js",
    "start": 1604910172001,
    "end": 1604910172002,
    "duration": 1,
    "pid": 10456,
    "index": 21
  },
  {
    "name": "Require(18) node_modules/egg-socket.io/config/config.default.js",
    "start": 1604910172002,
    "end": 1604910172002,
    "duration": 0,
    "pid": 10456,
    "index": 22
  },
  {
    "name": "Require(19) node_modules/egg-view-nunjucks/config/config.default.js",
    "start": 1604910172003,
    "end": 1604910172003,
    "duration": 0,
    "pid": 10456,
    "index": 23
  },
  {
    "name": "Require(20) node_modules/egg-tenpay/config/config.default.js",
    "start": 1604910172003,
    "end": 1604910172004,
    "duration": 1,
    "pid": 10456,
    "index": 24
  },
  {
    "name": "Require(21) node_modules/egg/config/config.default.js",
    "start": 1604910172004,
    "end": 1604910172004,
    "duration": 0,
    "pid": 10456,
    "index": 25
  },
  {
    "name": "Require(22) config/config.default.js",
    "start": 1604910172005,
    "end": 1604910172005,
    "duration": 0,
    "pid": 10456,
    "index": 26
  },
  {
    "name": "Require(23) node_modules/egg-security/config/config.local.js",
    "start": 1604910172006,
    "end": 1604910172006,
    "duration": 0,
    "pid": 10456,
    "index": 27
  },
  {
    "name": "Require(24) node_modules/egg-watcher/config/config.local.js",
    "start": 1604910172007,
    "end": 1604910172007,
    "duration": 0,
    "pid": 10456,
    "index": 28
  },
  {
    "name": "Require(25) node_modules/egg-view/config/config.local.js",
    "start": 1604910172008,
    "end": 1604910172008,
    "duration": 0,
    "pid": 10456,
    "index": 29
  },
  {
    "name": "Require(26) node_modules/egg-view-nunjucks/config/config.local.js",
    "start": 1604910172009,
    "end": 1604910172009,
    "duration": 0,
    "pid": 10456,
    "index": 30
  },
  {
    "name": "Require(27) node_modules/egg/config/config.local.js",
    "start": 1604910172009,
    "end": 1604910172010,
    "duration": 1,
    "pid": 10456,
    "index": 31
  },
  {
    "name": "Load extend/application.js",
    "start": 1604910172010,
    "end": 1604910172096,
    "duration": 86,
    "pid": 10456,
    "index": 32
  },
  {
    "name": "Require(28) node_modules/egg-session/app/extend/application.js",
    "start": 1604910172011,
    "end": 1604910172011,
    "duration": 0,
    "pid": 10456,
    "index": 33
  },
  {
    "name": "Require(29) node_modules/egg-security/app/extend/application.js",
    "start": 1604910172011,
    "end": 1604910172012,
    "duration": 1,
    "pid": 10456,
    "index": 34
  },
  {
    "name": "Require(30) node_modules/egg-jsonp/app/extend/application.js",
    "start": 1604910172012,
    "end": 1604910172013,
    "duration": 1,
    "pid": 10456,
    "index": 35
  },
  {
    "name": "Require(31) node_modules/egg-logrotator/app/extend/application.js",
    "start": 1604910172014,
    "end": 1604910172015,
    "duration": 1,
    "pid": 10456,
    "index": 36
  },
  {
    "name": "Require(32) node_modules/egg-view/app/extend/application.js",
    "start": 1604910172015,
    "end": 1604910172016,
    "duration": 1,
    "pid": 10456,
    "index": 37
  },
  {
    "name": "Require(33) node_modules/egg-jwt/app/extend/application.js",
    "start": 1604910172017,
    "end": 1604910172040,
    "duration": 23,
    "pid": 10456,
    "index": 38
  },
  {
    "name": "Require(34) node_modules/egg-socket.io/app/extend/application.js",
    "start": 1604910172040,
    "end": 1604910172074,
    "duration": 34,
    "pid": 10456,
    "index": 39
  },
  {
    "name": "Require(35) node_modules/egg-view-nunjucks/app/extend/application.js",
    "start": 1604910172074,
    "end": 1604910172093,
    "duration": 19,
    "pid": 10456,
    "index": 40
  },
  {
    "name": "Require(36) app/extend/application.js",
    "start": 1604910172093,
    "end": 1604910172093,
    "duration": 0,
    "pid": 10456,
    "index": 41
  },
  {
    "name": "Load extend/request.js",
    "start": 1604910172096,
    "end": 1604910172102,
    "duration": 6,
    "pid": 10456,
    "index": 42
  },
  {
    "name": "Require(37) node_modules/egg/app/extend/request.js",
    "start": 1604910172099,
    "end": 1604910172099,
    "duration": 0,
    "pid": 10456,
    "index": 43
  },
  {
    "name": "Load extend/response.js",
    "start": 1604910172102,
    "end": 1604910172108,
    "duration": 6,
    "pid": 10456,
    "index": 44
  },
  {
    "name": "Require(38) node_modules/egg/app/extend/response.js",
    "start": 1604910172105,
    "end": 1604910172106,
    "duration": 1,
    "pid": 10456,
    "index": 45
  },
  {
    "name": "Load extend/context.js",
    "start": 1604910172108,
    "end": 1604910172167,
    "duration": 59,
    "pid": 10456,
    "index": 46
  },
  {
    "name": "Require(39) node_modules/egg-security/app/extend/context.js",
    "start": 1604910172109,
    "end": 1604910172115,
    "duration": 6,
    "pid": 10456,
    "index": 47
  },
  {
    "name": "Require(40) node_modules/egg-jsonp/app/extend/context.js",
    "start": 1604910172115,
    "end": 1604910172116,
    "duration": 1,
    "pid": 10456,
    "index": 48
  },
  {
    "name": "Require(41) node_modules/egg-i18n/app/extend/context.js",
    "start": 1604910172116,
    "end": 1604910172116,
    "duration": 0,
    "pid": 10456,
    "index": 49
  },
  {
    "name": "Require(42) node_modules/egg-multipart/app/extend/context.js",
    "start": 1604910172117,
    "end": 1604910172145,
    "duration": 28,
    "pid": 10456,
    "index": 50
  },
  {
    "name": "Require(43) node_modules/egg-view/app/extend/context.js",
    "start": 1604910172145,
    "end": 1604910172146,
    "duration": 1,
    "pid": 10456,
    "index": 51
  },
  {
    "name": "Require(44) node_modules/egg-valparams/app/extend/context.js",
    "start": 1604910172146,
    "end": 1604910172162,
    "duration": 16,
    "pid": 10456,
    "index": 52
  },
  {
    "name": "Require(45) node_modules/egg/app/extend/context.js",
    "start": 1604910172163,
    "end": 1604910172163,
    "duration": 0,
    "pid": 10456,
    "index": 53
  },
  {
    "name": "Require(46) app/extend/context.js",
    "start": 1604910172164,
    "end": 1604910172164,
    "duration": 0,
    "pid": 10456,
    "index": 54
  },
  {
    "name": "Load extend/helper.js",
    "start": 1604910172167,
    "end": 1604910172184,
    "duration": 17,
    "pid": 10456,
    "index": 55
  },
  {
    "name": "Require(47) node_modules/egg-security/app/extend/helper.js",
    "start": 1604910172168,
    "end": 1604910172178,
    "duration": 10,
    "pid": 10456,
    "index": 56
  },
  {
    "name": "Require(48) node_modules/egg/app/extend/helper.js",
    "start": 1604910172181,
    "end": 1604910172181,
    "duration": 0,
    "pid": 10456,
    "index": 57
  },
  {
    "name": "Require(49) app/extend/helper.js",
    "start": 1604910172181,
    "end": 1604910172181,
    "duration": 0,
    "pid": 10456,
    "index": 58
  },
  {
    "name": "Load app.js",
    "start": 1604910172184,
    "end": 1604910172405,
    "duration": 221,
    "pid": 10456,
    "index": 59
  },
  {
    "name": "Require(50) node_modules/egg-session/app.js",
    "start": 1604910172184,
    "end": 1604910172184,
    "duration": 0,
    "pid": 10456,
    "index": 60
  },
  {
    "name": "Require(51) node_modules/egg-security/app.js",
    "start": 1604910172185,
    "end": 1604910172185,
    "duration": 0,
    "pid": 10456,
    "index": 61
  },
  {
    "name": "Require(52) node_modules/egg-onerror/app.js",
    "start": 1604910172186,
    "end": 1604910172190,
    "duration": 4,
    "pid": 10456,
    "index": 62
  },
  {
    "name": "Require(53) node_modules/egg-i18n/app.js",
    "start": 1604910172191,
    "end": 1604910172202,
    "duration": 11,
    "pid": 10456,
    "index": 63
  },
  {
    "name": "Require(54) node_modules/egg-watcher/app.js",
    "start": 1604910172202,
    "end": 1604910172204,
    "duration": 2,
    "pid": 10456,
    "index": 64
  },
  {
    "name": "Require(55) node_modules/egg-schedule/app.js",
    "start": 1604910172204,
    "end": 1604910172205,
    "duration": 1,
    "pid": 10456,
    "index": 65
  },
  {
    "name": "Require(56) node_modules/egg-multipart/app.js",
    "start": 1604910172206,
    "end": 1604910172206,
    "duration": 0,
    "pid": 10456,
    "index": 66
  },
  {
    "name": "Require(57) node_modules/egg-development/app.js",
    "start": 1604910172206,
    "end": 1604910172206,
    "duration": 0,
    "pid": 10456,
    "index": 67
  },
  {
    "name": "Require(58) node_modules/egg-logrotator/app.js",
    "start": 1604910172207,
    "end": 1604910172207,
    "duration": 0,
    "pid": 10456,
    "index": 68
  },
  {
    "name": "Require(59) node_modules/egg-static/app.js",
    "start": 1604910172207,
    "end": 1604910172207,
    "duration": 0,
    "pid": 10456,
    "index": 69
  },
  {
    "name": "Require(60) node_modules/egg-cors/app.js",
    "start": 1604910172207,
    "end": 1604910172208,
    "duration": 1,
    "pid": 10456,
    "index": 70
  },
  {
    "name": "Require(61) node_modules/egg-sequelize/app.js",
    "start": 1604910172208,
    "end": 1604910172208,
    "duration": 0,
    "pid": 10456,
    "index": 71
  },
  {
    "name": "Require(62) node_modules/egg-valparams/app.js",
    "start": 1604910172208,
    "end": 1604910172347,
    "duration": 139,
    "pid": 10456,
    "index": 72
  },
  {
    "name": "Require(63) node_modules/egg-jwt/app.js",
    "start": 1604910172347,
    "end": 1604910172348,
    "duration": 1,
    "pid": 10456,
    "index": 73
  },
  {
    "name": "Require(64) node_modules/egg-redis/app.js",
    "start": 1604910172348,
    "end": 1604910172349,
    "duration": 1,
    "pid": 10456,
    "index": 74
  },
  {
    "name": "Require(65) node_modules/egg-socket.io/app.js",
    "start": 1604910172349,
    "end": 1604910172381,
    "duration": 32,
    "pid": 10456,
    "index": 75
  },
  {
    "name": "Require(66) node_modules/egg-view-nunjucks/app.js",
    "start": 1604910172381,
    "end": 1604910172382,
    "duration": 1,
    "pid": 10456,
    "index": 76
  },
  {
    "name": "Require(67) node_modules/egg-tenpay/app.js",
    "start": 1604910172382,
    "end": 1604910172404,
    "duration": 22,
    "pid": 10456,
    "index": 77
  },
  {
    "name": "Before Start in node_modules/egg-watcher/lib/init.js:15:14",
    "start": 1604910172413,
    "end": 1604910172763,
    "duration": 350,
    "pid": 10456,
    "index": 78
  },
  {
    "name": "Load \"Symbol(model)\" to Application",
    "start": 1604910172514,
    "end": 1604910172532,
    "duration": 18,
    "pid": 10456,
    "index": 79
  },
  {
    "name": "Before Start in node_modules/egg-sequelize/lib/loader.js:39:7",
    "start": 1604910172537,
    "end": 1604910172773,
    "duration": 236,
    "pid": 10456,
    "index": 80
  },
  {
    "name": "Before Start in node_modules/egg-redis/lib/redis.js:53:7",
    "start": 1604910172565,
    "end": 1604910172748,
    "duration": 183,
    "pid": 10456,
    "index": 81
  },
  {
    "name": "Load Controller",
    "start": 1604910172573,
    "end": 1604910172714,
    "duration": 141,
    "pid": 10456,
    "index": 82
  },
  {
    "name": "Load \"controller\" to Application",
    "start": 1604910172573,
    "end": 1604910172714,
    "duration": 141,
    "pid": 10456,
    "index": 83
  },
  {
    "name": "Before Start in node_modules/egg-socket.io/lib/io.js:26:7",
    "start": 1604910172579,
    "end": 1604910172741,
    "duration": 162,
    "pid": 10456,
    "index": 84
  },
  {
    "name": "Did Load in node_modules/egg-tenpay/app.js:didLoad",
    "start": 1604910172582,
    "end": 1604910172741,
    "duration": 159,
    "pid": 10456,
    "index": 85
  },
  {
    "name": "Load Service",
    "start": 1604910172582,
    "end": 1604910172653,
    "duration": 71,
    "pid": 10456,
    "index": 86
  },
  {
    "name": "Load \"service\" to Context",
    "start": 1604910172582,
    "end": 1604910172653,
    "duration": 71,
    "pid": 10456,
    "index": 87
  },
  {
    "name": "Load Middleware",
    "start": 1604910172653,
    "end": 1604910172714,
    "duration": 61,
    "pid": 10456,
    "index": 88
  },
  {
    "name": "Load \"middlewares\" to Application",
    "start": 1604910172653,
    "end": 1604910172705,
    "duration": 52,
    "pid": 10456,
    "index": 89
  },
  {
    "name": "Load Controller",
    "start": 1604910172714,
    "end": 1604910172726,
    "duration": 12,
    "pid": 10456,
    "index": 90
  },
  {
    "name": "Load \"controller\" to Application",
    "start": 1604910172714,
    "end": 1604910172726,
    "duration": 12,
    "pid": 10456,
    "index": 91
  },
  {
    "name": "Load Router",
    "start": 1604910172726,
    "end": 1604910172728,
    "duration": 2,
    "pid": 10456,
    "index": 92
  },
  {
    "name": "Require(68) app/router.js",
    "start": 1604910172727,
    "end": 1604910172727,
    "duration": 0,
    "pid": 10456,
    "index": 93
  },
  {
    "name": "Before Start in node_modules/egg-core/lib/egg.js:303:10",
    "start": 1604910172727,
    "end": 1604910172741,
    "duration": 14,
    "pid": 10456,
    "index": 94
  }
]