[
  {
    "name": "Process Start",
    "start": 1604910144931,
    "end": 1604910145625,
    "duration": 694,
    "pid": 2964,
    "index": 0
  },
  {
    "name": "Application Start",
    "start": 1604910145626,
    "end": 1604910146431,
    "duration": 805,
    "pid": 2964,
    "index": 1
  },
  {
    "name": "Load Plugin",
    "start": 1604910145630,
    "end": 1604910145642,
    "duration": 12,
    "pid": 2964,
    "index": 2
  },
  {
    "name": "Load Config",
    "start": 1604910145642,
    "end": 1604910145662,
    "duration": 20,
    "pid": 2964,
    "index": 3
  },
  {
    "name": "Require(0) config/config.default.js",
    "start": 1604910145643,
    "end": 1604910145643,
    "duration": 0,
    "pid": 2964,
    "index": 4
  },
  {
    "name": "Require(1) node_modules/egg-session/config/config.default.js",
    "start": 1604910145645,
    "end": 1604910145645,
    "duration": 0,
    "pid": 2964,
    "index": 5
  },
  {
    "name": "Require(2) node_modules/egg-security/config/config.default.js",
    "start": 1604910145645,
    "end": 1604910145646,
    "duration": 1,
    "pid": 2964,
    "index": 6
  },
  {
    "name": "Require(3) node_modules/egg-jsonp/config/config.default.js",
    "start": 1604910145646,
    "end": 1604910145647,
    "duration": 1,
    "pid": 2964,
    "index": 7
  },
  {
    "name": "Require(4) node_modules/egg-onerror/config/config.default.js",
    "start": 1604910145647,
    "end": 1604910145647,
    "duration": 0,
    "pid": 2964,
    "index": 8
  },
  {
    "name": "Require(5) node_modules/egg-i18n/config/config.default.js",
    "start": 1604910145647,
    "end": 1604910145648,
    "duration": 1,
    "pid": 2964,
    "index": 9
  },
  {
    "name": "Require(6) node_modules/egg-watcher/config/config.default.js",
    "start": 1604910145648,
    "end": 1604910145648,
    "duration": 0,
    "pid": 2964,
    "index": 10
  },
  {
    "name": "Require(7) node_modules/egg-schedule/config/config.default.js",
    "start": 1604910145649,
    "end": 1604910145649,
    "duration": 0,
    "pid": 2964,
    "index": 11
  },
  {
    "name": "Require(8) node_modules/egg-multipart/config/config.default.js",
    "start": 1604910145649,
    "end": 1604910145650,
    "duration": 1,
    "pid": 2964,
    "index": 12
  },
  {
    "name": "Require(9) node_modules/egg-development/config/config.default.js",
    "start": 1604910145650,
    "end": 1604910145650,
    "duration": 0,
    "pid": 2964,
    "index": 13
  },
  {
    "name": "Require(10) node_modules/egg-logrotator/config/config.default.js",
    "start": 1604910145651,
    "end": 1604910145651,
    "duration": 0,
    "pid": 2964,
    "index": 14
  },
  {
    "name": "Require(11) node_modules/egg-static/config/config.default.js",
    "start": 1604910145651,
    "end": 1604910145651,
    "duration": 0,
    "pid": 2964,
    "index": 15
  },
  {
    "name": "Require(12) node_modules/egg-view/config/config.default.js",
    "start": 1604910145652,
    "end": 1604910145652,
    "duration": 0,
    "pid": 2964,
    "index": 16
  },
  {
    "name": "Require(13) node_modules/egg-cors/config/config.default.js",
    "start": 1604910145652,
    "end": 1604910145653,
    "duration": 1,
    "pid": 2964,
    "index": 17
  },
  {
    "name": "Require(14) node_modules/egg-sequelize/config/config.default.js",
    "start": 1604910145653,
    "end": 1604910145653,
    "duration": 0,
    "pid": 2964,
    "index": 18
  },
  {
    "name": "Require(15) node_modules/egg-valparams/config/config.default.js",
    "start": 1604910145653,
    "end": 1604910145654,
    "duration": 1,
    "pid": 2964,
    "index": 19
  },
  {
    "name": "Require(16) node_modules/egg-jwt/config/config.default.js",
    "start": 1604910145654,
    "end": 1604910145654,
    "duration": 0,
    "pid": 2964,
    "index": 20
  },
  {
    "name": "Require(17) node_modules/egg-redis/config/config.default.js",
    "start": 1604910145654,
    "end": 1604910145655,
    "duration": 1,
    "pid": 2964,
    "index": 21
  },
  {
    "name": "Require(18) node_modules/egg-socket.io/config/config.default.js",
    "start": 1604910145655,
    "end": 1604910145655,
    "duration": 0,
    "pid": 2964,
    "index": 22
  },
  {
    "name": "Require(19) node_modules/egg-view-nunjucks/config/config.default.js",
    "start": 1604910145656,
    "end": 1604910145656,
    "duration": 0,
    "pid": 2964,
    "index": 23
  },
  {
    "name": "Require(20) node_modules/egg-tenpay/config/config.default.js",
    "start": 1604910145656,
    "end": 1604910145656,
    "duration": 0,
    "pid": 2964,
    "index": 24
  },
  {
    "name": "Require(21) node_modules/egg/config/config.default.js",
    "start": 1604910145657,
    "end": 1604910145657,
    "duration": 0,
    "pid": 2964,
    "index": 25
  },
  {
    "name": "Require(22) config/config.default.js",
    "start": 1604910145658,
    "end": 1604910145658,
    "duration": 0,
    "pid": 2964,
    "index": 26
  },
  {
    "name": "Require(23) node_modules/egg-security/config/config.local.js",
    "start": 1604910145659,
    "end": 1604910145659,
    "duration": 0,
    "pid": 2964,
    "index": 27
  },
  {
    "name": "Require(24) node_modules/egg-watcher/config/config.local.js",
    "start": 1604910145660,
    "end": 1604910145660,
    "duration": 0,
    "pid": 2964,
    "index": 28
  },
  {
    "name": "Require(25) node_modules/egg-view/config/config.local.js",
    "start": 1604910145660,
    "end": 1604910145661,
    "duration": 1,
    "pid": 2964,
    "index": 29
  },
  {
    "name": "Require(26) node_modules/egg-view-nunjucks/config/config.local.js",
    "start": 1604910145662,
    "end": 1604910145662,
    "duration": 0,
    "pid": 2964,
    "index": 30
  },
  {
    "name": "Require(27) node_modules/egg/config/config.local.js",
    "start": 1604910145662,
    "end": 1604910145662,
    "duration": 0,
    "pid": 2964,
    "index": 31
  },
  {
    "name": "Load extend/application.js",
    "start": 1604910145663,
    "end": 1604910145750,
    "duration": 87,
    "pid": 2964,
    "index": 32
  },
  {
    "name": "Require(28) node_modules/egg-session/app/extend/application.js",
    "start": 1604910145663,
    "end": 1604910145664,
    "duration": 1,
    "pid": 2964,
    "index": 33
  },
  {
    "name": "Require(29) node_modules/egg-security/app/extend/application.js",
    "start": 1604910145664,
    "end": 1604910145665,
    "duration": 1,
    "pid": 2964,
    "index": 34
  },
  {
    "name": "Require(30) node_modules/egg-jsonp/app/extend/application.js",
    "start": 1604910145665,
    "end": 1604910145666,
    "duration": 1,
    "pid": 2964,
    "index": 35
  },
  {
    "name": "Require(31) node_modules/egg-logrotator/app/extend/application.js",
    "start": 1604910145667,
    "end": 1604910145668,
    "duration": 1,
    "pid": 2964,
    "index": 36
  },
  {
    "name": "Require(32) node_modules/egg-view/app/extend/application.js",
    "start": 1604910145668,
    "end": 1604910145669,
    "duration": 1,
    "pid": 2964,
    "index": 37
  },
  {
    "name": "Require(33) node_modules/egg-jwt/app/extend/application.js",
    "start": 1604910145669,
    "end": 1604910145692,
    "duration": 23,
    "pid": 2964,
    "index": 38
  },
  {
    "name": "Require(34) node_modules/egg-socket.io/app/extend/application.js",
    "start": 1604910145693,
    "end": 1604910145727,
    "duration": 34,
    "pid": 2964,
    "index": 39
  },
  {
    "name": "Require(35) node_modules/egg-view-nunjucks/app/extend/application.js",
    "start": 1604910145727,
    "end": 1604910145747,
    "duration": 20,
    "pid": 2964,
    "index": 40
  },
  {
    "name": "Require(36) app/extend/application.js",
    "start": 1604910145747,
    "end": 1604910145747,
    "duration": 0,
    "pid": 2964,
    "index": 41
  },
  {
    "name": "Load extend/request.js",
    "start": 1604910145750,
    "end": 1604910145756,
    "duration": 6,
    "pid": 2964,
    "index": 42
  },
  {
    "name": "Require(37) node_modules/egg/app/extend/request.js",
    "start": 1604910145753,
    "end": 1604910145753,
    "duration": 0,
    "pid": 2964,
    "index": 43
  },
  {
    "name": "Load extend/response.js",
    "start": 1604910145756,
    "end": 1604910145762,
    "duration": 6,
    "pid": 2964,
    "index": 44
  },
  {
    "name": "Require(38) node_modules/egg/app/extend/response.js",
    "start": 1604910145758,
    "end": 1604910145759,
    "duration": 1,
    "pid": 2964,
    "index": 45
  },
  {
    "name": "Load extend/context.js",
    "start": 1604910145762,
    "end": 1604910145819,
    "duration": 57,
    "pid": 2964,
    "index": 46
  },
  {
    "name": "Require(39) node_modules/egg-security/app/extend/context.js",
    "start": 1604910145762,
    "end": 1604910145768,
    "duration": 6,
    "pid": 2964,
    "index": 47
  },
  {
    "name": "Require(40) node_modules/egg-jsonp/app/extend/context.js",
    "start": 1604910145768,
    "end": 1604910145769,
    "duration": 1,
    "pid": 2964,
    "index": 48
  },
  {
    "name": "Require(41) node_modules/egg-i18n/app/extend/context.js",
    "start": 1604910145769,
    "end": 1604910145770,
    "duration": 1,
    "pid": 2964,
    "index": 49
  },
  {
    "name": "Require(42) node_modules/egg-multipart/app/extend/context.js",
    "start": 1604910145770,
    "end": 1604910145797,
    "duration": 27,
    "pid": 2964,
    "index": 50
  },
  {
    "name": "Require(43) node_modules/egg-view/app/extend/context.js",
    "start": 1604910145797,
    "end": 1604910145798,
    "duration": 1,
    "pid": 2964,
    "index": 51
  },
  {
    "name": "Require(44) node_modules/egg-valparams/app/extend/context.js",
    "start": 1604910145798,
    "end": 1604910145813,
    "duration": 15,
    "pid": 2964,
    "index": 52
  },
  {
    "name": "Require(45) node_modules/egg/app/extend/context.js",
    "start": 1604910145814,
    "end": 1604910145815,
    "duration": 1,
    "pid": 2964,
    "index": 53
  },
  {
    "name": "Require(46) app/extend/context.js",
    "start": 1604910145816,
    "end": 1604910145816,
    "duration": 0,
    "pid": 2964,
    "index": 54
  },
  {
    "name": "Load extend/helper.js",
    "start": 1604910145819,
    "end": 1604910145835,
    "duration": 16,
    "pid": 2964,
    "index": 55
  },
  {
    "name": "Require(47) node_modules/egg-security/app/extend/helper.js",
    "start": 1604910145819,
    "end": 1604910145829,
    "duration": 10,
    "pid": 2964,
    "index": 56
  },
  {
    "name": "Require(48) node_modules/egg/app/extend/helper.js",
    "start": 1604910145832,
    "end": 1604910145832,
    "duration": 0,
    "pid": 2964,
    "index": 57
  },
  {
    "name": "Require(49) app/extend/helper.js",
    "start": 1604910145832,
    "end": 1604910145832,
    "duration": 0,
    "pid": 2964,
    "index": 58
  },
  {
    "name": "Load app.js",
    "start": 1604910145835,
    "end": 1604910146062,
    "duration": 227,
    "pid": 2964,
    "index": 59
  },
  {
    "name": "Require(50) node_modules/egg-session/app.js",
    "start": 1604910145836,
    "end": 1604910145836,
    "duration": 0,
    "pid": 2964,
    "index": 60
  },
  {
    "name": "Require(51) node_modules/egg-security/app.js",
    "start": 1604910145836,
    "end": 1604910145837,
    "duration": 1,
    "pid": 2964,
    "index": 61
  },
  {
    "name": "Require(52) node_modules/egg-onerror/app.js",
    "start": 1604910145837,
    "end": 1604910145841,
    "duration": 4,
    "pid": 2964,
    "index": 62
  },
  {
    "name": "Require(53) node_modules/egg-i18n/app.js",
    "start": 1604910145842,
    "end": 1604910145852,
    "duration": 10,
    "pid": 2964,
    "index": 63
  },
  {
    "name": "Require(54) node_modules/egg-watcher/app.js",
    "start": 1604910145852,
    "end": 1604910145854,
    "duration": 2,
    "pid": 2964,
    "index": 64
  },
  {
    "name": "Require(55) node_modules/egg-schedule/app.js",
    "start": 1604910145854,
    "end": 1604910145855,
    "duration": 1,
    "pid": 2964,
    "index": 65
  },
  {
    "name": "Require(56) node_modules/egg-multipart/app.js",
    "start": 1604910145856,
    "end": 1604910145856,
    "duration": 0,
    "pid": 2964,
    "index": 66
  },
  {
    "name": "Require(57) node_modules/egg-development/app.js",
    "start": 1604910145856,
    "end": 1604910145856,
    "duration": 0,
    "pid": 2964,
    "index": 67
  },
  {
    "name": "Require(58) node_modules/egg-logrotator/app.js",
    "start": 1604910145857,
    "end": 1604910145857,
    "duration": 0,
    "pid": 2964,
    "index": 68
  },
  {
    "name": "Require(59) node_modules/egg-static/app.js",
    "start": 1604910145857,
    "end": 1604910145857,
    "duration": 0,
    "pid": 2964,
    "index": 69
  },
  {
    "name": "Require(60) node_modules/egg-cors/app.js",
    "start": 1604910145858,
    "end": 1604910145858,
    "duration": 0,
    "pid": 2964,
    "index": 70
  },
  {
    "name": "Require(61) node_modules/egg-sequelize/app.js",
    "start": 1604910145858,
    "end": 1604910145858,
    "duration": 0,
    "pid": 2964,
    "index": 71
  },
  {
    "name": "Require(62) node_modules/egg-valparams/app.js",
    "start": 1604910145858,
    "end": 1604910146006,
    "duration": 148,
    "pid": 2964,
    "index": 72
  },
  {
    "name": "Require(63) node_modules/egg-jwt/app.js",
    "start": 1604910146006,
    "end": 1604910146006,
    "duration": 0,
    "pid": 2964,
    "index": 73
  },
  {
    "name": "Require(64) node_modules/egg-redis/app.js",
    "start": 1604910146006,
    "end": 1604910146007,
    "duration": 1,
    "pid": 2964,
    "index": 74
  },
  {
    "name": "Require(65) node_modules/egg-socket.io/app.js",
    "start": 1604910146007,
    "end": 1604910146039,
    "duration": 32,
    "pid": 2964,
    "index": 75
  },
  {
    "name": "Require(66) node_modules/egg-view-nunjucks/app.js",
    "start": 1604910146039,
    "end": 1604910146040,
    "duration": 1,
    "pid": 2964,
    "index": 76
  },
  {
    "name": "Require(67) node_modules/egg-tenpay/app.js",
    "start": 1604910146040,
    "end": 1604910146062,
    "duration": 22,
    "pid": 2964,
    "index": 77
  },
  {
    "name": "Before Start in node_modules/egg-watcher/lib/init.js:15:14",
    "start": 1604910146070,
    "end": 1604910146421,
    "duration": 351,
    "pid": 2964,
    "index": 78
  },
  {
    "name": "Load \"Symbol(model)\" to Application",
    "start": 1604910146173,
    "end": 1604910146189,
    "duration": 16,
    "pid": 2964,
    "index": 79
  },
  {
    "name": "Before Start in node_modules/egg-sequelize/lib/loader.js:39:7",
    "start": 1604910146194,
    "end": 1604910146431,
    "duration": 237,
    "pid": 2964,
    "index": 80
  },
  {
    "name": "Before Start in node_modules/egg-redis/lib/redis.js:53:7",
    "start": 1604910146223,
    "end": 1604910146406,
    "duration": 183,
    "pid": 2964,
    "index": 81
  },
  {
    "name": "Load Controller",
    "start": 1604910146231,
    "end": 1604910146370,
    "duration": 139,
    "pid": 2964,
    "index": 82
  },
  {
    "name": "Load \"controller\" to Application",
    "start": 1604910146231,
    "end": 1604910146370,
    "duration": 139,
    "pid": 2964,
    "index": 83
  },
  {
    "name": "Before Start in node_modules/egg-socket.io/lib/io.js:26:7",
    "start": 1604910146238,
    "end": 1604910146398,
    "duration": 160,
    "pid": 2964,
    "index": 84
  },
  {
    "name": "Did Load in node_modules/egg-tenpay/app.js:didLoad",
    "start": 1604910146241,
    "end": 1604910146398,
    "duration": 157,
    "pid": 2964,
    "index": 85
  },
  {
    "name": "Load Service",
    "start": 1604910146241,
    "end": 1604910146310,
    "duration": 69,
    "pid": 2964,
    "index": 86
  },
  {
    "name": "Load \"service\" to Context",
    "start": 1604910146241,
    "end": 1604910146310,
    "duration": 69,
    "pid": 2964,
    "index": 87
  },
  {
    "name": "Load Middleware",
    "start": 1604910146310,
    "end": 1604910146370,
    "duration": 60,
    "pid": 2964,
    "index": 88
  },
  {
    "name": "Load \"middlewares\" to Application",
    "start": 1604910146310,
    "end": 1604910146361,
    "duration": 51,
    "pid": 2964,
    "index": 89
  },
  {
    "name": "Load Controller",
    "start": 1604910146370,
    "end": 1604910146382,
    "duration": 12,
    "pid": 2964,
    "index": 90
  },
  {
    "name": "Load \"controller\" to Application",
    "start": 1604910146370,
    "end": 1604910146382,
    "duration": 12,
    "pid": 2964,
    "index": 91
  },
  {
    "name": "Load Router",
    "start": 1604910146382,
    "end": 1604910146385,
    "duration": 3,
    "pid": 2964,
    "index": 92
  },
  {
    "name": "Require(68) app/router.js",
    "start": 1604910146383,
    "end": 1604910146383,
    "duration": 0,
    "pid": 2964,
    "index": 93
  },
  {
    "name": "Before Start in node_modules/egg-core/lib/egg.js:303:10",
    "start": 1604910146383,
    "end": 1604910146398,
    "duration": 15,
    "pid": 2964,
    "index": 94
  }
]