[
  {
    "name": "Process Start",
    "start": 1604910169639,
    "end": 1604910170395,
    "duration": 756,
    "pid": 24328,
    "index": 0
  },
  {
    "name": "Application Start",
    "start": 1604910170396,
    "end": 1604910171217,
    "duration": 821,
    "pid": 24328,
    "index": 1
  },
  {
    "name": "Load Plugin",
    "start": 1604910170399,
    "end": 1604910170413,
    "duration": 14,
    "pid": 24328,
    "index": 2
  },
  {
    "name": "Load Config",
    "start": 1604910170413,
    "end": 1604910170434,
    "duration": 21,
    "pid": 24328,
    "index": 3
  },
  {
    "name": "Require(0) config/config.default.js",
    "start": 1604910170413,
    "end": 1604910170414,
    "duration": 1,
    "pid": 24328,
    "index": 4
  },
  {
    "name": "Require(1) node_modules/egg-session/config/config.default.js",
    "start": 1604910170415,
    "end": 1604910170416,
    "duration": 1,
    "pid": 24328,
    "index": 5
  },
  {
    "name": "Require(2) node_modules/egg-security/config/config.default.js",
    "start": 1604910170416,
    "end": 1604910170416,
    "duration": 0,
    "pid": 24328,
    "index": 6
  },
  {
    "name": "Require(3) node_modules/egg-jsonp/config/config.default.js",
    "start": 1604910170417,
    "end": 1604910170418,
    "duration": 1,
    "pid": 24328,
    "index": 7
  },
  {
    "name": "Require(4) node_modules/egg-onerror/config/config.default.js",
    "start": 1604910170418,
    "end": 1604910170418,
    "duration": 0,
    "pid": 24328,
    "index": 8
  },
  {
    "name": "Require(5) node_modules/egg-i18n/config/config.default.js",
    "start": 1604910170418,
    "end": 1604910170419,
    "duration": 1,
    "pid": 24328,
    "index": 9
  },
  {
    "name": "Require(6) node_modules/egg-watcher/config/config.default.js",
    "start": 1604910170419,
    "end": 1604910170419,
    "duration": 0,
    "pid": 24328,
    "index": 10
  },
  {
    "name": "Require(7) node_modules/egg-schedule/config/config.default.js",
    "start": 1604910170420,
    "end": 1604910170420,
    "duration": 0,
    "pid": 24328,
    "index": 11
  },
  {
    "name": "Require(8) node_modules/egg-multipart/config/config.default.js",
    "start": 1604910170420,
    "end": 1604910170421,
    "duration": 1,
    "pid": 24328,
    "index": 12
  },
  {
    "name": "Require(9) node_modules/egg-development/config/config.default.js",
    "start": 1604910170421,
    "end": 1604910170422,
    "duration": 1,
    "pid": 24328,
    "index": 13
  },
  {
    "name": "Require(10) node_modules/egg-logrotator/config/config.default.js",
    "start": 1604910170422,
    "end": 1604910170422,
    "duration": 0,
    "pid": 24328,
    "index": 14
  },
  {
    "name": "Require(11) node_modules/egg-static/config/config.default.js",
    "start": 1604910170422,
    "end": 1604910170423,
    "duration": 1,
    "pid": 24328,
    "index": 15
  },
  {
    "name": "Require(12) node_modules/egg-view/config/config.default.js",
    "start": 1604910170423,
    "end": 1604910170423,
    "duration": 0,
    "pid": 24328,
    "index": 16
  },
  {
    "name": "Require(13) node_modules/egg-cors/config/config.default.js",
    "start": 1604910170424,
    "end": 1604910170424,
    "duration": 0,
    "pid": 24328,
    "index": 17
  },
  {
    "name": "Require(14) node_modules/egg-sequelize/config/config.default.js",
    "start": 1604910170424,
    "end": 1604910170425,
    "duration": 1,
    "pid": 24328,
    "index": 18
  },
  {
    "name": "Require(15) node_modules/egg-valparams/config/config.default.js",
    "start": 1604910170425,
    "end": 1604910170425,
    "duration": 0,
    "pid": 24328,
    "index": 19
  },
  {
    "name": "Require(16) node_modules/egg-jwt/config/config.default.js",
    "start": 1604910170425,
    "end": 1604910170426,
    "duration": 1,
    "pid": 24328,
    "index": 20
  },
  {
    "name": "Require(17) node_modules/egg-redis/config/config.default.js",
    "start": 1604910170426,
    "end": 1604910170426,
    "duration": 0,
    "pid": 24328,
    "index": 21
  },
  {
    "name": "Require(18) node_modules/egg-socket.io/config/config.default.js",
    "start": 1604910170427,
    "end": 1604910170427,
    "duration": 0,
    "pid": 24328,
    "index": 22
  },
  {
    "name": "Require(19) node_modules/egg-view-nunjucks/config/config.default.js",
    "start": 1604910170427,
    "end": 1604910170427,
    "duration": 0,
    "pid": 24328,
    "index": 23
  },
  {
    "name": "Require(20) node_modules/egg-tenpay/config/config.default.js",
    "start": 1604910170428,
    "end": 1604910170428,
    "duration": 0,
    "pid": 24328,
    "index": 24
  },
  {
    "name": "Require(21) node_modules/egg/config/config.default.js",
    "start": 1604910170428,
    "end": 1604910170429,
    "duration": 1,
    "pid": 24328,
    "index": 25
  },
  {
    "name": "Require(22) config/config.default.js",
    "start": 1604910170430,
    "end": 1604910170430,
    "duration": 0,
    "pid": 24328,
    "index": 26
  },
  {
    "name": "Require(23) node_modules/egg-security/config/config.local.js",
    "start": 1604910170430,
    "end": 1604910170430,
    "duration": 0,
    "pid": 24328,
    "index": 27
  },
  {
    "name": "Require(24) node_modules/egg-watcher/config/config.local.js",
    "start": 1604910170431,
    "end": 1604910170431,
    "duration": 0,
    "pid": 24328,
    "index": 28
  },
  {
    "name": "Require(25) node_modules/egg-view/config/config.local.js",
    "start": 1604910170432,
    "end": 1604910170432,
    "duration": 0,
    "pid": 24328,
    "index": 29
  },
  {
    "name": "Require(26) node_modules/egg-view-nunjucks/config/config.local.js",
    "start": 1604910170433,
    "end": 1604910170434,
    "duration": 1,
    "pid": 24328,
    "index": 30
  },
  {
    "name": "Require(27) node_modules/egg/config/config.local.js",
    "start": 1604910170434,
    "end": 1604910170434,
    "duration": 0,
    "pid": 24328,
    "index": 31
  },
  {
    "name": "Load extend/application.js",
    "start": 1604910170435,
    "end": 1604910170524,
    "duration": 89,
    "pid": 24328,
    "index": 32
  },
  {
    "name": "Require(28) node_modules/egg-session/app/extend/application.js",
    "start": 1604910170435,
    "end": 1604910170436,
    "duration": 1,
    "pid": 24328,
    "index": 33
  },
  {
    "name": "Require(29) node_modules/egg-security/app/extend/application.js",
    "start": 1604910170436,
    "end": 1604910170437,
    "duration": 1,
    "pid": 24328,
    "index": 34
  },
  {
    "name": "Require(30) node_modules/egg-jsonp/app/extend/application.js",
    "start": 1604910170437,
    "end": 1604910170438,
    "duration": 1,
    "pid": 24328,
    "index": 35
  },
  {
    "name": "Require(31) node_modules/egg-logrotator/app/extend/application.js",
    "start": 1604910170439,
    "end": 1604910170440,
    "duration": 1,
    "pid": 24328,
    "index": 36
  },
  {
    "name": "Require(32) node_modules/egg-view/app/extend/application.js",
    "start": 1604910170440,
    "end": 1604910170441,
    "duration": 1,
    "pid": 24328,
    "index": 37
  },
  {
    "name": "Require(33) node_modules/egg-jwt/app/extend/application.js",
    "start": 1604910170442,
    "end": 1604910170468,
    "duration": 26,
    "pid": 24328,
    "index": 38
  },
  {
    "name": "Require(34) node_modules/egg-socket.io/app/extend/application.js",
    "start": 1604910170468,
    "end": 1604910170502,
    "duration": 34,
    "pid": 24328,
    "index": 39
  },
  {
    "name": "Require(35) node_modules/egg-view-nunjucks/app/extend/application.js",
    "start": 1604910170502,
    "end": 1604910170521,
    "duration": 19,
    "pid": 24328,
    "index": 40
  },
  {
    "name": "Require(36) app/extend/application.js",
    "start": 1604910170521,
    "end": 1604910170522,
    "duration": 1,
    "pid": 24328,
    "index": 41
  },
  {
    "name": "Load extend/request.js",
    "start": 1604910170524,
    "end": 1604910170530,
    "duration": 6,
    "pid": 24328,
    "index": 42
  },
  {
    "name": "Require(37) node_modules/egg/app/extend/request.js",
    "start": 1604910170527,
    "end": 1604910170527,
    "duration": 0,
    "pid": 24328,
    "index": 43
  },
  {
    "name": "Load extend/response.js",
    "start": 1604910170530,
    "end": 1604910170537,
    "duration": 7,
    "pid": 24328,
    "index": 44
  },
  {
    "name": "Require(38) node_modules/egg/app/extend/response.js",
    "start": 1604910170533,
    "end": 1604910170534,
    "duration": 1,
    "pid": 24328,
    "index": 45
  },
  {
    "name": "Load extend/context.js",
    "start": 1604910170537,
    "end": 1604910170595,
    "duration": 58,
    "pid": 24328,
    "index": 46
  },
  {
    "name": "Require(39) node_modules/egg-security/app/extend/context.js",
    "start": 1604910170537,
    "end": 1604910170543,
    "duration": 6,
    "pid": 24328,
    "index": 47
  },
  {
    "name": "Require(40) node_modules/egg-jsonp/app/extend/context.js",
    "start": 1604910170543,
    "end": 1604910170544,
    "duration": 1,
    "pid": 24328,
    "index": 48
  },
  {
    "name": "Require(41) node_modules/egg-i18n/app/extend/context.js",
    "start": 1604910170544,
    "end": 1604910170545,
    "duration": 1,
    "pid": 24328,
    "index": 49
  },
  {
    "name": "Require(42) node_modules/egg-multipart/app/extend/context.js",
    "start": 1604910170545,
    "end": 1604910170573,
    "duration": 28,
    "pid": 24328,
    "index": 50
  },
  {
    "name": "Require(43) node_modules/egg-view/app/extend/context.js",
    "start": 1604910170573,
    "end": 1604910170574,
    "duration": 1,
    "pid": 24328,
    "index": 51
  },
  {
    "name": "Require(44) node_modules/egg-valparams/app/extend/context.js",
    "start": 1604910170575,
    "end": 1604910170590,
    "duration": 15,
    "pid": 24328,
    "index": 52
  },
  {
    "name": "Require(45) node_modules/egg/app/extend/context.js",
    "start": 1604910170591,
    "end": 1604910170591,
    "duration": 0,
    "pid": 24328,
    "index": 53
  },
  {
    "name": "Require(46) app/extend/context.js",
    "start": 1604910170592,
    "end": 1604910170592,
    "duration": 0,
    "pid": 24328,
    "index": 54
  },
  {
    "name": "Load extend/helper.js",
    "start": 1604910170595,
    "end": 1604910170612,
    "duration": 17,
    "pid": 24328,
    "index": 55
  },
  {
    "name": "Require(47) node_modules/egg-security/app/extend/helper.js",
    "start": 1604910170596,
    "end": 1604910170606,
    "duration": 10,
    "pid": 24328,
    "index": 56
  },
  {
    "name": "Require(48) node_modules/egg/app/extend/helper.js",
    "start": 1604910170608,
    "end": 1604910170608,
    "duration": 0,
    "pid": 24328,
    "index": 57
  },
  {
    "name": "Require(49) app/extend/helper.js",
    "start": 1604910170609,
    "end": 1604910170609,
    "duration": 0,
    "pid": 24328,
    "index": 58
  },
  {
    "name": "Load app.js",
    "start": 1604910170612,
    "end": 1604910170838,
    "duration": 226,
    "pid": 24328,
    "index": 59
  },
  {
    "name": "Require(50) node_modules/egg-session/app.js",
    "start": 1604910170613,
    "end": 1604910170613,
    "duration": 0,
    "pid": 24328,
    "index": 60
  },
  {
    "name": "Require(51) node_modules/egg-security/app.js",
    "start": 1604910170613,
    "end": 1604910170614,
    "duration": 1,
    "pid": 24328,
    "index": 61
  },
  {
    "name": "Require(52) node_modules/egg-onerror/app.js",
    "start": 1604910170615,
    "end": 1604910170619,
    "duration": 4,
    "pid": 24328,
    "index": 62
  },
  {
    "name": "Require(53) node_modules/egg-i18n/app.js",
    "start": 1604910170619,
    "end": 1604910170630,
    "duration": 11,
    "pid": 24328,
    "index": 63
  },
  {
    "name": "Require(54) node_modules/egg-watcher/app.js",
    "start": 1604910170630,
    "end": 1604910170632,
    "duration": 2,
    "pid": 24328,
    "index": 64
  },
  {
    "name": "Require(55) node_modules/egg-schedule/app.js",
    "start": 1604910170632,
    "end": 1604910170633,
    "duration": 1,
    "pid": 24328,
    "index": 65
  },
  {
    "name": "Require(56) node_modules/egg-multipart/app.js",
    "start": 1604910170633,
    "end": 1604910170633,
    "duration": 0,
    "pid": 24328,
    "index": 66
  },
  {
    "name": "Require(57) node_modules/egg-development/app.js",
    "start": 1604910170633,
    "end": 1604910170634,
    "duration": 1,
    "pid": 24328,
    "index": 67
  },
  {
    "name": "Require(58) node_modules/egg-logrotator/app.js",
    "start": 1604910170634,
    "end": 1604910170634,
    "duration": 0,
    "pid": 24328,
    "index": 68
  },
  {
    "name": "Require(59) node_modules/egg-static/app.js",
    "start": 1604910170634,
    "end": 1604910170634,
    "duration": 0,
    "pid": 24328,
    "index": 69
  },
  {
    "name": "Require(60) node_modules/egg-cors/app.js",
    "start": 1604910170635,
    "end": 1604910170635,
    "duration": 0,
    "pid": 24328,
    "index": 70
  },
  {
    "name": "Require(61) node_modules/egg-sequelize/app.js",
    "start": 1604910170635,
    "end": 1604910170635,
    "duration": 0,
    "pid": 24328,
    "index": 71
  },
  {
    "name": "Require(62) node_modules/egg-valparams/app.js",
    "start": 1604910170635,
    "end": 1604910170780,
    "duration": 145,
    "pid": 24328,
    "index": 72
  },
  {
    "name": "Require(63) node_modules/egg-jwt/app.js",
    "start": 1604910170780,
    "end": 1604910170780,
    "duration": 0,
    "pid": 24328,
    "index": 73
  },
  {
    "name": "Require(64) node_modules/egg-redis/app.js",
    "start": 1604910170781,
    "end": 1604910170781,
    "duration": 0,
    "pid": 24328,
    "index": 74
  },
  {
    "name": "Require(65) node_modules/egg-socket.io/app.js",
    "start": 1604910170782,
    "end": 1604910170814,
    "duration": 32,
    "pid": 24328,
    "index": 75
  },
  {
    "name": "Require(66) node_modules/egg-view-nunjucks/app.js",
    "start": 1604910170814,
    "end": 1604910170815,
    "duration": 1,
    "pid": 24328,
    "index": 76
  },
  {
    "name": "Require(67) node_modules/egg-tenpay/app.js",
    "start": 1604910170815,
    "end": 1604910170837,
    "duration": 22,
    "pid": 24328,
    "index": 77
  },
  {
    "name": "Before Start in node_modules/egg-watcher/lib/init.js:15:14",
    "start": 1604910170846,
    "end": 1604910171206,
    "duration": 360,
    "pid": 24328,
    "index": 78
  },
  {
    "name": "Load \"Symbol(model)\" to Application",
    "start": 1604910170952,
    "end": 1604910170970,
    "duration": 18,
    "pid": 24328,
    "index": 79
  },
  {
    "name": "Before Start in node_modules/egg-sequelize/lib/loader.js:39:7",
    "start": 1604910170975,
    "end": 1604910171216,
    "duration": 241,
    "pid": 24328,
    "index": 80
  },
  {
    "name": "Before Start in node_modules/egg-redis/lib/redis.js:53:7",
    "start": 1604910171007,
    "end": 1604910171191,
    "duration": 184,
    "pid": 24328,
    "index": 81
  },
  {
    "name": "Load Controller",
    "start": 1604910171017,
    "end": 1604910171158,
    "duration": 141,
    "pid": 24328,
    "index": 82
  },
  {
    "name": "Load \"controller\" to Application",
    "start": 1604910171017,
    "end": 1604910171158,
    "duration": 141,
    "pid": 24328,
    "index": 83
  },
  {
    "name": "Before Start in node_modules/egg-socket.io/lib/io.js:26:7",
    "start": 1604910171023,
    "end": 1604910171184,
    "duration": 161,
    "pid": 24328,
    "index": 84
  },
  {
    "name": "Did Load in node_modules/egg-tenpay/app.js:didLoad",
    "start": 1604910171026,
    "end": 1604910171184,
    "duration": 158,
    "pid": 24328,
    "index": 85
  },
  {
    "name": "Load Service",
    "start": 1604910171026,
    "end": 1604910171098,
    "duration": 72,
    "pid": 24328,
    "index": 86
  },
  {
    "name": "Load \"service\" to Context",
    "start": 1604910171026,
    "end": 1604910171098,
    "duration": 72,
    "pid": 24328,
    "index": 87
  },
  {
    "name": "Load Middleware",
    "start": 1604910171098,
    "end": 1604910171158,
    "duration": 60,
    "pid": 24328,
    "index": 88
  },
  {
    "name": "Load \"middlewares\" to Application",
    "start": 1604910171098,
    "end": 1604910171148,
    "duration": 50,
    "pid": 24328,
    "index": 89
  },
  {
    "name": "Load Controller",
    "start": 1604910171158,
    "end": 1604910171170,
    "duration": 12,
    "pid": 24328,
    "index": 90
  },
  {
    "name": "Load \"controller\" to Application",
    "start": 1604910171158,
    "end": 1604910171170,
    "duration": 12,
    "pid": 24328,
    "index": 91
  },
  {
    "name": "Load Router",
    "start": 1604910171170,
    "end": 1604910171172,
    "duration": 2,
    "pid": 24328,
    "index": 92
  },
  {
    "name": "Require(68) app/router.js",
    "start": 1604910171170,
    "end": 1604910171170,
    "duration": 0,
    "pid": 24328,
    "index": 93
  },
  {
    "name": "Before Start in node_modules/egg-core/lib/egg.js:303:10",
    "start": 1604910171171,
    "end": 1604910171184,
    "duration": 13,
    "pid": 24328,
    "index": 94
  }
]