[
  {
    "name": "Process Start",
    "start": 1604910242623,
    "end": 1604910243303,
    "duration": 680,
    "pid": 20596,
    "index": 0
  },
  {
    "name": "Application Start",
    "start": 1604910243304,
    "end": 1604910244233,
    "duration": 929,
    "pid": 20596,
    "index": 1
  },
  {
    "name": "Load Plugin",
    "start": 1604910243307,
    "end": 1604910243320,
    "duration": 13,
    "pid": 20596,
    "index": 2
  },
  {
    "name": "Load Config",
    "start": 1604910243320,
    "end": 1604910243344,
    "duration": 24,
    "pid": 20596,
    "index": 3
  },
  {
    "name": "Require(0) config/config.default.js",
    "start": 1604910243321,
    "end": 1604910243321,
    "duration": 0,
    "pid": 20596,
    "index": 4
  },
  {
    "name": "Require(1) node_modules/egg-session/config/config.default.js",
    "start": 1604910243322,
    "end": 1604910243323,
    "duration": 1,
    "pid": 20596,
    "index": 5
  },
  {
    "name": "Require(2) node_modules/egg-security/config/config.default.js",
    "start": 1604910243323,
    "end": 1604910243324,
    "duration": 1,
    "pid": 20596,
    "index": 6
  },
  {
    "name": "Require(3) node_modules/egg-jsonp/config/config.default.js",
    "start": 1604910243324,
    "end": 1604910243325,
    "duration": 1,
    "pid": 20596,
    "index": 7
  },
  {
    "name": "Require(4) node_modules/egg-onerror/config/config.default.js",
    "start": 1604910243326,
    "end": 1604910243326,
    "duration": 0,
    "pid": 20596,
    "index": 8
  },
  {
    "name": "Require(5) node_modules/egg-i18n/config/config.default.js",
    "start": 1604910243326,
    "end": 1604910243327,
    "duration": 1,
    "pid": 20596,
    "index": 9
  },
  {
    "name": "Require(6) node_modules/egg-watcher/config/config.default.js",
    "start": 1604910243327,
    "end": 1604910243328,
    "duration": 1,
    "pid": 20596,
    "index": 10
  },
  {
    "name": "Require(7) node_modules/egg-schedule/config/config.default.js",
    "start": 1604910243328,
    "end": 1604910243328,
    "duration": 0,
    "pid": 20596,
    "index": 11
  },
  {
    "name": "Require(8) node_modules/egg-multipart/config/config.default.js",
    "start": 1604910243329,
    "end": 1604910243329,
    "duration": 0,
    "pid": 20596,
    "index": 12
  },
  {
    "name": "Require(9) node_modules/egg-development/config/config.default.js",
    "start": 1604910243330,
    "end": 1604910243330,
    "duration": 0,
    "pid": 20596,
    "index": 13
  },
  {
    "name": "Require(10) node_modules/egg-logrotator/config/config.default.js",
    "start": 1604910243330,
    "end": 1604910243331,
    "duration": 1,
    "pid": 20596,
    "index": 14
  },
  {
    "name": "Require(11) node_modules/egg-static/config/config.default.js",
    "start": 1604910243331,
    "end": 1604910243331,
    "duration": 0,
    "pid": 20596,
    "index": 15
  },
  {
    "name": "Require(12) node_modules/egg-view/config/config.default.js",
    "start": 1604910243332,
    "end": 1604910243332,
    "duration": 0,
    "pid": 20596,
    "index": 16
  },
  {
    "name": "Require(13) node_modules/egg-cors/config/config.default.js",
    "start": 1604910243332,
    "end": 1604910243333,
    "duration": 1,
    "pid": 20596,
    "index": 17
  },
  {
    "name": "Require(14) node_modules/egg-sequelize/config/config.default.js",
    "start": 1604910243333,
    "end": 1604910243333,
    "duration": 0,
    "pid": 20596,
    "index": 18
  },
  {
    "name": "Require(15) node_modules/egg-valparams/config/config.default.js",
    "start": 1604910243334,
    "end": 1604910243334,
    "duration": 0,
    "pid": 20596,
    "index": 19
  },
  {
    "name": "Require(16) node_modules/egg-jwt/config/config.default.js",
    "start": 1604910243335,
    "end": 1604910243335,
    "duration": 0,
    "pid": 20596,
    "index": 20
  },
  {
    "name": "Require(17) node_modules/egg-redis/config/config.default.js",
    "start": 1604910243335,
    "end": 1604910243335,
    "duration": 0,
    "pid": 20596,
    "index": 21
  },
  {
    "name": "Require(18) node_modules/egg-socket.io/config/config.default.js",
    "start": 1604910243336,
    "end": 1604910243336,
    "duration": 0,
    "pid": 20596,
    "index": 22
  },
  {
    "name": "Require(19) node_modules/egg-view-nunjucks/config/config.default.js",
    "start": 1604910243336,
    "end": 1604910243337,
    "duration": 1,
    "pid": 20596,
    "index": 23
  },
  {
    "name": "Require(20) node_modules/egg-tenpay/config/config.default.js",
    "start": 1604910243337,
    "end": 1604910243337,
    "duration": 0,
    "pid": 20596,
    "index": 24
  },
  {
    "name": "Require(21) node_modules/egg/config/config.default.js",
    "start": 1604910243338,
    "end": 1604910243338,
    "duration": 0,
    "pid": 20596,
    "index": 25
  },
  {
    "name": "Require(22) config/config.default.js",
    "start": 1604910243339,
    "end": 1604910243339,
    "duration": 0,
    "pid": 20596,
    "index": 26
  },
  {
    "name": "Require(23) node_modules/egg-security/config/config.local.js",
    "start": 1604910243340,
    "end": 1604910243340,
    "duration": 0,
    "pid": 20596,
    "index": 27
  },
  {
    "name": "Require(24) node_modules/egg-watcher/config/config.local.js",
    "start": 1604910243341,
    "end": 1604910243341,
    "duration": 0,
    "pid": 20596,
    "index": 28
  },
  {
    "name": "Require(25) node_modules/egg-view/config/config.local.js",
    "start": 1604910243342,
    "end": 1604910243342,
    "duration": 0,
    "pid": 20596,
    "index": 29
  },
  {
    "name": "Require(26) node_modules/egg-view-nunjucks/config/config.local.js",
    "start": 1604910243343,
    "end": 1604910243344,
    "duration": 1,
    "pid": 20596,
    "index": 30
  },
  {
    "name": "Require(27) node_modules/egg/config/config.local.js",
    "start": 1604910243344,
    "end": 1604910243344,
    "duration": 0,
    "pid": 20596,
    "index": 31
  },
  {
    "name": "Load extend/application.js",
    "start": 1604910243345,
    "end": 1604910243453,
    "duration": 108,
    "pid": 20596,
    "index": 32
  },
  {
    "name": "Require(28) node_modules/egg-session/app/extend/application.js",
    "start": 1604910243346,
    "end": 1604910243346,
    "duration": 0,
    "pid": 20596,
    "index": 33
  },
  {
    "name": "Require(29) node_modules/egg-security/app/extend/application.js",
    "start": 1604910243347,
    "end": 1604910243347,
    "duration": 0,
    "pid": 20596,
    "index": 34
  },
  {
    "name": "Require(30) node_modules/egg-jsonp/app/extend/application.js",
    "start": 1604910243348,
    "end": 1604910243349,
    "duration": 1,
    "pid": 20596,
    "index": 35
  },
  {
    "name": "Require(31) node_modules/egg-logrotator/app/extend/application.js",
    "start": 1604910243350,
    "end": 1604910243351,
    "duration": 1,
    "pid": 20596,
    "index": 36
  },
  {
    "name": "Require(32) node_modules/egg-view/app/extend/application.js",
    "start": 1604910243352,
    "end": 1604910243353,
    "duration": 1,
    "pid": 20596,
    "index": 37
  },
  {
    "name": "Require(33) node_modules/egg-jwt/app/extend/application.js",
    "start": 1604910243355,
    "end": 1604910243385,
    "duration": 30,
    "pid": 20596,
    "index": 38
  },
  {
    "name": "Require(34) node_modules/egg-socket.io/app/extend/application.js",
    "start": 1604910243386,
    "end": 1604910243427,
    "duration": 41,
    "pid": 20596,
    "index": 39
  },
  {
    "name": "Require(35) node_modules/egg-view-nunjucks/app/extend/application.js",
    "start": 1604910243428,
    "end": 1604910243449,
    "duration": 21,
    "pid": 20596,
    "index": 40
  },
  {
    "name": "Require(36) app/extend/application.js",
    "start": 1604910243450,
    "end": 1604910243450,
    "duration": 0,
    "pid": 20596,
    "index": 41
  },
  {
    "name": "Load extend/request.js",
    "start": 1604910243453,
    "end": 1604910243459,
    "duration": 6,
    "pid": 20596,
    "index": 42
  },
  {
    "name": "Require(37) node_modules/egg/app/extend/request.js",
    "start": 1604910243456,
    "end": 1604910243457,
    "duration": 1,
    "pid": 20596,
    "index": 43
  },
  {
    "name": "Load extend/response.js",
    "start": 1604910243459,
    "end": 1604910243466,
    "duration": 7,
    "pid": 20596,
    "index": 44
  },
  {
    "name": "Require(38) node_modules/egg/app/extend/response.js",
    "start": 1604910243462,
    "end": 1604910243463,
    "duration": 1,
    "pid": 20596,
    "index": 45
  },
  {
    "name": "Load extend/context.js",
    "start": 1604910243466,
    "end": 1604910243531,
    "duration": 65,
    "pid": 20596,
    "index": 46
  },
  {
    "name": "Require(39) node_modules/egg-security/app/extend/context.js",
    "start": 1604910243467,
    "end": 1604910243474,
    "duration": 7,
    "pid": 20596,
    "index": 47
  },
  {
    "name": "Require(40) node_modules/egg-jsonp/app/extend/context.js",
    "start": 1604910243475,
    "end": 1604910243476,
    "duration": 1,
    "pid": 20596,
    "index": 48
  },
  {
    "name": "Require(41) node_modules/egg-i18n/app/extend/context.js",
    "start": 1604910243476,
    "end": 1604910243476,
    "duration": 0,
    "pid": 20596,
    "index": 49
  },
  {
    "name": "Require(42) node_modules/egg-multipart/app/extend/context.js",
    "start": 1604910243477,
    "end": 1604910243506,
    "duration": 29,
    "pid": 20596,
    "index": 50
  },
  {
    "name": "Require(43) node_modules/egg-view/app/extend/context.js",
    "start": 1604910243507,
    "end": 1604910243507,
    "duration": 0,
    "pid": 20596,
    "index": 51
  },
  {
    "name": "Require(44) node_modules/egg-valparams/app/extend/context.js",
    "start": 1604910243508,
    "end": 1604910243525,
    "duration": 17,
    "pid": 20596,
    "index": 52
  },
  {
    "name": "Require(45) node_modules/egg/app/extend/context.js",
    "start": 1604910243526,
    "end": 1604910243526,
    "duration": 0,
    "pid": 20596,
    "index": 53
  },
  {
    "name": "Require(46) app/extend/context.js",
    "start": 1604910243527,
    "end": 1604910243527,
    "duration": 0,
    "pid": 20596,
    "index": 54
  },
  {
    "name": "Load extend/helper.js",
    "start": 1604910243531,
    "end": 1604910243549,
    "duration": 18,
    "pid": 20596,
    "index": 55
  },
  {
    "name": "Require(47) node_modules/egg-security/app/extend/helper.js",
    "start": 1604910243532,
    "end": 1604910243543,
    "duration": 11,
    "pid": 20596,
    "index": 56
  },
  {
    "name": "Require(48) node_modules/egg/app/extend/helper.js",
    "start": 1604910243546,
    "end": 1604910243546,
    "duration": 0,
    "pid": 20596,
    "index": 57
  },
  {
    "name": "Require(49) app/extend/helper.js",
    "start": 1604910243546,
    "end": 1604910243547,
    "duration": 1,
    "pid": 20596,
    "index": 58
  },
  {
    "name": "Load app.js",
    "start": 1604910243549,
    "end": 1604910243799,
    "duration": 250,
    "pid": 20596,
    "index": 59
  },
  {
    "name": "Require(50) node_modules/egg-session/app.js",
    "start": 1604910243550,
    "end": 1604910243550,
    "duration": 0,
    "pid": 20596,
    "index": 60
  },
  {
    "name": "Require(51) node_modules/egg-security/app.js",
    "start": 1604910243550,
    "end": 1604910243551,
    "duration": 1,
    "pid": 20596,
    "index": 61
  },
  {
    "name": "Require(52) node_modules/egg-onerror/app.js",
    "start": 1604910243551,
    "end": 1604910243556,
    "duration": 5,
    "pid": 20596,
    "index": 62
  },
  {
    "name": "Require(53) node_modules/egg-i18n/app.js",
    "start": 1604910243557,
    "end": 1604910243567,
    "duration": 10,
    "pid": 20596,
    "index": 63
  },
  {
    "name": "Require(54) node_modules/egg-watcher/app.js",
    "start": 1604910243568,
    "end": 1604910243570,
    "duration": 2,
    "pid": 20596,
    "index": 64
  },
  {
    "name": "Require(55) node_modules/egg-schedule/app.js",
    "start": 1604910243570,
    "end": 1604910243571,
    "duration": 1,
    "pid": 20596,
    "index": 65
  },
  {
    "name": "Require(56) node_modules/egg-multipart/app.js",
    "start": 1604910243571,
    "end": 1604910243571,
    "duration": 0,
    "pid": 20596,
    "index": 66
  },
  {
    "name": "Require(57) node_modules/egg-development/app.js",
    "start": 1604910243572,
    "end": 1604910243572,
    "duration": 0,
    "pid": 20596,
    "index": 67
  },
  {
    "name": "Require(58) node_modules/egg-logrotator/app.js",
    "start": 1604910243572,
    "end": 1604910243572,
    "duration": 0,
    "pid": 20596,
    "index": 68
  },
  {
    "name": "Require(59) node_modules/egg-static/app.js",
    "start": 1604910243572,
    "end": 1604910243573,
    "duration": 1,
    "pid": 20596,
    "index": 69
  },
  {
    "name": "Require(60) node_modules/egg-cors/app.js",
    "start": 1604910243573,
    "end": 1604910243573,
    "duration": 0,
    "pid": 20596,
    "index": 70
  },
  {
    "name": "Require(61) node_modules/egg-sequelize/app.js",
    "start": 1604910243573,
    "end": 1604910243574,
    "duration": 1,
    "pid": 20596,
    "index": 71
  },
  {
    "name": "Require(62) node_modules/egg-valparams/app.js",
    "start": 1604910243574,
    "end": 1604910243719,
    "duration": 145,
    "pid": 20596,
    "index": 72
  },
  {
    "name": "Require(63) node_modules/egg-jwt/app.js",
    "start": 1604910243719,
    "end": 1604910243719,
    "duration": 0,
    "pid": 20596,
    "index": 73
  },
  {
    "name": "Require(64) node_modules/egg-redis/app.js",
    "start": 1604910243720,
    "end": 1604910243720,
    "duration": 0,
    "pid": 20596,
    "index": 74
  },
  {
    "name": "Require(65) node_modules/egg-socket.io/app.js",
    "start": 1604910243721,
    "end": 1604910243762,
    "duration": 41,
    "pid": 20596,
    "index": 75
  },
  {
    "name": "Require(66) node_modules/egg-view-nunjucks/app.js",
    "start": 1604910243762,
    "end": 1604910243763,
    "duration": 1,
    "pid": 20596,
    "index": 76
  },
  {
    "name": "Require(67) node_modules/egg-tenpay/app.js",
    "start": 1604910243763,
    "end": 1604910243797,
    "duration": 34,
    "pid": 20596,
    "index": 77
  },
  {
    "name": "Before Start in node_modules/egg-watcher/lib/init.js:15:14",
    "start": 1604910243809,
    "end": 1604910244217,
    "duration": 408,
    "pid": 20596,
    "index": 78
  },
  {
    "name": "Load \"Symbol(model)\" to Application",
    "start": 1604910243933,
    "end": 1604910243953,
    "duration": 20,
    "pid": 20596,
    "index": 79
  },
  {
    "name": "Before Start in node_modules/egg-sequelize/lib/loader.js:39:7",
    "start": 1604910243958,
    "end": 1604910244233,
    "duration": 275,
    "pid": 20596,
    "index": 80
  },
  {
    "name": "Before Start in node_modules/egg-redis/lib/redis.js:53:7",
    "start": 1604910243991,
    "end": 1604910244196,
    "duration": 205,
    "pid": 20596,
    "index": 81
  },
  {
    "name": "Load Controller",
    "start": 1604910244000,
    "end": 1604910244158,
    "duration": 158,
    "pid": 20596,
    "index": 82
  },
  {
    "name": "Load \"controller\" to Application",
    "start": 1604910244000,
    "end": 1604910244158,
    "duration": 158,
    "pid": 20596,
    "index": 83
  },
  {
    "name": "Before Start in node_modules/egg-socket.io/lib/io.js:26:7",
    "start": 1604910244007,
    "end": 1604910244188,
    "duration": 181,
    "pid": 20596,
    "index": 84
  },
  {
    "name": "Did Load in node_modules/egg-tenpay/app.js:didLoad",
    "start": 1604910244009,
    "end": 1604910244189,
    "duration": 180,
    "pid": 20596,
    "index": 85
  },
  {
    "name": "Load Service",
    "start": 1604910244009,
    "end": 1604910244091,
    "duration": 82,
    "pid": 20596,
    "index": 86
  },
  {
    "name": "Load \"service\" to Context",
    "start": 1604910244009,
    "end": 1604910244091,
    "duration": 82,
    "pid": 20596,
    "index": 87
  },
  {
    "name": "Load Middleware",
    "start": 1604910244091,
    "end": 1604910244158,
    "duration": 67,
    "pid": 20596,
    "index": 88
  },
  {
    "name": "Load \"middlewares\" to Application",
    "start": 1604910244091,
    "end": 1604910244147,
    "duration": 56,
    "pid": 20596,
    "index": 89
  },
  {
    "name": "Load Controller",
    "start": 1604910244158,
    "end": 1604910244171,
    "duration": 13,
    "pid": 20596,
    "index": 90
  },
  {
    "name": "Load \"controller\" to Application",
    "start": 1604910244158,
    "end": 1604910244171,
    "duration": 13,
    "pid": 20596,
    "index": 91
  },
  {
    "name": "Load Router",
    "start": 1604910244171,
    "end": 1604910244174,
    "duration": 3,
    "pid": 20596,
    "index": 92
  },
  {
    "name": "Require(68) app/router.js",
    "start": 1604910244172,
    "end": 1604910244172,
    "duration": 0,
    "pid": 20596,
    "index": 93
  },
  {
    "name": "Before Start in node_modules/egg-core/lib/egg.js:303:10",
    "start": 1604910244172,
    "end": 1604910244188,
    "duration": 16,
    "pid": 20596,
    "index": 94
  }
]