[
  {
    "name": "Process Start",
    "start": 1604911275268,
    "end": 1604911275979,
    "duration": 711,
    "pid": 10856,
    "index": 0
  },
  {
    "name": "Application Start",
    "start": 1604911275979,
    "end": 1604911276856,
    "duration": 877,
    "pid": 10856,
    "index": 1
  },
  {
    "name": "Load Plugin",
    "start": 1604911275983,
    "end": 1604911275996,
    "duration": 13,
    "pid": 10856,
    "index": 2
  },
  {
    "name": "Load Config",
    "start": 1604911275996,
    "end": 1604911276018,
    "duration": 22,
    "pid": 10856,
    "index": 3
  },
  {
    "name": "Require(0) config/config.default.js",
    "start": 1604911275997,
    "end": 1604911275997,
    "duration": 0,
    "pid": 10856,
    "index": 4
  },
  {
    "name": "Require(1) node_modules/egg-session/config/config.default.js",
    "start": 1604911275999,
    "end": 1604911275999,
    "duration": 0,
    "pid": 10856,
    "index": 5
  },
  {
    "name": "Require(2) node_modules/egg-security/config/config.default.js",
    "start": 1604911275999,
    "end": 1604911276000,
    "duration": 1,
    "pid": 10856,
    "index": 6
  },
  {
    "name": "Require(3) node_modules/egg-jsonp/config/config.default.js",
    "start": 1604911276000,
    "end": 1604911276001,
    "duration": 1,
    "pid": 10856,
    "index": 7
  },
  {
    "name": "Require(4) node_modules/egg-onerror/config/config.default.js",
    "start": 1604911276001,
    "end": 1604911276001,
    "duration": 0,
    "pid": 10856,
    "index": 8
  },
  {
    "name": "Require(5) node_modules/egg-i18n/config/config.default.js",
    "start": 1604911276002,
    "end": 1604911276002,
    "duration": 0,
    "pid": 10856,
    "index": 9
  },
  {
    "name": "Require(6) node_modules/egg-watcher/config/config.default.js",
    "start": 1604911276002,
    "end": 1604911276002,
    "duration": 0,
    "pid": 10856,
    "index": 10
  },
  {
    "name": "Require(7) node_modules/egg-schedule/config/config.default.js",
    "start": 1604911276003,
    "end": 1604911276003,
    "duration": 0,
    "pid": 10856,
    "index": 11
  },
  {
    "name": "Require(8) node_modules/egg-multipart/config/config.default.js",
    "start": 1604911276003,
    "end": 1604911276004,
    "duration": 1,
    "pid": 10856,
    "index": 12
  },
  {
    "name": "Require(9) node_modules/egg-development/config/config.default.js",
    "start": 1604911276004,
    "end": 1604911276005,
    "duration": 1,
    "pid": 10856,
    "index": 13
  },
  {
    "name": "Require(10) node_modules/egg-logrotator/config/config.default.js",
    "start": 1604911276005,
    "end": 1604911276005,
    "duration": 0,
    "pid": 10856,
    "index": 14
  },
  {
    "name": "Require(11) node_modules/egg-static/config/config.default.js",
    "start": 1604911276006,
    "end": 1604911276006,
    "duration": 0,
    "pid": 10856,
    "index": 15
  },
  {
    "name": "Require(12) node_modules/egg-view/config/config.default.js",
    "start": 1604911276006,
    "end": 1604911276007,
    "duration": 1,
    "pid": 10856,
    "index": 16
  },
  {
    "name": "Require(13) node_modules/egg-cors/config/config.default.js",
    "start": 1604911276007,
    "end": 1604911276007,
    "duration": 0,
    "pid": 10856,
    "index": 17
  },
  {
    "name": "Require(14) node_modules/egg-sequelize/config/config.default.js",
    "start": 1604911276007,
    "end": 1604911276008,
    "duration": 1,
    "pid": 10856,
    "index": 18
  },
  {
    "name": "Require(15) node_modules/egg-valparams/config/config.default.js",
    "start": 1604911276008,
    "end": 1604911276008,
    "duration": 0,
    "pid": 10856,
    "index": 19
  },
  {
    "name": "Require(16) node_modules/egg-jwt/config/config.default.js",
    "start": 1604911276009,
    "end": 1604911276009,
    "duration": 0,
    "pid": 10856,
    "index": 20
  },
  {
    "name": "Require(17) node_modules/egg-redis/config/config.default.js",
    "start": 1604911276009,
    "end": 1604911276009,
    "duration": 0,
    "pid": 10856,
    "index": 21
  },
  {
    "name": "Require(18) node_modules/egg-socket.io/config/config.default.js",
    "start": 1604911276010,
    "end": 1604911276010,
    "duration": 0,
    "pid": 10856,
    "index": 22
  },
  {
    "name": "Require(19) node_modules/egg-view-nunjucks/config/config.default.js",
    "start": 1604911276010,
    "end": 1604911276011,
    "duration": 1,
    "pid": 10856,
    "index": 23
  },
  {
    "name": "Require(20) node_modules/egg-tenpay/config/config.default.js",
    "start": 1604911276011,
    "end": 1604911276011,
    "duration": 0,
    "pid": 10856,
    "index": 24
  },
  {
    "name": "Require(21) node_modules/egg/config/config.default.js",
    "start": 1604911276012,
    "end": 1604911276012,
    "duration": 0,
    "pid": 10856,
    "index": 25
  },
  {
    "name": "Require(22) config/config.default.js",
    "start": 1604911276013,
    "end": 1604911276013,
    "duration": 0,
    "pid": 10856,
    "index": 26
  },
  {
    "name": "Require(23) node_modules/egg-security/config/config.local.js",
    "start": 1604911276014,
    "end": 1604911276014,
    "duration": 0,
    "pid": 10856,
    "index": 27
  },
  {
    "name": "Require(24) node_modules/egg-watcher/config/config.local.js",
    "start": 1604911276015,
    "end": 1604911276015,
    "duration": 0,
    "pid": 10856,
    "index": 28
  },
  {
    "name": "Require(25) node_modules/egg-view/config/config.local.js",
    "start": 1604911276016,
    "end": 1604911276016,
    "duration": 0,
    "pid": 10856,
    "index": 29
  },
  {
    "name": "Require(26) node_modules/egg-view-nunjucks/config/config.local.js",
    "start": 1604911276017,
    "end": 1604911276017,
    "duration": 0,
    "pid": 10856,
    "index": 30
  },
  {
    "name": "Require(27) node_modules/egg/config/config.local.js",
    "start": 1604911276017,
    "end": 1604911276017,
    "duration": 0,
    "pid": 10856,
    "index": 31
  },
  {
    "name": "Load extend/application.js",
    "start": 1604911276018,
    "end": 1604911276108,
    "duration": 90,
    "pid": 10856,
    "index": 32
  },
  {
    "name": "Require(28) node_modules/egg-session/app/extend/application.js",
    "start": 1604911276019,
    "end": 1604911276019,
    "duration": 0,
    "pid": 10856,
    "index": 33
  },
  {
    "name": "Require(29) node_modules/egg-security/app/extend/application.js",
    "start": 1604911276019,
    "end": 1604911276020,
    "duration": 1,
    "pid": 10856,
    "index": 34
  },
  {
    "name": "Require(30) node_modules/egg-jsonp/app/extend/application.js",
    "start": 1604911276020,
    "end": 1604911276021,
    "duration": 1,
    "pid": 10856,
    "index": 35
  },
  {
    "name": "Require(31) node_modules/egg-logrotator/app/extend/application.js",
    "start": 1604911276022,
    "end": 1604911276023,
    "duration": 1,
    "pid": 10856,
    "index": 36
  },
  {
    "name": "Require(32) node_modules/egg-view/app/extend/application.js",
    "start": 1604911276023,
    "end": 1604911276024,
    "duration": 1,
    "pid": 10856,
    "index": 37
  },
  {
    "name": "Require(33) node_modules/egg-jwt/app/extend/application.js",
    "start": 1604911276025,
    "end": 1604911276049,
    "duration": 24,
    "pid": 10856,
    "index": 38
  },
  {
    "name": "Require(34) node_modules/egg-socket.io/app/extend/application.js",
    "start": 1604911276049,
    "end": 1604911276085,
    "duration": 36,
    "pid": 10856,
    "index": 39
  },
  {
    "name": "Require(35) node_modules/egg-view-nunjucks/app/extend/application.js",
    "start": 1604911276085,
    "end": 1604911276105,
    "duration": 20,
    "pid": 10856,
    "index": 40
  },
  {
    "name": "Require(36) app/extend/application.js",
    "start": 1604911276105,
    "end": 1604911276105,
    "duration": 0,
    "pid": 10856,
    "index": 41
  },
  {
    "name": "Load extend/request.js",
    "start": 1604911276108,
    "end": 1604911276115,
    "duration": 7,
    "pid": 10856,
    "index": 42
  },
  {
    "name": "Require(37) node_modules/egg/app/extend/request.js",
    "start": 1604911276111,
    "end": 1604911276112,
    "duration": 1,
    "pid": 10856,
    "index": 43
  },
  {
    "name": "Load extend/response.js",
    "start": 1604911276115,
    "end": 1604911276121,
    "duration": 6,
    "pid": 10856,
    "index": 44
  },
  {
    "name": "Require(38) node_modules/egg/app/extend/response.js",
    "start": 1604911276117,
    "end": 1604911276118,
    "duration": 1,
    "pid": 10856,
    "index": 45
  },
  {
    "name": "Load extend/context.js",
    "start": 1604911276121,
    "end": 1604911276182,
    "duration": 61,
    "pid": 10856,
    "index": 46
  },
  {
    "name": "Require(39) node_modules/egg-security/app/extend/context.js",
    "start": 1604911276122,
    "end": 1604911276127,
    "duration": 5,
    "pid": 10856,
    "index": 47
  },
  {
    "name": "Require(40) node_modules/egg-jsonp/app/extend/context.js",
    "start": 1604911276128,
    "end": 1604911276128,
    "duration": 0,
    "pid": 10856,
    "index": 48
  },
  {
    "name": "Require(41) node_modules/egg-i18n/app/extend/context.js",
    "start": 1604911276129,
    "end": 1604911276129,
    "duration": 0,
    "pid": 10856,
    "index": 49
  },
  {
    "name": "Require(42) node_modules/egg-multipart/app/extend/context.js",
    "start": 1604911276130,
    "end": 1604911276157,
    "duration": 27,
    "pid": 10856,
    "index": 50
  },
  {
    "name": "Require(43) node_modules/egg-view/app/extend/context.js",
    "start": 1604911276158,
    "end": 1604911276158,
    "duration": 0,
    "pid": 10856,
    "index": 51
  },
  {
    "name": "Require(44) node_modules/egg-valparams/app/extend/context.js",
    "start": 1604911276159,
    "end": 1604911276176,
    "duration": 17,
    "pid": 10856,
    "index": 52
  },
  {
    "name": "Require(45) node_modules/egg/app/extend/context.js",
    "start": 1604911276177,
    "end": 1604911276178,
    "duration": 1,
    "pid": 10856,
    "index": 53
  },
  {
    "name": "Require(46) app/extend/context.js",
    "start": 1604911276179,
    "end": 1604911276179,
    "duration": 0,
    "pid": 10856,
    "index": 54
  },
  {
    "name": "Load extend/helper.js",
    "start": 1604911276182,
    "end": 1604911276198,
    "duration": 16,
    "pid": 10856,
    "index": 55
  },
  {
    "name": "Require(47) node_modules/egg-security/app/extend/helper.js",
    "start": 1604911276182,
    "end": 1604911276192,
    "duration": 10,
    "pid": 10856,
    "index": 56
  },
  {
    "name": "Require(48) node_modules/egg/app/extend/helper.js",
    "start": 1604911276195,
    "end": 1604911276195,
    "duration": 0,
    "pid": 10856,
    "index": 57
  },
  {
    "name": "Require(49) app/extend/helper.js",
    "start": 1604911276195,
    "end": 1604911276195,
    "duration": 0,
    "pid": 10856,
    "index": 58
  },
  {
    "name": "Load app.js",
    "start": 1604911276198,
    "end": 1604911276446,
    "duration": 248,
    "pid": 10856,
    "index": 59
  },
  {
    "name": "Require(50) node_modules/egg-session/app.js",
    "start": 1604911276198,
    "end": 1604911276199,
    "duration": 1,
    "pid": 10856,
    "index": 60
  },
  {
    "name": "Require(51) node_modules/egg-security/app.js",
    "start": 1604911276199,
    "end": 1604911276200,
    "duration": 1,
    "pid": 10856,
    "index": 61
  },
  {
    "name": "Require(52) node_modules/egg-onerror/app.js",
    "start": 1604911276200,
    "end": 1604911276205,
    "duration": 5,
    "pid": 10856,
    "index": 62
  },
  {
    "name": "Require(53) node_modules/egg-i18n/app.js",
    "start": 1604911276205,
    "end": 1604911276216,
    "duration": 11,
    "pid": 10856,
    "index": 63
  },
  {
    "name": "Require(54) node_modules/egg-watcher/app.js",
    "start": 1604911276216,
    "end": 1604911276218,
    "duration": 2,
    "pid": 10856,
    "index": 64
  },
  {
    "name": "Require(55) node_modules/egg-schedule/app.js",
    "start": 1604911276219,
    "end": 1604911276220,
    "duration": 1,
    "pid": 10856,
    "index": 65
  },
  {
    "name": "Require(56) node_modules/egg-multipart/app.js",
    "start": 1604911276220,
    "end": 1604911276220,
    "duration": 0,
    "pid": 10856,
    "index": 66
  },
  {
    "name": "Require(57) node_modules/egg-development/app.js",
    "start": 1604911276220,
    "end": 1604911276221,
    "duration": 1,
    "pid": 10856,
    "index": 67
  },
  {
    "name": "Require(58) node_modules/egg-logrotator/app.js",
    "start": 1604911276221,
    "end": 1604911276221,
    "duration": 0,
    "pid": 10856,
    "index": 68
  },
  {
    "name": "Require(59) node_modules/egg-static/app.js",
    "start": 1604911276221,
    "end": 1604911276221,
    "duration": 0,
    "pid": 10856,
    "index": 69
  },
  {
    "name": "Require(60) node_modules/egg-cors/app.js",
    "start": 1604911276222,
    "end": 1604911276222,
    "duration": 0,
    "pid": 10856,
    "index": 70
  },
  {
    "name": "Require(61) node_modules/egg-sequelize/app.js",
    "start": 1604911276222,
    "end": 1604911276222,
    "duration": 0,
    "pid": 10856,
    "index": 71
  },
  {
    "name": "Require(62) node_modules/egg-valparams/app.js",
    "start": 1604911276222,
    "end": 1604911276378,
    "duration": 156,
    "pid": 10856,
    "index": 72
  },
  {
    "name": "Require(63) node_modules/egg-jwt/app.js",
    "start": 1604911276378,
    "end": 1604911276378,
    "duration": 0,
    "pid": 10856,
    "index": 73
  },
  {
    "name": "Require(64) node_modules/egg-redis/app.js",
    "start": 1604911276379,
    "end": 1604911276379,
    "duration": 0,
    "pid": 10856,
    "index": 74
  },
  {
    "name": "Require(65) node_modules/egg-socket.io/app.js",
    "start": 1604911276380,
    "end": 1604911276417,
    "duration": 37,
    "pid": 10856,
    "index": 75
  },
  {
    "name": "Require(66) node_modules/egg-view-nunjucks/app.js",
    "start": 1604911276417,
    "end": 1604911276417,
    "duration": 0,
    "pid": 10856,
    "index": 76
  },
  {
    "name": "Require(67) node_modules/egg-tenpay/app.js",
    "start": 1604911276417,
    "end": 1604911276446,
    "duration": 29,
    "pid": 10856,
    "index": 77
  },
  {
    "name": "Before Start in node_modules/egg-watcher/lib/init.js:15:14",
    "start": 1604911276455,
    "end": 1604911276846,
    "duration": 391,
    "pid": 10856,
    "index": 78
  },
  {
    "name": "Load \"Symbol(model)\" to Application",
    "start": 1604911276580,
    "end": 1604911276599,
    "duration": 19,
    "pid": 10856,
    "index": 79
  },
  {
    "name": "Before Start in node_modules/egg-sequelize/lib/loader.js:39:7",
    "start": 1604911276604,
    "end": 1604911276855,
    "duration": 251,
    "pid": 10856,
    "index": 80
  },
  {
    "name": "Before Start in node_modules/egg-redis/lib/redis.js:53:7",
    "start": 1604911276634,
    "end": 1604911276830,
    "duration": 196,
    "pid": 10856,
    "index": 81
  },
  {
    "name": "Load Controller",
    "start": 1604911276642,
    "end": 1604911276794,
    "duration": 152,
    "pid": 10856,
    "index": 82
  },
  {
    "name": "Load \"controller\" to Application",
    "start": 1604911276642,
    "end": 1604911276794,
    "duration": 152,
    "pid": 10856,
    "index": 83
  },
  {
    "name": "Before Start in node_modules/egg-socket.io/lib/io.js:26:7",
    "start": 1604911276650,
    "end": 1604911276822,
    "duration": 172,
    "pid": 10856,
    "index": 84
  },
  {
    "name": "Did Load in node_modules/egg-tenpay/app.js:didLoad",
    "start": 1604911276653,
    "end": 1604911276822,
    "duration": 169,
    "pid": 10856,
    "index": 85
  },
  {
    "name": "Load Service",
    "start": 1604911276653,
    "end": 1604911276733,
    "duration": 80,
    "pid": 10856,
    "index": 86
  },
  {
    "name": "Load \"service\" to Context",
    "start": 1604911276654,
    "end": 1604911276733,
    "duration": 79,
    "pid": 10856,
    "index": 87
  },
  {
    "name": "Load Middleware",
    "start": 1604911276733,
    "end": 1604911276794,
    "duration": 61,
    "pid": 10856,
    "index": 88
  },
  {
    "name": "Load \"middlewares\" to Application",
    "start": 1604911276733,
    "end": 1604911276784,
    "duration": 51,
    "pid": 10856,
    "index": 89
  },
  {
    "name": "Load Controller",
    "start": 1604911276794,
    "end": 1604911276806,
    "duration": 12,
    "pid": 10856,
    "index": 90
  },
  {
    "name": "Load \"controller\" to Application",
    "start": 1604911276794,
    "end": 1604911276806,
    "duration": 12,
    "pid": 10856,
    "index": 91
  },
  {
    "name": "Load Router",
    "start": 1604911276806,
    "end": 1604911276809,
    "duration": 3,
    "pid": 10856,
    "index": 92
  },
  {
    "name": "Require(68) app/router.js",
    "start": 1604911276807,
    "end": 1604911276807,
    "duration": 0,
    "pid": 10856,
    "index": 93
  },
  {
    "name": "Before Start in node_modules/egg-core/lib/egg.js:303:10",
    "start": 1604911276807,
    "end": 1604911276822,
    "duration": 15,
    "pid": 10856,
    "index": 94
  }
]